# This file is brought to you by Roblox Corporation
# Generated by Roblox Studio

mtllib MakFloor2.mtl

g Union111

v 128 20.9999 710.5 
v 128 0.999872 709.5 
v 128 20.9999 709.5 
v 128 0.999872 710.5 
v 128 -0.000127792 710.5 
v 128 -0.000127792 709.5 
v 87 20.9999 710.5 
v 87 -0.000127792 709.5 
v 98 20.9999 709.5 
v 97 20.9999 710.5 
v 107 20.9999 709.5 
v 117 20.9999 709.5 
v 97 9.99987 709.5 
v 97 9.99987 710.5 
v 97 8.99987 710.5 
v 97 1.99987 710.5 
v 97 1.99987 709.5 
v 118 1.99987 710.5 
v 118 1.99987 709.5 
v 118 8.99987 710.5 
v 118 8.99987 709.5 
v 118 20.9999 710.5 
v 118 9.99987 710.5 
v 118 9.99987 709.5 
v 118 20.9999 709.5 
v 98 9.99987 710.5 
v 107 9.99987 710.5 
v 127 9.99987 709.5 
v 127 8.99987 710.5 
v 108 1.99987 710.5 
v 98 0.999872 710.5 
v 88 1.99987 710.5 
v 117 0.999872 709.5 
v 108 8.99987 709.5 
v 108 0.999872 709.5 
v 108 1.99987 709.5 
v 88 8.99987 709.5 
v 108 8.99987 710.5 
v 108 1.99987 710.5 
v 108 1.99987 709.5 
v 108 8.99987 709.5 
v 108 9.99987 710.5 
v 108 9.99987 709.5 
v 108 20.9999 710.5 
v 108 20.9999 709.5 
v 98 20.9999 709.5 
v 98 20.9999 710.5 
v 98 9.99987 709.5 
v 98 9.99987 710.5 
v 98 8.99987 709.5 
v 98 8.99987 710.5 
v 98 1.99987 709.5 
v 98 1.99987 710.5 
v 88 8.99987 709.5 
v 88 8.99987 710.5 
v 88 1.99987 709.5 
v 88 1.99987 710.5 
v 88 20.9999 709.5 
v 88 20.9999 710.5 
v 88 9.99987 709.5 
v 88 9.99987 710.5 
v 128 0.999872 710.5 
v 128 -0.000127792 710.5 
v 87 0.999872 709.5 
v 127 20.9999 710.5 
v 128 20.9999 710.5 
v 127 20.9999 709.5 
v 128 20.9999 709.5 
v 87 20.9999 709.5 
v 88 20.9999 710.5 
v 88 20.9999 709.5 
v 87 20.9999 710.5 
v 97 20.9999 709.5 
v 98 20.9999 710.5 
v 98 20.9999 709.5 
v 97 20.9999 710.5 
v 108 20.9999 709.5 
v 107 20.9999 709.5 
v 108 20.9999 710.5 
v 107 20.9999 710.5 
v 117 20.9999 709.5 
v 118 20.9999 710.5 
v 118 20.9999 709.5 
v 117 20.9999 710.5 
v 97 9.99987 710.5 
v 97 1.99987 710.5 
v 97 1.99987 709.5 
v 118 1.99987 710.5 
v 118 1.99987 709.5 
v 118 8.99987 709.5 
v 118 9.99987 710.5 
v 98 9.99987 709.5 
v 98 9.99987 710.5 
v 107 9.99987 710.5 
v 107 9.99987 709.5 
v 118 9.99987 710.5 
v 127 9.99987 710.5 
v 118 9.99987 709.5 
v 127 9.99987 709.5 
v 88 9.99987 710.5 
v 97 9.99987 710.5 
v 88 9.99987 709.5 
v 97 9.99987 709.5 
v 108 9.99987 710.5 
v 117 9.99987 710.5 
v 108 9.99987 709.5 
v 117 9.99987 709.5 
v 127 8.99987 710.5 
v 108 1.99987 710.5 
v 107 1.99987 710.5 
v 98 1.99987 710.5 
v 98 0.999872 710.5 
v 88 1.99987 710.5 
v 127 1.99987 709.5 
v 117 0.999872 709.5 
v 108 8.99987 709.5 
v 108 0.999872 709.5 
v 108 1.99987 709.5 
v 88 8.99987 709.5 
v 118 1.99987 710.5 
v 127 1.99987 710.5 
v 118 1.99987 709.5 
v 127 1.99987 709.5 
v 107 1.99987 710.5 
v 98 1.99987 709.5 
v 98 1.99987 710.5 
v 107 1.99987 709.5 
v 97 1.99987 710.5 
v 88 1.99987 709.5 
v 88 1.99987 710.5 
v 97 1.99987 709.5 
v 108 1.99987 709.5 
v 117 1.99987 710.5 
v 117 1.99987 709.5 
v 108 1.99987 710.5 
v 128 20.9999 709.5 
v 128 0.999872 710.5 
v 128 -0.000127792 710.5 
v 87 0.999872 709.5 
v 87 20.9999 710.5 
v 87 -0.000127792 709.5 
v 97 20.9999 710.5 
v 97 9.99987 709.5 
v 97 9.99987 710.5 
v 97 8.99987 710.5 
v 97 1.99987 710.5 
v 118 1.99987 710.5 
v 98 9.99987 710.5 
v 127 9.99987 710.5 
v 127 9.99987 709.5 
v 88 9.99987 710.5 
v 128 0.999872 710.5 
v 127 9.99987 710.5 
v 127 8.99987 710.5 
v 127 20.9999 710.5 
v 128 20.9999 710.5 
v 118 9.99987 710.5 
v 127 1.99987 710.5 
v 118 8.99987 710.5 
v 128 -0.000127792 710.5 
v 117 20.9999 710.5 
v 118 20.9999 710.5 
v 118 1.99987 710.5 
v 117 9.99987 710.5 
v 117 8.99987 710.5 
v 108 9.99987 710.5 
v 117 1.99987 710.5 
v 108 8.99987 710.5 
v 107 20.9999 710.5 
v 108 20.9999 710.5 
v 108 1.99987 710.5 
v 108 0.999872 710.5 
v 107 9.99987 710.5 
v 107 8.99987 710.5 
v 98 9.99987 710.5 
v 107 1.99987 710.5 
v 98 8.99987 710.5 
v 107 0.999872 710.5 
v 98 1.99987 710.5 
v 97 20.9999 710.5 
v 98 20.9999 710.5 
v 98 0.999872 710.5 
v 97 9.99987 710.5 
v 97 8.99987 710.5 
v 88 9.99987 710.5 
v 97 1.99987 710.5 
v 88 8.99987 710.5 
v 87 20.9999 710.5 
v 88 20.9999 710.5 
v 88 1.99987 710.5 
v 87 0.999872 710.5 
v 87 -0.000127792 710.5 
v 97 0.999872 710.5 
v 128 20.9999 709.5 
v 128 -0.000127792 710.5 
v 87 0.999872 709.5 
v 87 0.999872 710.5 
v 87 20.9999 709.5 
v 87 20.9999 710.5 
v 87 -0.000127792 709.5 
v 87 -0.000127792 710.5 
v 98 20.9999 709.5 
v 97 20.9999 710.5 
v 107 20.9999 709.5 
v 117 20.9999 709.5 
v 97 9.99987 709.5 
v 97 9.99987 710.5 
v 97 20.9999 709.5 
v 97 20.9999 710.5 
v 97 8.99987 710.5 
v 97 8.99987 709.5 
v 97 1.99987 710.5 
v 97 1.99987 709.5 
v 118 1.99987 710.5 
v 118 1.99987 709.5 
v 118 8.99987 710.5 
v 118 8.99987 709.5 
v 118 9.99987 710.5 
v 107 9.99987 710.5 
v 88 9.99987 710.5 
v 127 8.99987 710.5 
v 108 1.99987 710.5 
v 98 1.99987 710.5 
v 98 0.999872 710.5 
v 127 1.99987 709.5 
v 117 0.999872 709.5 
v 108 8.99987 709.5 
v 108 0.999872 709.5 
v 108 1.99987 709.5 
v 88 8.99987 709.5 
v 107 8.99987 710.5 
v 107 8.99987 709.5 
v 107 1.99987 710.5 
v 107 1.99987 709.5 
v 107 20.9999 710.5 
v 107 20.9999 709.5 
v 107 9.99987 710.5 
v 107 9.99987 709.5 
v 117 8.99987 709.5 
v 117 1.99987 709.5 
v 117 1.99987 710.5 
v 117 8.99987 710.5 
v 117 9.99987 709.5 
v 117 9.99987 710.5 
v 117 20.9999 709.5 
v 117 20.9999 710.5 
v 127 20.9999 710.5 
v 127 20.9999 709.5 
v 127 9.99987 710.5 
v 127 9.99987 709.5 
v 127 8.99987 710.5 
v 127 8.99987 709.5 
v 127 1.99987 710.5 
v 127 1.99987 709.5 
v 97 9.99987 710.5 
v 97 8.99987 710.5 
v 97 1.99987 709.5 
v 118 1.99987 710.5 
v 118 8.99987 709.5 
v 118 9.99987 710.5 
v 87 -0.000127792 709.5 
v 128 -0.000127792 709.5 
v 87 -0.000127792 710.5 
v 128 -0.000127792 710.5 
v 107 9.99987 710.5 
v 127 9.99987 709.5 
v 88 9.99987 710.5 
v 127 8.99987 710.5 
v 108 1.99987 710.5 
v 108 8.99987 709.5 
v 108 0.999872 709.5 
v 88 8.99987 709.5 
v 97 8.99987 710.5 
v 88 8.99987 710.5 
v 97 8.99987 709.5 
v 88 8.99987 709.5 
v 127 8.99987 709.5 
v 127 8.99987 710.5 
v 118 8.99987 710.5 
v 118 8.99987 709.5 
v 98 8.99987 710.5 
v 98 8.99987 709.5 
v 107 8.99987 709.5 
v 107 8.99987 710.5 
v 117 8.99987 709.5 
v 117 8.99987 710.5 
v 108 8.99987 710.5 
v 108 8.99987 709.5 
v 128 20.9999 709.5 
v 128 0.999872 710.5 
v 128 -0.000127792 710.5 
v 87 0.999872 709.5 
v 87 20.9999 710.5 
v 87 -0.000127792 709.5 
v 98 20.9999 709.5 
v 97 9.99987 710.5 
v 97 8.99987 710.5 
v 97 1.99987 710.5 
v 97 1.99987 709.5 
v 118 1.99987 709.5 
v 98 9.99987 710.5 
v 107 9.99987 710.5 
v 127 9.99987 710.5 
v 88 9.99987 710.5 
v 98 1.99987 710.5 
v 88 1.99987 710.5 
v 127 8.99987 709.5 
v 128 20.9999 709.5 
v 127 1.99987 709.5 
v 128 0.999872 709.5 
v 127 9.99987 709.5 
v 127 20.9999 709.5 
v 118 8.99987 709.5 
v 118 9.99987 709.5 
v 128 -0.000127792 709.5 
v 117 0.999872 709.5 
v 118 0.999872 709.5 
v 118 1.99987 709.5 
v 87 -0.000127792 709.5 
v 118 20.9999 709.5 
v 117 1.99987 709.5 
v 117 8.99987 709.5 
v 117 9.99987 709.5 
v 117 20.9999 709.5 
v 108 8.99987 709.5 
v 108 9.99987 709.5 
v 108 0.999872 709.5 
v 108 1.99987 709.5 
v 107 0.999872 709.5 
v 108 20.9999 709.5 
v 98 1.99987 709.5 
v 107 1.99987 709.5 
v 107 8.99987 709.5 
v 107 9.99987 709.5 
v 107 20.9999 709.5 
v 98 8.99987 709.5 
v 98 9.99987 709.5 
v 97 1.99987 709.5 
v 98 20.9999 709.5 
v 88 1.99987 709.5 
v 97 8.99987 709.5 
v 87 0.999872 709.5 
v 97 9.99987 709.5 
v 97 20.9999 709.5 
v 88 8.99987 709.5 
v 88 9.99987 709.5 
v 88 20.9999 709.5 
v 87 20.9999 709.5 

vn 1 0 0 
vn 1 0 0 
vn 1 0 0 
vn 1 0 0 
vn 1 0 0 
vn 1 0 0 
vn -1 0 0 
vn -1 0 0 
vn 0 1 0 
vn 0 1 0 
vn 0 1 0 
vn 0 1 0 
vn -1 0 0 
vn -1 0 0 
vn -1 0 0 
vn -1 0 0 
vn -1 0 0 
vn 1 0 0 
vn 1 0 0 
vn 1 0 0 
vn 1 0 0 
vn 1 0 0 
vn 1 0 0 
vn 1 0 0 
vn 1 0 0 
vn 0 1 0 
vn 0 1 0 
vn 0 1 0 
vn 0 0 1 
vn 0 0 1 
vn 0 0 1 
vn 0 0 1 
vn 0 0 -1 
vn 0 0 -1 
vn 0 0 -1 
vn 0 0 -1 
vn 0 0 -1 
vn 1 0 0 
vn 1 0 0 
vn 1 0 0 
vn 1 0 0 
vn 1 0 0 
vn 1 0 0 
vn 1 0 0 
vn 1 0 0 
vn 1 0 0 
vn 1 0 0 
vn 1 0 0 
vn 1 0 0 
vn 1 0 0 
vn 1 0 0 
vn 1 0 0 
vn 1 0 0 
vn 1 0 0 
vn 1 0 0 
vn 1 0 0 
vn 1 0 0 
vn 1 0 0 
vn 1 0 0 
vn 1 0 0 
vn 1 0 0 
vn 1 0 0 
vn 1 0 0 
vn -1 0 0 
vn 0 1 0 
vn 0 1 0 
vn 0 1 0 
vn 0 1 0 
vn 0 1 0 
vn 0 1 0 
vn 0 1 0 
vn 0 1 0 
vn 0 1 0 
vn 0 1 0 
vn 0 1 0 
vn 0 1 0 
vn 0 1 0 
vn 0 1 0 
vn 0 1 0 
vn 0 1 0 
vn 0 1 0 
vn 0 1 0 
vn 0 1 0 
vn 0 1 0 
vn -1 0 0 
vn -1 0 0 
vn -1 0 0 
vn 1 0 0 
vn 1 0 0 
vn 1 0 0 
vn 1 0 0 
vn 0 1 0 
vn 0 1 0 
vn 0 1 0 
vn 0 1 0 
vn 0 1 0 
vn 0 1 0 
vn 0 1 0 
vn 0 1 0 
vn 0 1 0 
vn 0 1 0 
vn 0 1 0 
vn 0 1 0 
vn 0 1 0 
vn 0 1 0 
vn 0 1 0 
vn 0 1 0 
vn 0 0 1 
vn 0 0 1 
vn 0 0 1 
vn 0 0 1 
vn 0 0 1 
vn 0 0 1 
vn 0 0 -1 
vn 0 0 -1 
vn 0 0 -1 
vn 0 0 -1 
vn 0 0 -1 
vn 0 0 -1 
vn 0 1 0 
vn 0 1 0 
vn 0 1 0 
vn 0 1 0 
vn 0 1 0 
vn 0 1 0 
vn 0 1 0 
vn 0 1 0 
vn 0 1 0 
vn 0 1 0 
vn 0 1 0 
vn 0 1 0 
vn 0 1 0 
vn 0 1 0 
vn 0 1 0 
vn 0 1 0 
vn 1 0 0 
vn 1 0 0 
vn 1 0 0 
vn -1 0 0 
vn -1 0 0 
vn -1 0 0 
vn 0 1 0 
vn -1 0 0 
vn -1 0 0 
vn -1 0 0 
vn -1 0 0 
vn 1 0 0 
vn 0 1 0 
vn 0 1 0 
vn 0 1 0 
vn 0 1 0 
vn 0 0 1 
vn 0 0 1 
vn 0 0 1 
vn 0 0 1 
vn 0 0 1 
vn 0 0 1 
vn 0 0 1 
vn 0 0 1 
vn 0 0 1 
vn 0 0 1 
vn 0 0 1 
vn 0 0 1 
vn 0 0 1 
vn 0 0 1 
vn 0 0 1 
vn 0 0 1 
vn 0 0 1 
vn 0 0 1 
vn 0 0 1 
vn 0 0 1 
vn 0 0 1 
vn 0 0 1 
vn 0 0 1 
vn 0 0 1 
vn 0 0 1 
vn 0 0 1 
vn 0 0 1 
vn 0 0 1 
vn 0 0 1 
vn 0 0 1 
vn 0 0 1 
vn 0 0 1 
vn 0 0 1 
vn 0 0 1 
vn 0 0 1 
vn 0 0 1 
vn 0 0 1 
vn 0 0 1 
vn 0 0 1 
vn 0 0 1 
vn 0 0 1 
vn 0 0 1 
vn 1 0 0 
vn 1 0 0 
vn -1 0 0 
vn -1 0 0 
vn -1 0 0 
vn -1 0 0 
vn -1 0 0 
vn -1 0 0 
vn 0 1 0 
vn 0 1 0 
vn 0 1 0 
vn 0 1 0 
vn -1 0 0 
vn -1 0 0 
vn -1 0 0 
vn -1 0 0 
vn -1 0 0 
vn -1 0 0 
vn -1 0 0 
vn -1 0 0 
vn 1 0 0 
vn 1 0 0 
vn 1 0 0 
vn 1 0 0 
vn 1 0 0 
vn 0 1 0 
vn 0 1 0 
vn 0 0 1 
vn 0 0 1 
vn 0 0 1 
vn 0 0 1 
vn 0 0 -1 
vn 0 0 -1 
vn 0 0 -1 
vn 0 0 -1 
vn 0 0 -1 
vn 0 0 -1 
vn -1 0 0 
vn -1 0 0 
vn -1 0 0 
vn -1 0 0 
vn -1 0 0 
vn -1 0 0 
vn -1 0 0 
vn -1 0 0 
vn -1 0 0 
vn -1 0 0 
vn -1 0 0 
vn -1 0 0 
vn -1 0 0 
vn -1 0 0 
vn -1 0 0 
vn -1 0 0 
vn -1 0 0 
vn -1 0 0 
vn -1 0 0 
vn -1 0 0 
vn -1 0 0 
vn -1 0 0 
vn -1 0 0 
vn -1 0 0 
vn -1 0 0 
vn -1 0 0 
vn -1 0 0 
vn 1 0 0 
vn 1 0 0 
vn 1 0 0 
vn 0 -1 0 
vn 0 -1 0 
vn 0 -1 0 
vn 0 -1 0 
vn 0 1 0 
vn 0 1 0 
vn 0 1 0 
vn 0 0 1 
vn 0 0 1 
vn 0 0 -1 
vn 0 0 -1 
vn 0 0 -1 
vn 0 -1 0 
vn 0 -1 0 
vn 0 -1 0 
vn 0 -1 0 
vn 0 -1 0 
vn 0 -1 0 
vn 0 -1 0 
vn 0 -1 0 
vn 0 -1 0 
vn 0 -1 0 
vn 0 -1 0 
vn 0 -1 0 
vn 0 -1 0 
vn 0 -1 0 
vn 0 -1 0 
vn 0 -1 0 
vn 1 0 0 
vn 1 0 0 
vn 1 0 0 
vn -1 0 0 
vn -1 0 0 
vn -1 0 0 
vn 0 1 0 
vn -1 0 0 
vn -1 0 0 
vn -1 0 0 
vn -1 0 0 
vn 1 0 0 
vn 0 1 0 
vn 0 1 0 
vn 0 1 0 
vn 0 1 0 
vn 0 0 1 
vn 0 0 1 
vn 0 0 -1 
vn 0 0 -1 
vn 0 0 -1 
vn 0 0 -1 
vn 0 0 -1 
vn 0 0 -1 
vn 0 0 -1 
vn 0 0 -1 
vn 0 0 -1 
vn 0 0 -1 
vn 0 0 -1 
vn 0 0 -1 
vn 0 0 -1 
vn 0 0 -1 
vn 0 0 -1 
vn 0 0 -1 
vn 0 0 -1 
vn 0 0 -1 
vn 0 0 -1 
vn 0 0 -1 
vn 0 0 -1 
vn 0 0 -1 
vn 0 0 -1 
vn 0 0 -1 
vn 0 0 -1 
vn 0 0 -1 
vn 0 0 -1 
vn 0 0 -1 
vn 0 0 -1 
vn 0 0 -1 
vn 0 0 -1 
vn 0 0 -1 
vn 0 0 -1 
vn 0 0 -1 
vn 0 0 -1 
vn 0 0 -1 
vn 0 0 -1 
vn 0 0 -1 
vn 0 0 -1 
vn 0 0 -1 
vn 0 0 -1 
vn 0 0 -1 

vt 23.9375 -57.6875 
vt 24.0625 -60.1875 
vt 24.0625 -57.6875 
vt 23.9375 -60.1875 
vt 23.9375 -60.3125 
vt 24.0625 -60.3125 
vt 23.9375 -57.6875 
vt 24.0625 -60.3125 
vt 24.0625 -57.6875 
vt 23.9375 -57.6875 
vt 24.0625 -57.6875 
vt 24.0625 -57.6875 
vt 24.0625 -59.0625 
vt 23.9375 -59.0625 
vt 23.9375 -59.1875 
vt 23.9375 -60.0625 
vt 24.0625 -60.0625 
vt 23.9375 -60.0625 
vt 24.0625 -60.0625 
vt 23.9375 -59.1875 
vt 24.0625 -59.1875 
vt 23.9375 -57.6875 
vt 23.9375 -59.0625 
vt 24.0625 -59.0625 
vt 24.0625 -57.6875 
vt 23.9375 -59.0625 
vt 23.9375 -59.0625 
vt 24.0625 -59.0625 
vt 23.9375 -59.1875 
vt 23.9375 -60.0625 
vt 23.9375 -60.1875 
vt 23.9375 -60.0625 
vt 24.0625 -60.1875 
vt 24.0625 -59.1875 
vt 24.0625 -60.1875 
vt 24.0625 -60.0625 
vt 24.0625 -59.1875 
vt 23.9375 -59.1875 
vt 23.9375 -60.0625 
vt 24.0625 -60.0625 
vt 24.0625 -59.1875 
vt 23.9375 -59.0625 
vt 24.0625 -59.0625 
vt 23.9375 -57.6875 
vt 24.0625 -57.6875 
vt 24.0625 -57.6875 
vt 23.9375 -57.6875 
vt 24.0625 -59.0625 
vt 23.9375 -59.0625 
vt 24.0625 -59.1875 
vt 23.9375 -59.1875 
vt 24.0625 -60.0625 
vt 23.9375 -60.0625 
vt 24.0625 -59.1875 
vt 23.9375 -59.1875 
vt 24.0625 -60.0625 
vt 23.9375 -60.0625 
vt 24.0625 -57.6875 
vt 23.9375 -57.6875 
vt 24.0625 -59.0625 
vt 23.9375 -59.0625 
vt 21.4375 -58.9375 
vt 21.4375 -58.9375 
vt 26.5625 -59.0625 
vt 21.5625 -58.9375 
vt 21.4375 -58.9375 
vt 21.5625 -59.0625 
vt 21.4375 -59.0625 
vt 26.5625 -59.0625 
vt 26.4375 -58.9375 
vt 26.4375 -59.0625 
vt 26.5625 -58.9375 
vt 25.3125 -59.0625 
vt 25.1875 -58.9375 
vt 25.1875 -59.0625 
vt 25.3125 -58.9375 
vt 23.9375 -59.0625 
vt 24.0625 -59.0625 
vt 23.9375 -58.9375 
vt 24.0625 -58.9375 
vt 22.8125 -59.0625 
vt 22.6875 -58.9375 
vt 22.6875 -59.0625 
vt 22.8125 -58.9375 
vt 25.3125 -58.9375 
vt 25.3125 -58.9375 
vt 25.3125 -59.0625 
vt 22.6875 -58.9375 
vt 22.6875 -59.0625 
vt 22.6875 -59.0625 
vt 22.6875 -58.9375 
vt 25.1875 -59.0625 
vt 25.1875 -58.9375 
vt 24.0625 -58.9375 
vt 24.0625 -59.0625 
vt 22.6875 -58.9375 
vt 21.5625 -58.9375 
vt 22.6875 -59.0625 
vt 21.5625 -59.0625 
vt 26.4375 -58.9375 
vt 25.3125 -58.9375 
vt 26.4375 -59.0625 
vt 25.3125 -59.0625 
vt 23.9375 -58.9375 
vt 22.8125 -58.9375 
vt 23.9375 -59.0625 
vt 22.8125 -59.0625 
vt 21.5625 -58.9375 
vt 23.9375 -58.9375 
vt 24.0625 -58.9375 
vt 25.1875 -58.9375 
vt 25.1875 -58.9375 
vt 26.4375 -58.9375 
vt 21.5625 -59.0625 
vt 22.8125 -59.0625 
vt 23.9375 -59.0625 
vt 23.9375 -59.0625 
vt 23.9375 -59.0625 
vt 26.4375 -59.0625 
vt 22.6875 -58.9375 
vt 21.5625 -58.9375 
vt 22.6875 -59.0625 
vt 21.5625 -59.0625 
vt 24.0625 -58.9375 
vt 25.1875 -59.0625 
vt 25.1875 -58.9375 
vt 24.0625 -59.0625 
vt 25.3125 -58.9375 
vt 26.4375 -59.0625 
vt 26.4375 -58.9375 
vt 25.3125 -59.0625 
vt 23.9375 -59.0625 
vt 22.8125 -58.9375 
vt 22.8125 -59.0625 
vt 23.9375 -58.9375 
vt 26.5625 -57.6875 
vt 26.5625 -60.1875 
vt 26.5625 -60.3125 
vt 21.4375 -60.1875 
vt 21.4375 -57.6875 
vt 21.4375 -60.3125 
vt 22.6875 -57.6875 
vt 22.6875 -59.0625 
vt 22.6875 -59.0625 
vt 22.6875 -59.1875 
vt 22.6875 -60.0625 
vt 25.3125 -60.0625 
vt 22.8125 -59.0625 
vt 26.4375 -59.0625 
vt 26.4375 -59.0625 
vt 21.5625 -59.0625 
vt 26.5625 -60.1875 
vt 26.4375 -59.0625 
vt 26.4375 -59.1875 
vt 26.4375 -57.6875 
vt 26.5625 -57.6875 
vt 25.3125 -59.0625 
vt 26.4375 -60.0625 
vt 25.3125 -59.1875 
vt 26.5625 -60.3125 
vt 25.1875 -57.6875 
vt 25.3125 -57.6875 
vt 25.3125 -60.0625 
vt 25.1875 -59.0625 
vt 25.1875 -59.1875 
vt 24.0625 -59.0625 
vt 25.1875 -60.0625 
vt 24.0625 -59.1875 
vt 23.9375 -57.6875 
vt 24.0625 -57.6875 
vt 24.0625 -60.0625 
vt 24.0625 -60.1875 
vt 23.9375 -59.0625 
vt 23.9375 -59.1875 
vt 22.8125 -59.0625 
vt 23.9375 -60.0625 
vt 22.8125 -59.1875 
vt 23.9375 -60.1875 
vt 22.8125 -60.0625 
vt 22.6875 -57.6875 
vt 22.8125 -57.6875 
vt 22.8125 -60.1875 
vt 22.6875 -59.0625 
vt 22.6875 -59.1875 
vt 21.5625 -59.0625 
vt 22.6875 -60.0625 
vt 21.5625 -59.1875 
vt 21.4375 -57.6875 
vt 21.5625 -57.6875 
vt 21.5625 -60.0625 
vt 21.4375 -60.1875 
vt 21.4375 -60.3125 
vt 22.6875 -60.1875 
vt 23.9375 -57.6875 
vt 24.0625 -60.3125 
vt 23.9375 -60.1875 
vt 24.0625 -60.1875 
vt 23.9375 -57.6875 
vt 24.0625 -57.6875 
vt 23.9375 -60.3125 
vt 24.0625 -60.3125 
vt 23.9375 -57.6875 
vt 24.0625 -57.6875 
vt 23.9375 -57.6875 
vt 23.9375 -57.6875 
vt 23.9375 -59.0625 
vt 24.0625 -59.0625 
vt 23.9375 -57.6875 
vt 24.0625 -57.6875 
vt 24.0625 -59.1875 
vt 23.9375 -59.1875 
vt 24.0625 -60.0625 
vt 23.9375 -60.0625 
vt 24.0625 -60.0625 
vt 23.9375 -60.0625 
vt 24.0625 -59.1875 
vt 23.9375 -59.1875 
vt 24.0625 -59.0625 
vt 24.0625 -59.0625 
vt 24.0625 -59.0625 
vt 24.0625 -59.1875 
vt 24.0625 -60.0625 
vt 24.0625 -60.0625 
vt 24.0625 -60.1875 
vt 23.9375 -60.0625 
vt 23.9375 -60.1875 
vt 23.9375 -59.1875 
vt 23.9375 -60.1875 
vt 23.9375 -60.0625 
vt 23.9375 -59.1875 
vt 24.0625 -59.1875 
vt 23.9375 -59.1875 
vt 24.0625 -60.0625 
vt 23.9375 -60.0625 
vt 24.0625 -57.6875 
vt 23.9375 -57.6875 
vt 24.0625 -59.0625 
vt 23.9375 -59.0625 
vt 23.9375 -59.1875 
vt 23.9375 -60.0625 
vt 24.0625 -60.0625 
vt 24.0625 -59.1875 
vt 23.9375 -59.0625 
vt 24.0625 -59.0625 
vt 23.9375 -57.6875 
vt 24.0625 -57.6875 
vt 24.0625 -57.6875 
vt 23.9375 -57.6875 
vt 24.0625 -59.0625 
vt 23.9375 -59.0625 
vt 24.0625 -59.1875 
vt 23.9375 -59.1875 
vt 24.0625 -60.0625 
vt 23.9375 -60.0625 
vt 22.6875 -58.9375 
vt 22.6875 -58.9375 
vt 22.6875 -59.0625 
vt 25.3125 -58.9375 
vt 25.3125 -59.0625 
vt 25.3125 -58.9375 
vt 21.4375 -59.0625 
vt 26.5625 -59.0625 
vt 21.4375 -58.9375 
vt 26.5625 -58.9375 
vt 23.9375 -58.9375 
vt 26.4375 -59.0625 
vt 21.5625 -58.9375 
vt 26.4375 -58.9375 
vt 24.0625 -58.9375 
vt 24.0625 -59.0625 
vt 24.0625 -59.0625 
vt 21.5625 -59.0625 
vt 22.6875 -58.9375 
vt 21.5625 -58.9375 
vt 22.6875 -59.0625 
vt 21.5625 -59.0625 
vt 26.4375 -59.0625 
vt 26.4375 -58.9375 
vt 25.3125 -58.9375 
vt 25.3125 -59.0625 
vt 22.8125 -58.9375 
vt 22.8125 -59.0625 
vt 23.9375 -59.0625 
vt 23.9375 -58.9375 
vt 25.1875 -59.0625 
vt 25.1875 -58.9375 
vt 24.0625 -58.9375 
vt 24.0625 -59.0625 
vt 21.4375 -57.6875 
vt 21.4375 -60.1875 
vt 21.4375 -60.3125 
vt 26.5625 -60.1875 
vt 26.5625 -57.6875 
vt 26.5625 -60.3125 
vt 25.1875 -57.6875 
vt 25.3125 -59.0625 
vt 25.3125 -59.1875 
vt 25.3125 -60.0625 
vt 25.3125 -60.0625 
vt 22.6875 -60.0625 
vt 25.1875 -59.0625 
vt 24.0625 -59.0625 
vt 21.5625 -59.0625 
vt 26.4375 -59.0625 
vt 25.1875 -60.0625 
vt 26.4375 -60.0625 
vt 21.5625 -59.1875 
vt 21.4375 -57.6875 
vt 21.5625 -60.0625 
vt 21.4375 -60.1875 
vt 21.5625 -59.0625 
vt 21.5625 -57.6875 
vt 22.6875 -59.1875 
vt 22.6875 -59.0625 
vt 21.4375 -60.3125 
vt 22.8125 -60.1875 
vt 22.6875 -60.1875 
vt 22.6875 -60.0625 
vt 26.5625 -60.3125 
vt 22.6875 -57.6875 
vt 22.8125 -60.0625 
vt 22.8125 -59.1875 
vt 22.8125 -59.0625 
vt 22.8125 -57.6875 
vt 23.9375 -59.1875 
vt 23.9375 -59.0625 
vt 23.9375 -60.1875 
vt 23.9375 -60.0625 
vt 24.0625 -60.1875 
vt 23.9375 -57.6875 
vt 25.1875 -60.0625 
vt 24.0625 -60.0625 
vt 24.0625 -59.1875 
vt 24.0625 -59.0625 
vt 24.0625 -57.6875 
vt 25.1875 -59.1875 
vt 25.1875 -59.0625 
vt 25.3125 -60.0625 
vt 25.1875 -57.6875 
vt 26.4375 -60.0625 
vt 25.3125 -59.1875 
vt 26.5625 -60.1875 
vt 25.3125 -59.0625 
vt 25.3125 -57.6875 
vt 26.4375 -59.1875 
vt 26.4375 -59.0625 
vt 26.4375 -57.6875 
vt 26.5625 -57.6875 

usemtl Union111Mtl

f 1/1/1 2/2/2 3/3/3 
f 2/2/2 1/1/1 4/4/4 
f 4/4/4 5/5/5 2/2/2 
f 6/6/6 2/2/2 5/5/5 
f 18/18/18 19/19/19 20/20/20 
f 21/21/21 20/20/20 19/19/19 
f 22/22/22 23/23/23 24/24/24 
f 25/25/25 22/22/22 24/24/24 
f 38/38/38 39/39/39 40/40/40 
f 41/41/41 38/38/38 40/40/40 
f 42/42/42 43/43/43 44/44/44 
f 45/45/45 44/44/44 43/43/43 
f 46/46/46 47/47/47 48/48/48 
f 49/49/49 48/48/48 47/47/47 
f 50/50/50 51/51/51 52/52/52 
f 51/51/51 53/53/53 52/52/52 
f 54/54/54 55/55/55 56/56/56 
f 57/57/57 56/56/56 55/55/55 
f 58/58/58 59/59/59 60/60/60 
f 61/61/61 60/60/60 59/59/59 
f 65/65/65 66/66/66 67/67/67 
f 67/67/67 66/66/66 68/68/68 
f 69/69/69 70/70/70 71/71/71 
f 72/72/72 70/70/70 69/69/69 
f 73/73/73 74/74/74 75/75/75 
f 76/76/76 74/74/74 73/73/73 
f 77/77/77 78/78/78 79/79/79 
f 80/80/80 79/79/79 78/78/78 
f 81/81/81 82/82/82 83/83/83 
f 84/84/84 82/82/82 81/81/81 
f 92/92/92 93/93/93 94/94/94 
f 95/95/95 92/92/92 94/94/94 
f 96/96/96 97/97/97 98/98/98 
f 99/99/99 98/98/98 97/97/97 
f 100/100/100 101/101/101 102/102/102 
f 103/103/103 102/102/102 101/101/101 
f 104/104/104 105/105/105 106/106/106 
f 105/105/105 107/107/107 106/106/106 
f 120/120/120 121/121/121 122/122/122 
f 122/122/122 121/121/121 123/123/123 
f 124/124/124 125/125/125 126/126/126 
f 125/125/125 124/124/124 127/127/127 
f 128/128/128 129/129/129 130/130/130 
f 131/131/131 129/129/129 128/128/128 
f 132/132/132 133/133/133 134/134/134 
f 133/133/133 132/132/132 135/135/135 
f 152/152/152 153/153/153 154/154/154 
f 152/152/152 155/155/155 153/153/153 
f 155/155/155 152/152/152 156/156/156 
f 153/153/153 157/157/157 154/154/154 
f 158/158/158 152/152/152 154/154/154 
f 159/159/159 154/154/154 157/157/157 
f 160/160/160 152/152/152 158/158/158 
f 161/161/161 159/159/159 157/157/157 
f 161/161/161 157/157/157 162/162/162 
f 161/161/161 163/163/163 159/159/159 
f 160/160/160 158/158/158 163/163/163 
f 164/164/164 163/163/163 161/161/161 
f 165/165/165 163/163/163 164/164/164 
f 164/164/164 166/166/166 165/165/165 
f 167/167/167 163/163/163 165/165/165 
f 160/160/160 163/163/163 167/167/167 
f 168/168/168 165/165/165 166/166/166 
f 166/166/166 169/169/169 168/168/168 
f 170/170/170 169/169/169 166/166/166 
f 168/168/168 169/169/169 171/171/171 
f 167/167/167 171/171/171 172/172/172 
f 169/169/169 172/172/172 171/171/171 
f 160/160/160 167/167/167 172/172/172 
f 173/173/173 172/172/172 169/169/169 
f 174/174/174 172/172/172 173/173/173 
f 173/173/173 175/175/175 174/174/174 
f 176/176/176 172/172/172 174/174/174 
f 177/177/177 174/174/174 175/175/175 
f 178/178/178 172/172/172 176/176/176 
f 178/178/178 160/160/160 172/172/172 
f 176/176/176 179/179/179 178/178/178 
f 175/175/175 180/180/180 177/177/177 
f 177/177/177 180/180/180 179/179/179 
f 180/180/180 175/175/175 181/181/181 
f 178/178/178 179/179/179 182/182/182 
f 180/180/180 182/182/182 179/179/179 
f 178/178/178 182/182/182 160/160/160 
f 182/182/182 180/180/180 183/183/183 
f 182/182/182 183/183/183 184/184/184 
f 183/183/183 185/185/185 184/184/184 
f 186/186/186 182/182/182 184/184/184 
f 187/187/187 184/184/184 185/185/185 
f 185/185/185 188/188/188 187/187/187 
f 188/188/188 185/185/185 189/189/189 
f 187/187/187 188/188/188 190/190/190 
f 191/191/191 190/190/190 188/188/188 
f 190/190/190 191/191/191 192/192/192 
f 193/193/193 182/182/182 186/186/186 
f 186/186/186 190/190/190 193/193/193 
f 193/193/193 190/190/190 192/192/192 
f 182/182/182 193/193/193 160/160/160 
f 193/193/193 192/192/192 160/160/160 
f 196/196/196 197/197/197 198/198/198 
f 198/198/198 197/197/197 199/199/199 
f 196/196/196 200/200/200 197/197/197 
f 201/201/201 197/197/197 200/200/200 
f 206/206/206 207/207/207 208/208/208 
f 209/209/209 208/208/208 207/207/207 
f 210/210/210 211/211/211 212/212/212 
f 211/211/211 213/213/213 212/212/212 
f 231/231/231 232/232/232 233/233/233 
f 232/232/232 234/234/234 233/233/233 
f 235/235/235 236/236/236 237/237/237 
f 238/238/238 237/237/237 236/236/236 
f 239/239/239 240/240/240 241/241/241 
f 242/242/242 239/239/239 241/241/241 
f 243/243/243 244/244/244 245/245/245 
f 246/246/246 245/245/245 244/244/244 
f 247/247/247 248/248/248 249/249/249 
f 250/250/250 249/249/249 248/248/248 
f 251/251/251 252/252/252 253/253/253 
f 254/254/254 253/253/253 252/252/252 
f 261/261/261 262/262/262 263/263/263 
f 262/262/262 264/264/264 263/263/263 
f 273/273/273 274/274/274 275/275/275 
f 274/274/274 276/276/276 275/275/275 
f 277/277/277 278/278/278 279/279/279 
f 280/280/280 277/277/277 279/279/279 
f 281/281/281 282/282/282 283/283/283 
f 284/284/284 281/281/281 283/283/283 
f 285/285/285 286/286/286 287/287/287 
f 288/288/288 285/285/285 287/287/287 
f 307/307/307 308/308/308 309/309/309 
f 309/309/309 308/308/308 310/310/310 
f 311/311/311 308/308/308 307/307/307 
f 308/308/308 311/311/311 312/312/312 
f 307/307/307 313/313/313 311/311/311 
f 314/314/314 311/311/311 313/313/313 
f 309/309/309 310/310/310 315/315/315 
f 316/316/316 314/314/314 313/313/313 
f 317/317/317 309/309/309 315/315/315 
f 318/318/318 309/309/309 317/317/317 
f 318/318/318 316/316/316 313/313/313 
f 316/316/316 318/318/318 317/317/317 
f 317/317/317 315/315/315 319/319/319 
f 316/316/316 317/317/317 319/319/319 
f 316/316/316 320/320/320 314/314/314 
f 320/320/320 316/316/316 321/321/321 
f 322/322/322 320/320/320 321/321/321 
f 323/323/323 320/320/320 322/322/322 
f 320/320/320 323/323/323 324/324/324 
f 322/322/322 325/325/325 323/323/323 
f 326/326/326 323/323/323 325/325/325 
f 327/327/327 321/321/321 316/316/316 
f 327/327/327 316/316/316 319/319/319 
f 328/328/328 321/321/321 327/327/327 
f 328/328/328 329/329/329 325/325/325 
f 325/325/325 329/329/329 326/326/326 
f 327/327/327 329/329/329 328/328/328 
f 327/327/327 319/319/319 329/329/329 
f 326/326/326 329/329/329 330/330/330 
f 319/319/319 331/331/331 329/329/329 
f 330/330/330 329/329/329 332/332/332 
f 331/331/331 332/332/332 329/329/329 
f 333/333/333 330/330/330 332/332/332 
f 334/334/334 330/330/330 333/333/333 
f 335/335/335 330/330/330 334/334/334 
f 333/333/333 336/336/336 334/334/334 
f 337/337/337 334/334/334 336/336/336 
f 338/338/338 336/336/336 331/331/331 
f 336/336/336 338/338/338 337/337/337 
f 319/319/319 338/338/338 331/331/331 
f 337/337/337 338/338/338 339/339/339 
f 319/319/319 340/340/340 338/338/338 
f 341/341/341 339/339/339 338/338/338 
f 319/319/319 342/342/342 340/340/340 
f 343/343/343 339/339/339 341/341/341 
f 339/339/339 343/343/343 344/344/344 
f 341/341/341 345/345/345 343/343/343 
f 342/342/342 345/345/345 340/340/340 
f 346/346/346 343/343/343 345/345/345 
f 342/342/342 346/346/346 345/345/345 
f 342/342/342 347/347/347 346/346/346 
f 347/347/347 342/342/342 348/348/348 

g Part71

v 81 25 709.5 
v 81 25 710.5 
v 81 1 709.5 
v 81 1 710.5 
v 81 25 709.5 
v 80 25 709.5 
v 81 25 710.5 
v 80 25 710.5 
v 81 25 710.5 
v 80 25 710.5 
v 81 1 710.5 
v 80 1 710.5 
v 80 25 710.5 
v 80 25 709.5 
v 80 1 710.5 
v 80 1 709.5 
v 81 1 710.5 
v 80 1 710.5 
v 81 1 709.5 
v 80 1 709.5 
v 80 25 709.5 
v 81 25 709.5 
v 80 1 709.5 
v 81 1 709.5 

vn 1 0 0 
vn 1 0 0 
vn 1 0 0 
vn 1 0 0 
vn 0 1 0 
vn 0 1 0 
vn 0 1 0 
vn 0 1 0 
vn 0 0 1 
vn 0 0 1 
vn 0 0 1 
vn 0 0 1 
vn -1 0 0 
vn -1 0 0 
vn -1 0 0 
vn -1 0 0 
vn 0 -1 0 
vn 0 -1 0 
vn 0 -1 0 
vn 0 -1 0 
vn 0 0 -1 
vn 0 0 -1 
vn 0 0 -1 
vn 0 0 -1 

vt 58.0625 -11.5 
vt 57.9375 -11.5 
vt 58.0625 -14.5 
vt 57.9375 -14.5 
vt 57.9375 -13.0625 
vt 58.0625 -13.0625 
vt 57.9375 -12.9375 
vt 58.0625 -12.9375 
vt 58.0625 -11.5 
vt 57.9375 -11.5 
vt 58.0625 -14.5 
vt 57.9375 -14.5 
vt 58.0625 -11.5 
vt 57.9375 -11.5 
vt 58.0625 -14.5 
vt 57.9375 -14.5 
vt 58.0625 -12.9375 
vt 57.9375 -12.9375 
vt 58.0625 -13.0625 
vt 57.9375 -13.0625 
vt 58.0625 -11.5 
vt 57.9375 -11.5 
vt 58.0625 -14.5 
vt 57.9375 -14.5 

usemtl Union111Mtl

f 349/349/349 350/350/350 351/351/351 
f 351/351/351 350/350/350 352/352/352 
f 353/353/353 354/354/354 355/355/355 
f 355/355/355 354/354/354 356/356/356 
f 357/357/357 358/358/358 359/359/359 
f 359/359/359 358/358/358 360/360/360 
f 361/361/361 362/362/362 363/363/363 
f 363/363/363 362/362/362 364/364/364 
f 365/365/365 366/366/366 367/367/367 
f 367/367/367 366/366/366 368/368/368 
f 369/369/369 370/370/370 371/371/371 
f 371/371/371 370/370/370 372/372/372 

g Union31

v 3 13 613.5 
v 3 11 613.5 
v 3 11 598.5 
v 3 13 598.5 
v 0 11 613.5 
v -6 9 613.5 
v -3 7 613.5 
v -9 5 613.5 
v 0 11 598.5 
v -3 7 598.5 
v -6 9 598.5 
v -9 5 598.5 
v 0 9 598.5 
v 0 11 613.5 
v 0 9 613.5 
v 0 11 598.5 
v -3 9 598.5 
v -3 9 613.5 
v -3 7 598.5 
v -3 7 613.5 
v -6 5 598.5 
v -6 7 613.5 
v -6 5 613.5 
v -6 7 598.5 
v -9 5 598.5 
v -9 5 613.5 
v -9 3 598.5 
v -9 3 613.5 
v -12 1 598.5 
v -12 3 613.5 
v -12 1 613.5 
v -12 3 598.5 
v 3 13 613.5 
v 3 13 598.5 
v -15 1 613.5 
v -15 3 598.5 
v 0 13 613.5 
v 0 11 613.5 
v -6 9 613.5 
v -6 7 613.5 
v -9 5 613.5 
v -12 3 613.5 
v 0 13 598.5 
v 0 11 598.5 
v -6 7 598.5 
v -6 9 598.5 
v -9 5 598.5 
v -12 3 598.5 
v 0 13 598.5 
v 3 13 613.5 
v 3 13 598.5 
v 0 13 613.5 
v 0 11 613.5 
v -3 11 598.5 
v -3 11 613.5 
v 0 11 598.5 
v -6 9 613.5 
v -3 9 613.5 
v -6 9 598.5 
v -3 9 598.5 
v -6 7 598.5 
v -9 7 598.5 
v -6 7 613.5 
v -9 7 613.5 
v -12 5 613.5 
v -9 5 613.5 
v -12 5 598.5 
v -9 5 598.5 
v -12 3 613.5 
v -15 3 598.5 
v -15 3 613.5 
v -12 3 598.5 
v 3 13 613.5 
v 3 11 613.5 
v 3 13 613.5 
v 0 13 613.5 
v 3 11 613.5 
v 0 11 613.5 
v -3 11 613.5 
v 0 9 613.5 
v -3 9 613.5 
v -6 9 613.5 
v -3 7 613.5 
v -6 7 613.5 
v -9 7 613.5 
v -6 5 613.5 
v -9 5 613.5 
v -12 5 613.5 
v -9 3 613.5 
v -12 3 613.5 
v -15 3 613.5 
v -12 1 613.5 
v -15 1 613.5 
v -15 1 598.5 
v -15 1 613.5 
v -15 3 598.5 
v -15 3 613.5 
v 0 13 613.5 
v 0 11 613.5 
v -6 9 613.5 
v -6 7 613.5 
v -9 5 613.5 
v 0 13 598.5 
v 0 11 598.5 
v -6 7 598.5 
v -6 9 598.5 
v -9 5 598.5 
v -12 5 613.5 
v -12 5 598.5 
v -12 3 613.5 
v -12 3 598.5 
v -9 7 598.5 
v -9 5 613.5 
v -9 7 613.5 
v -9 5 598.5 
v -6 7 598.5 
v -6 7 613.5 
v -6 9 598.5 
v -6 9 613.5 
v -3 11 598.5 
v -3 9 613.5 
v -3 11 613.5 
v -3 9 598.5 
v 0 11 598.5 
v 0 11 613.5 
v 0 13 598.5 
v 0 13 613.5 
v 3 11 613.5 
v 3 11 598.5 
v -15 1 613.5 
v -15 3 598.5 
v 0 11 613.5 
v -6 9 613.5 
v -3 7 613.5 
v -6 7 613.5 
v -9 5 613.5 
v -12 3 613.5 
v 0 11 598.5 
v -3 7 598.5 
v -6 7 598.5 
v -6 9 598.5 
v -9 5 598.5 
v -12 3 598.5 
v -12 1 598.5 
v -12 1 613.5 
v -15 1 613.5 
v -15 1 598.5 
v -9 3 598.5 
v -12 3 613.5 
v -12 3 598.5 
v -9 3 613.5 
v -9 5 613.5 
v -6 5 598.5 
v -6 5 613.5 
v -9 5 598.5 
v -3 7 598.5 
v -3 7 613.5 
v -6 7 613.5 
v -6 7 598.5 
v -3 9 613.5 
v 0 9 598.5 
v 0 9 613.5 
v -3 9 598.5 
v 3 11 598.5 
v 0 11 613.5 
v 0 11 598.5 
v 3 11 613.5 
v 3 11 598.5 
v 3 13 598.5 
v 0 13 598.5 
v 3 13 598.5 
v 0 11 598.5 
v 3 11 598.5 
v -3 11 598.5 
v -3 9 598.5 
v 0 9 598.5 
v -3 7 598.5 
v -6 7 598.5 
v -6 9 598.5 
v -9 7 598.5 
v -9 5 598.5 
v -6 5 598.5 
v -9 3 598.5 
v -12 3 598.5 
v -12 5 598.5 
v -15 1 598.5 
v -15 3 598.5 
v -12 1 598.5 

vn 1 0 0 
vn 1 0 0 
vn 1 0 0 
vn 1 0 0 
vn 0 0 1 
vn 0 0 1 
vn 0 0 1 
vn 0 0 1 
vn 0 0 -1 
vn 0 0 -1 
vn 0 0 -1 
vn 0 0 -1 
vn 1 0 0 
vn 1 0 0 
vn 1 0 0 
vn 1 0 0 
vn 1 0 0 
vn 1 0 0 
vn 1 0 0 
vn 1 0 0 
vn 1 0 0 
vn 1 0 0 
vn 1 0 0 
vn 1 0 0 
vn 1 0 0 
vn 1 0 0 
vn 1 0 0 
vn 1 0 0 
vn 1 0 0 
vn 1 0 0 
vn 1 0 0 
vn 1 0 0 
vn 1 0 0 
vn 1 0 0 
vn -1 0 0 
vn -1 0 0 
vn 0 0 1 
vn 0 0 1 
vn 0 0 1 
vn 0 0 1 
vn 0 0 1 
vn 0 0 1 
vn 0 0 -1 
vn 0 0 -1 
vn 0 0 -1 
vn 0 0 -1 
vn 0 0 -1 
vn 0 0 -1 
vn 0 1 0 
vn 0 1 0 
vn 0 1 0 
vn 0 1 0 
vn 0 1 0 
vn 0 1 0 
vn 0 1 0 
vn 0 1 0 
vn 0 1 0 
vn 0 1 0 
vn 0 1 0 
vn 0 1 0 
vn 0 1 0 
vn 0 1 0 
vn 0 1 0 
vn 0 1 0 
vn 0 1 0 
vn 0 1 0 
vn 0 1 0 
vn 0 1 0 
vn 0 1 0 
vn 0 1 0 
vn 0 1 0 
vn 0 1 0 
vn 1 0 0 
vn 1 0 0 
vn 0 0 1 
vn 0 0 1 
vn 0 0 1 
vn 0 0 1 
vn 0 0 1 
vn 0 0 1 
vn 0 0 1 
vn 0 0 1 
vn 0 0 1 
vn 0 0 1 
vn 0 0 1 
vn 0 0 1 
vn 0 0 1 
vn 0 0 1 
vn 0 0 1 
vn 0 0 1 
vn 0 0 1 
vn 0 0 1 
vn 0 0 1 
vn -1 0 0 
vn -1 0 0 
vn -1 0 0 
vn -1 0 0 
vn 0 0 1 
vn 0 0 1 
vn 0 0 1 
vn 0 0 1 
vn 0 0 1 
vn 0 0 -1 
vn 0 0 -1 
vn 0 0 -1 
vn 0 0 -1 
vn 0 0 -1 
vn -1 0 0 
vn -1 0 0 
vn -1 0 0 
vn -1 0 0 
vn -1 0 0 
vn -1 0 0 
vn -1 0 0 
vn -1 0 0 
vn -1 0 0 
vn -1 0 0 
vn -1 0 0 
vn -1 0 0 
vn -1 0 0 
vn -1 0 0 
vn -1 0 0 
vn -1 0 0 
vn -1 0 0 
vn -1 0 0 
vn -1 0 0 
vn -1 0 0 
vn 1 0 0 
vn 1 0 0 
vn -1 0 0 
vn -1 0 0 
vn 0 0 1 
vn 0 0 1 
vn 0 0 1 
vn 0 0 1 
vn 0 0 1 
vn 0 0 1 
vn 0 0 -1 
vn 0 0 -1 
vn 0 0 -1 
vn 0 0 -1 
vn 0 0 -1 
vn 0 0 -1 
vn 0 -1 0 
vn 0 -1 0 
vn 0 -1 0 
vn 0 -1 0 
vn 0 -1 0 
vn 0 -1 0 
vn 0 -1 0 
vn 0 -1 0 
vn 0 -1 0 
vn 0 -1 0 
vn 0 -1 0 
vn 0 -1 0 
vn 0 -1 0 
vn 0 -1 0 
vn 0 -1 0 
vn 0 -1 0 
vn 0 -1 0 
vn 0 -1 0 
vn 0 -1 0 
vn 0 -1 0 
vn 0 -1 0 
vn 0 -1 0 
vn 0 -1 0 
vn 0 -1 0 
vn 1 0 0 
vn 1 0 0 
vn 0 0 -1 
vn 0 0 -1 
vn 0 0 -1 
vn 0 0 -1 
vn 0 0 -1 
vn 0 0 -1 
vn 0 0 -1 
vn 0 0 -1 
vn 0 0 -1 
vn 0 0 -1 
vn 0 0 -1 
vn 0 0 -1 
vn 0 0 -1 
vn 0 0 -1 
vn 0 0 -1 
vn 0 0 -1 
vn 0 0 -1 
vn 0 0 -1 
vn 0 0 -1 

vt 3.0625 -10.25 
vt 3.0625 -10.5 
vt 4.9375 -10.5 
vt 4.9375 -10.25 
vt 3.0625 -10.5 
vt 3.0625 -10.75 
vt 3.0625 -11 
vt 3.0625 -11.25 
vt 4.9375 -10.5 
vt 4.9375 -11 
vt 4.9375 -10.75 
vt 4.9375 -11.25 
vt 4.9375 -10.75 
vt 3.0625 -10.5 
vt 3.0625 -10.75 
vt 4.9375 -10.5 
vt 4.9375 -10.75 
vt 3.0625 -10.75 
vt 4.9375 -11 
vt 3.0625 -11 
vt 4.9375 -11.25 
vt 3.0625 -11 
vt 3.0625 -11.25 
vt 4.9375 -11 
vt 4.9375 -11.25 
vt 3.0625 -11.25 
vt 4.9375 -11.5 
vt 3.0625 -11.5 
vt 4.9375 -11.75 
vt 3.0625 -11.5 
vt 3.0625 -11.75 
vt 4.9375 -11.5 
vt 2.875 -10.0625 
vt 2.875 -11.9375 
vt 5.125 -10.0625 
vt 5.125 -11.9375 
vt 3.25 -10.0625 
vt 3.25 -10.0625 
vt 4 -10.0625 
vt 4 -10.0625 
vt 4.375 -10.0625 
vt 4.75 -10.0625 
vt 3.25 -11.9375 
vt 3.25 -11.9375 
vt 4 -11.9375 
vt 4 -11.9375 
vt 4.375 -11.9375 
vt 4.75 -11.9375 
vt 3.25 -11.9375 
vt 2.875 -10.0625 
vt 2.875 -11.9375 
vt 3.25 -10.0625 
vt 3.25 -10.0625 
vt 3.625 -11.9375 
vt 3.625 -10.0625 
vt 3.25 -11.9375 
vt 4 -10.0625 
vt 3.625 -10.0625 
vt 4 -11.9375 
vt 3.625 -11.9375 
vt 4 -11.9375 
vt 4.375 -11.9375 
vt 4 -10.0625 
vt 4.375 -10.0625 
vt 4.75 -10.0625 
vt 4.375 -10.0625 
vt 4.75 -11.9375 
vt 4.375 -11.9375 
vt 4.75 -10.0625 
vt 5.125 -11.9375 
vt 5.125 -10.0625 
vt 4.75 -11.9375 
vt 5.125 -10.25 
vt 5.125 -10.5 
vt 5.125 -10.25 
vt 4.75 -10.25 
vt 5.125 -10.5 
vt 4.75 -10.5 
vt 4.375 -10.5 
vt 4.75 -10.75 
vt 4.375 -10.75 
vt 4 -10.75 
vt 4.375 -11 
vt 4 -11 
vt 3.625 -11 
vt 4 -11.25 
vt 3.625 -11.25 
vt 3.25 -11.25 
vt 3.625 -11.5 
vt 3.25 -11.5 
vt 2.875 -11.5 
vt 3.25 -11.75 
vt 2.875 -11.75 
vt 3.0625 -11.75 
vt 4.9375 -11.75 
vt 3.0625 -11.5 
vt 4.9375 -11.5 
vt 4.9375 -10.25 
vt 4.9375 -10.5 
vt 4.9375 -10.75 
vt 4.9375 -11 
vt 4.9375 -11.25 
vt 3.0625 -10.25 
vt 3.0625 -10.5 
vt 3.0625 -11 
vt 3.0625 -10.75 
vt 3.0625 -11.25 
vt 4.9375 -11.25 
vt 3.0625 -11.25 
vt 4.9375 -11.5 
vt 3.0625 -11.5 
vt 3.0625 -11 
vt 4.9375 -11.25 
vt 4.9375 -11 
vt 3.0625 -11.25 
vt 3.0625 -11 
vt 4.9375 -11 
vt 3.0625 -10.75 
vt 4.9375 -10.75 
vt 3.0625 -10.5 
vt 4.9375 -10.75 
vt 4.9375 -10.5 
vt 3.0625 -10.75 
vt 3.0625 -10.5 
vt 4.9375 -10.5 
vt 3.0625 -10.25 
vt 4.9375 -10.25 
vt 5.125 -10.0625 
vt 5.125 -11.9375 
vt 2.875 -10.0625 
vt 2.875 -11.9375 
vt 4.75 -10.0625 
vt 4 -10.0625 
vt 4.375 -10.0625 
vt 4 -10.0625 
vt 3.625 -10.0625 
vt 3.25 -10.0625 
vt 4.75 -11.9375 
vt 4.375 -11.9375 
vt 4 -11.9375 
vt 4 -11.9375 
vt 3.625 -11.9375 
vt 3.25 -11.9375 
vt 3.25 -11.9375 
vt 3.25 -10.0625 
vt 2.875 -10.0625 
vt 2.875 -11.9375 
vt 3.625 -11.9375 
vt 3.25 -10.0625 
vt 3.25 -11.9375 
vt 3.625 -10.0625 
vt 3.625 -10.0625 
vt 4 -11.9375 
vt 4 -10.0625 
vt 3.625 -11.9375 
vt 4.375 -11.9375 
vt 4.375 -10.0625 
vt 4 -10.0625 
vt 4 -11.9375 
vt 4.375 -10.0625 
vt 4.75 -11.9375 
vt 4.75 -10.0625 
vt 4.375 -11.9375 
vt 5.125 -11.9375 
vt 4.75 -10.0625 
vt 4.75 -11.9375 
vt 5.125 -10.0625 
vt 2.875 -10.5 
vt 2.875 -10.25 
vt 3.25 -10.25 
vt 2.875 -10.25 
vt 3.25 -10.5 
vt 2.875 -10.5 
vt 3.625 -10.5 
vt 3.625 -10.75 
vt 3.25 -10.75 
vt 3.625 -11 
vt 4 -11 
vt 4 -10.75 
vt 4.375 -11 
vt 4.375 -11.25 
vt 4 -11.25 
vt 4.375 -11.5 
vt 4.75 -11.5 
vt 4.75 -11.25 
vt 5.125 -11.75 
vt 5.125 -11.5 
vt 4.75 -11.75 

usemtl Union111Mtl

f 373/373/373 374/374/374 375/375/375 
f 373/373/373 375/375/375 376/376/376 
f 385/385/385 386/386/386 387/387/387 
f 386/386/386 385/385/385 388/388/388 
f 389/389/389 390/390/390 391/391/391 
f 391/391/391 390/390/390 392/392/392 
f 393/393/393 394/394/394 395/395/395 
f 394/394/394 393/393/393 396/396/396 
f 397/397/397 398/398/398 399/399/399 
f 398/398/398 400/400/400 399/399/399 
f 401/401/401 402/402/402 403/403/403 
f 402/402/402 401/401/401 404/404/404 
f 421/421/421 422/422/422 423/423/423 
f 424/424/424 422/422/422 421/421/421 
f 425/425/425 426/426/426 427/427/427 
f 426/426/426 425/425/425 428/428/428 
f 429/429/429 430/430/430 431/431/431 
f 431/431/431 430/430/430 432/432/432 
f 433/433/433 434/434/434 435/435/435 
f 435/435/435 434/434/434 436/436/436 
f 437/437/437 438/438/438 439/439/439 
f 439/439/439 438/438/438 440/440/440 
f 441/441/441 442/442/442 443/443/443 
f 442/442/442 441/441/441 444/444/444 
f 447/447/447 448/448/448 449/449/449 
f 449/449/449 448/448/448 450/450/450 
f 450/450/450 451/451/451 452/452/452 
f 453/453/453 452/452/452 451/451/451 
f 453/453/453 454/454/454 455/455/455 
f 456/456/456 455/455/455 454/454/454 
f 456/456/456 457/457/457 458/458/458 
f 459/459/459 458/458/458 457/457/457 
f 459/459/459 460/460/460 461/461/461 
f 461/461/461 460/460/460 462/462/462 
f 462/462/462 463/463/463 464/464/464 
f 464/464/464 463/463/463 465/465/465 
f 466/466/466 467/467/467 468/468/468 
f 469/469/469 468/468/468 467/467/467 
f 480/480/480 481/481/481 482/482/482 
f 483/483/483 482/482/482 481/481/481 
f 484/484/484 485/485/485 486/486/486 
f 485/485/485 484/484/484 487/487/487 
f 488/488/488 489/489/489 490/490/490 
f 490/490/490 489/489/489 491/491/491 
f 492/492/492 493/493/493 494/494/494 
f 493/493/493 492/492/492 495/495/495 
f 496/496/496 497/497/497 498/498/498 
f 499/499/499 498/498/498 497/497/497 
f 516/516/516 517/517/517 518/518/518 
f 516/516/516 518/518/518 519/519/519 
f 520/520/520 521/521/521 522/522/522 
f 520/520/520 523/523/523 521/521/521 
f 524/524/524 525/525/525 526/526/526 
f 527/527/527 525/525/525 524/524/524 
f 528/528/528 529/529/529 530/530/530 
f 528/528/528 530/530/530 531/531/531 
f 532/532/532 533/533/533 534/534/534 
f 533/533/533 532/532/532 535/535/535 
f 536/536/536 537/537/537 538/538/538 
f 536/536/536 539/539/539 537/537/537 
f 542/542/542 543/543/543 544/544/544 
f 543/543/543 545/545/545 544/544/544 
f 546/546/546 544/544/544 547/547/547 
f 548/548/548 547/547/547 544/544/544 
f 549/549/549 550/550/550 547/547/547 
f 551/551/551 547/547/547 550/550/550 
f 552/552/552 550/550/550 553/553/553 
f 554/554/554 553/553/553 550/550/550 
f 553/553/553 555/555/555 556/556/556 
f 557/557/557 553/553/553 556/556/556 
f 556/556/556 558/558/558 559/559/559 
f 560/560/560 558/558/558 556/556/556 

g Part21

v 167 25 674.5 
v 167 25 684.5 
v 167 9.53674e-07 674.5 
v 167 9.53674e-07 684.5 
v 167 25 674.5 
v 157 25 674.5 
v 167 25 684.5 
v 157 25 684.5 
v 167 25 684.5 
v 157 25 684.5 
v 167 9.53674e-07 684.5 
v 157 9.53674e-07 684.5 
v 157 25 684.5 
v 157 25 674.5 
v 157 9.53674e-07 684.5 
v 157 9.53674e-07 674.5 
v 167 9.53674e-07 684.5 
v 157 9.53674e-07 684.5 
v 167 9.53674e-07 674.5 
v 157 9.53674e-07 674.5 
v 157 25 674.5 
v 167 25 674.5 
v 157 9.53674e-07 674.5 
v 167 9.53674e-07 674.5 

vn 1 0 0 
vn 1 0 0 
vn 1 0 0 
vn 1 0 0 
vn 0 1 0 
vn 0 1 0 
vn 0 1 0 
vn 0 1 0 
vn 0 0 1 
vn 0 0 1 
vn 0 0 1 
vn 0 0 1 
vn -1 0 0 
vn -1 0 0 
vn -1 0 0 
vn -1 0 0 
vn 0 -1 0 
vn 0 -1 0 
vn 0 -1 0 
vn 0 -1 0 
vn 0 0 -1 
vn 0 0 -1 
vn 0 0 -1 
vn 0 0 -1 

vt 44.625 -9.4375 
vt 43.375 -9.4375 
vt 44.625 -12.5625 
vt 43.375 -12.5625 
vt 43.375 -11.625 
vt 44.625 -11.625 
vt 43.375 -10.375 
vt 44.625 -10.375 
vt 44.625 -9.4375 
vt 43.375 -9.4375 
vt 44.625 -12.5625 
vt 43.375 -12.5625 
vt 44.625 -9.4375 
vt 43.375 -9.4375 
vt 44.625 -12.5625 
vt 43.375 -12.5625 
vt 44.625 -10.375 
vt 43.375 -10.375 
vt 44.625 -11.625 
vt 43.375 -11.625 
vt 44.625 -9.4375 
vt 43.375 -9.4375 
vt 44.625 -12.5625 
vt 43.375 -12.5625 

usemtl Union111Mtl

f 561/561/561 562/562/562 563/563/563 
f 563/563/563 562/562/562 564/564/564 
f 565/565/565 566/566/566 567/567/567 
f 567/567/567 566/566/566 568/568/568 
f 569/569/569 570/570/570 571/571/571 
f 571/571/571 570/570/570 572/572/572 
f 573/573/573 574/574/574 575/575/575 
f 575/575/575 574/574/574 576/576/576 
f 577/577/577 578/578/578 579/579/579 
f 579/579/579 578/578/578 580/580/580 
f 581/581/581 582/582/582 583/583/583 
f 583/583/583 582/582/582 584/584/584 

g Part41

v 13 15 598.5 
v 13 15 628.5 
v 13 13 598.5 
v 13 13 628.5 
v 13 15 598.5 
v 3 15 598.5 
v 13 15 628.5 
v 3 15 628.5 
v 13 15 628.5 
v 3 15 628.5 
v 13 13 628.5 
v 3 13 628.5 
v 3 15 628.5 
v 3 15 598.5 
v 3 13 628.5 
v 3 13 598.5 
v 13 13 628.5 
v 3 13 628.5 
v 13 13 598.5 
v 3 13 598.5 
v 3 15 598.5 
v 13 15 598.5 
v 3 13 598.5 
v 13 13 598.5 

vn 1 0 0 
vn 1 0 0 
vn 1 0 0 
vn 1 0 0 
vn 0 1 0 
vn 0 1 0 
vn 0 1 0 
vn 0 1 0 
vn 0 0 1 
vn 0 0 1 
vn 0 0 1 
vn 0 0 1 
vn -1 0 0 
vn -1 0 0 
vn -1 0 0 
vn -1 0 0 
vn 0 -1 0 
vn 0 -1 0 
vn 0 -1 0 
vn 0 -1 0 
vn 0 0 -1 
vn 0 0 -1 
vn 0 0 -1 
vn 0 0 -1 

vt 61.875 -36.875 
vt 58.125 -36.875 
vt 61.875 -37.125 
vt 58.125 -37.125 
vt 59.375 -38.875 
vt 60.625 -38.875 
vt 59.375 -35.125 
vt 60.625 -35.125 
vt 60.625 -36.875 
vt 59.375 -36.875 
vt 60.625 -37.125 
vt 59.375 -37.125 
vt 61.875 -36.875 
vt 58.125 -36.875 
vt 61.875 -37.125 
vt 58.125 -37.125 
vt 60.625 -35.125 
vt 59.375 -35.125 
vt 60.625 -38.875 
vt 59.375 -38.875 
vt 60.625 -36.875 
vt 59.375 -36.875 
vt 60.625 -37.125 
vt 59.375 -37.125 

usemtl Union111Mtl

f 585/585/585 586/586/586 587/587/587 
f 587/587/587 586/586/586 588/588/588 
f 589/589/589 590/590/590 591/591/591 
f 591/591/591 590/590/590 592/592/592 
f 593/593/593 594/594/594 595/595/595 
f 595/595/595 594/594/594 596/596/596 
f 597/597/597 598/598/598 599/599/599 
f 599/599/599 598/598/598 600/600/600 
f 601/601/601 602/602/602 603/603/603 
f 603/603/603 602/602/602 604/604/604 
f 605/605/605 606/606/606 607/607/607 
f 607/607/607 606/606/606 608/608/608 

g Union21

v 128 20.9999 674.5 
v 128 0.999872 673.5 
v 128 20.9999 673.5 
v 128 0.999872 674.5 
v 128 -0.000127792 674.5 
v 128 -0.000127792 673.5 
v 87 20.9999 674.5 
v 87 -0.000127792 673.5 
v 98 20.9999 673.5 
v 97 20.9999 674.5 
v 107 20.9999 673.5 
v 117 20.9999 673.5 
v 97 9.99987 673.5 
v 97 9.99987 674.5 
v 97 8.99987 674.5 
v 97 1.99987 674.5 
v 97 1.99987 673.5 
v 118 1.99987 674.5 
v 118 1.99987 673.5 
v 118 8.99987 674.5 
v 118 8.99987 673.5 
v 118 20.9999 674.5 
v 118 9.99987 674.5 
v 118 9.99987 673.5 
v 118 20.9999 673.5 
v 98 9.99987 674.5 
v 107 9.99987 674.5 
v 127 9.99987 673.5 
v 127 8.99987 674.5 
v 108 1.99987 674.5 
v 98 0.999872 674.5 
v 88 1.99987 674.5 
v 117 0.999872 673.5 
v 108 8.99987 673.5 
v 108 0.999872 673.5 
v 108 1.99987 673.5 
v 88 8.99987 673.5 
v 108 8.99987 674.5 
v 108 1.99987 674.5 
v 108 1.99987 673.5 
v 108 8.99987 673.5 
v 108 9.99987 674.5 
v 108 9.99987 673.5 
v 108 20.9999 674.5 
v 108 20.9999 673.5 
v 98 20.9999 673.5 
v 98 20.9999 674.5 
v 98 9.99987 673.5 
v 98 9.99987 674.5 
v 98 8.99987 673.5 
v 98 8.99987 674.5 
v 98 1.99987 673.5 
v 98 1.99987 674.5 
v 88 8.99987 673.5 
v 88 8.99987 674.5 
v 88 1.99987 673.5 
v 88 1.99987 674.5 
v 88 20.9999 673.5 
v 88 20.9999 674.5 
v 88 9.99987 673.5 
v 88 9.99987 674.5 
v 128 0.999872 674.5 
v 128 -0.000127792 674.5 
v 87 0.999872 673.5 
v 127 20.9999 674.5 
v 128 20.9999 674.5 
v 127 20.9999 673.5 
v 128 20.9999 673.5 
v 87 20.9999 673.5 
v 88 20.9999 674.5 
v 88 20.9999 673.5 
v 87 20.9999 674.5 
v 97 20.9999 673.5 
v 98 20.9999 674.5 
v 98 20.9999 673.5 
v 97 20.9999 674.5 
v 108 20.9999 673.5 
v 107 20.9999 673.5 
v 108 20.9999 674.5 
v 107 20.9999 674.5 
v 117 20.9999 673.5 
v 118 20.9999 674.5 
v 118 20.9999 673.5 
v 117 20.9999 674.5 
v 97 9.99987 674.5 
v 97 1.99987 674.5 
v 97 1.99987 673.5 
v 118 1.99987 674.5 
v 118 1.99987 673.5 
v 118 8.99987 673.5 
v 118 9.99987 674.5 
v 98 9.99987 673.5 
v 98 9.99987 674.5 
v 107 9.99987 674.5 
v 107 9.99987 673.5 
v 118 9.99987 674.5 
v 127 9.99987 674.5 
v 118 9.99987 673.5 
v 127 9.99987 673.5 
v 88 9.99987 674.5 
v 97 9.99987 674.5 
v 88 9.99987 673.5 
v 97 9.99987 673.5 
v 108 9.99987 674.5 
v 117 9.99987 674.5 
v 108 9.99987 673.5 
v 117 9.99987 673.5 
v 127 8.99987 674.5 
v 108 1.99987 674.5 
v 107 1.99987 674.5 
v 98 1.99987 674.5 
v 98 0.999872 674.5 
v 88 1.99987 674.5 
v 127 1.99987 673.5 
v 117 0.999872 673.5 
v 108 8.99987 673.5 
v 108 0.999872 673.5 
v 108 1.99987 673.5 
v 88 8.99987 673.5 
v 118 1.99987 674.5 
v 127 1.99987 674.5 
v 118 1.99987 673.5 
v 127 1.99987 673.5 
v 107 1.99987 674.5 
v 98 1.99987 673.5 
v 98 1.99987 674.5 
v 107 1.99987 673.5 
v 97 1.99987 674.5 
v 88 1.99987 673.5 
v 88 1.99987 674.5 
v 97 1.99987 673.5 
v 108 1.99987 673.5 
v 117 1.99987 674.5 
v 117 1.99987 673.5 
v 108 1.99987 674.5 
v 128 20.9999 673.5 
v 128 0.999872 674.5 
v 128 -0.000127792 674.5 
v 87 0.999872 673.5 
v 87 20.9999 674.5 
v 87 -0.000127792 673.5 
v 97 20.9999 674.5 
v 97 9.99987 673.5 
v 97 9.99987 674.5 
v 97 8.99987 674.5 
v 97 1.99987 674.5 
v 118 1.99987 674.5 
v 98 9.99987 674.5 
v 127 9.99987 674.5 
v 127 9.99987 673.5 
v 88 9.99987 674.5 
v 128 0.999872 674.5 
v 127 9.99987 674.5 
v 127 8.99987 674.5 
v 127 20.9999 674.5 
v 128 20.9999 674.5 
v 118 9.99987 674.5 
v 127 1.99987 674.5 
v 118 8.99987 674.5 
v 128 -0.000127792 674.5 
v 117 20.9999 674.5 
v 118 20.9999 674.5 
v 118 1.99987 674.5 
v 117 9.99987 674.5 
v 117 8.99987 674.5 
v 108 9.99987 674.5 
v 117 1.99987 674.5 
v 108 8.99987 674.5 
v 107 20.9999 674.5 
v 108 20.9999 674.5 
v 108 1.99987 674.5 
v 108 0.999872 674.5 
v 107 9.99987 674.5 
v 107 8.99987 674.5 
v 98 9.99987 674.5 
v 107 1.99987 674.5 
v 98 8.99987 674.5 
v 107 0.999872 674.5 
v 98 1.99987 674.5 
v 97 20.9999 674.5 
v 98 20.9999 674.5 
v 98 0.999872 674.5 
v 97 9.99987 674.5 
v 97 8.99987 674.5 
v 88 9.99987 674.5 
v 97 1.99987 674.5 
v 88 8.99987 674.5 
v 87 20.9999 674.5 
v 88 20.9999 674.5 
v 88 1.99987 674.5 
v 87 0.999872 674.5 
v 87 -0.000127792 674.5 
v 97 0.999872 674.5 
v 128 20.9999 673.5 
v 128 -0.000127792 674.5 
v 87 0.999872 673.5 
v 87 0.999872 674.5 
v 87 20.9999 673.5 
v 87 20.9999 674.5 
v 87 -0.000127792 673.5 
v 87 -0.000127792 674.5 
v 98 20.9999 673.5 
v 97 20.9999 674.5 
v 107 20.9999 673.5 
v 117 20.9999 673.5 
v 97 9.99987 673.5 
v 97 9.99987 674.5 
v 97 20.9999 673.5 
v 97 20.9999 674.5 
v 97 8.99987 674.5 
v 97 8.99987 673.5 
v 97 1.99987 674.5 
v 97 1.99987 673.5 
v 118 1.99987 674.5 
v 118 1.99987 673.5 
v 118 8.99987 674.5 
v 118 8.99987 673.5 
v 118 9.99987 674.5 
v 107 9.99987 674.5 
v 88 9.99987 674.5 
v 127 8.99987 674.5 
v 108 1.99987 674.5 
v 98 1.99987 674.5 
v 98 0.999872 674.5 
v 127 1.99987 673.5 
v 117 0.999872 673.5 
v 108 8.99987 673.5 
v 108 0.999872 673.5 
v 108 1.99987 673.5 
v 88 8.99987 673.5 
v 107 8.99987 674.5 
v 107 8.99987 673.5 
v 107 1.99987 674.5 
v 107 1.99987 673.5 
v 107 20.9999 674.5 
v 107 20.9999 673.5 
v 107 9.99987 674.5 
v 107 9.99987 673.5 
v 117 8.99987 673.5 
v 117 1.99987 673.5 
v 117 1.99987 674.5 
v 117 8.99987 674.5 
v 117 9.99987 673.5 
v 117 9.99987 674.5 
v 117 20.9999 673.5 
v 117 20.9999 674.5 
v 127 20.9999 674.5 
v 127 20.9999 673.5 
v 127 9.99987 674.5 
v 127 9.99987 673.5 
v 127 8.99987 674.5 
v 127 8.99987 673.5 
v 127 1.99987 674.5 
v 127 1.99987 673.5 
v 97 9.99987 674.5 
v 97 8.99987 674.5 
v 97 1.99987 673.5 
v 118 1.99987 674.5 
v 118 8.99987 673.5 
v 118 9.99987 674.5 
v 87 -0.000127792 673.5 
v 128 -0.000127792 673.5 
v 87 -0.000127792 674.5 
v 128 -0.000127792 674.5 
v 107 9.99987 674.5 
v 127 9.99987 673.5 
v 88 9.99987 674.5 
v 127 8.99987 674.5 
v 108 1.99987 674.5 
v 108 8.99987 673.5 
v 108 0.999872 673.5 
v 88 8.99987 673.5 
v 97 8.99987 674.5 
v 88 8.99987 674.5 
v 97 8.99987 673.5 
v 88 8.99987 673.5 
v 127 8.99987 673.5 
v 127 8.99987 674.5 
v 118 8.99987 674.5 
v 118 8.99987 673.5 
v 98 8.99987 674.5 
v 98 8.99987 673.5 
v 107 8.99987 673.5 
v 107 8.99987 674.5 
v 117 8.99987 673.5 
v 117 8.99987 674.5 
v 108 8.99987 674.5 
v 108 8.99987 673.5 
v 128 20.9999 673.5 
v 128 0.999872 674.5 
v 128 -0.000127792 674.5 
v 87 0.999872 673.5 
v 87 20.9999 674.5 
v 87 -0.000127792 673.5 
v 98 20.9999 673.5 
v 97 9.99987 674.5 
v 97 8.99987 674.5 
v 97 1.99987 674.5 
v 97 1.99987 673.5 
v 118 1.99987 673.5 
v 98 9.99987 674.5 
v 107 9.99987 674.5 
v 127 9.99987 674.5 
v 88 9.99987 674.5 
v 98 1.99987 674.5 
v 88 1.99987 674.5 
v 127 8.99987 673.5 
v 128 20.9999 673.5 
v 127 1.99987 673.5 
v 128 0.999872 673.5 
v 127 9.99987 673.5 
v 127 20.9999 673.5 
v 118 8.99987 673.5 
v 118 9.99987 673.5 
v 128 -0.000127792 673.5 
v 117 0.999872 673.5 
v 118 0.999872 673.5 
v 118 1.99987 673.5 
v 87 -0.000127792 673.5 
v 118 20.9999 673.5 
v 117 1.99987 673.5 
v 117 8.99987 673.5 
v 117 9.99987 673.5 
v 117 20.9999 673.5 
v 108 8.99987 673.5 
v 108 9.99987 673.5 
v 108 0.999872 673.5 
v 108 1.99987 673.5 
v 107 0.999872 673.5 
v 108 20.9999 673.5 
v 98 1.99987 673.5 
v 107 1.99987 673.5 
v 107 8.99987 673.5 
v 107 9.99987 673.5 
v 107 20.9999 673.5 
v 98 8.99987 673.5 
v 98 9.99987 673.5 
v 97 1.99987 673.5 
v 98 20.9999 673.5 
v 88 1.99987 673.5 
v 97 8.99987 673.5 
v 87 0.999872 673.5 
v 97 9.99987 673.5 
v 97 20.9999 673.5 
v 88 8.99987 673.5 
v 88 9.99987 673.5 
v 88 20.9999 673.5 
v 87 20.9999 673.5 

vn 1 0 0 
vn 1 0 0 
vn 1 0 0 
vn 1 0 0 
vn 1 0 0 
vn 1 0 0 
vn -1 0 0 
vn -1 0 0 
vn 0 1 0 
vn 0 1 0 
vn 0 1 0 
vn 0 1 0 
vn -1 0 0 
vn -1 0 0 
vn -1 0 0 
vn -1 0 0 
vn -1 0 0 
vn 1 0 0 
vn 1 0 0 
vn 1 0 0 
vn 1 0 0 
vn 1 0 0 
vn 1 0 0 
vn 1 0 0 
vn 1 0 0 
vn 0 1 0 
vn 0 1 0 
vn 0 1 0 
vn 0 0 1 
vn 0 0 1 
vn 0 0 1 
vn 0 0 1 
vn 0 0 -1 
vn 0 0 -1 
vn 0 0 -1 
vn 0 0 -1 
vn 0 0 -1 
vn 1 0 0 
vn 1 0 0 
vn 1 0 0 
vn 1 0 0 
vn 1 0 0 
vn 1 0 0 
vn 1 0 0 
vn 1 0 0 
vn 1 0 0 
vn 1 0 0 
vn 1 0 0 
vn 1 0 0 
vn 1 0 0 
vn 1 0 0 
vn 1 0 0 
vn 1 0 0 
vn 1 0 0 
vn 1 0 0 
vn 1 0 0 
vn 1 0 0 
vn 1 0 0 
vn 1 0 0 
vn 1 0 0 
vn 1 0 0 
vn 1 0 0 
vn 1 0 0 
vn -1 0 0 
vn 0 1 0 
vn 0 1 0 
vn 0 1 0 
vn 0 1 0 
vn 0 1 0 
vn 0 1 0 
vn 0 1 0 
vn 0 1 0 
vn 0 1 0 
vn 0 1 0 
vn 0 1 0 
vn 0 1 0 
vn 0 1 0 
vn 0 1 0 
vn 0 1 0 
vn 0 1 0 
vn 0 1 0 
vn 0 1 0 
vn 0 1 0 
vn 0 1 0 
vn -1 0 0 
vn -1 0 0 
vn -1 0 0 
vn 1 0 0 
vn 1 0 0 
vn 1 0 0 
vn 1 0 0 
vn 0 1 0 
vn 0 1 0 
vn 0 1 0 
vn 0 1 0 
vn 0 1 0 
vn 0 1 0 
vn 0 1 0 
vn 0 1 0 
vn 0 1 0 
vn 0 1 0 
vn 0 1 0 
vn 0 1 0 
vn 0 1 0 
vn 0 1 0 
vn 0 1 0 
vn 0 1 0 
vn 0 0 1 
vn 0 0 1 
vn 0 0 1 
vn 0 0 1 
vn 0 0 1 
vn 0 0 1 
vn 0 0 -1 
vn 0 0 -1 
vn 0 0 -1 
vn 0 0 -1 
vn 0 0 -1 
vn 0 0 -1 
vn 0 1 0 
vn 0 1 0 
vn 0 1 0 
vn 0 1 0 
vn 0 1 0 
vn 0 1 0 
vn 0 1 0 
vn 0 1 0 
vn 0 1 0 
vn 0 1 0 
vn 0 1 0 
vn 0 1 0 
vn 0 1 0 
vn 0 1 0 
vn 0 1 0 
vn 0 1 0 
vn 1 0 0 
vn 1 0 0 
vn 1 0 0 
vn -1 0 0 
vn -1 0 0 
vn -1 0 0 
vn 0 1 0 
vn -1 0 0 
vn -1 0 0 
vn -1 0 0 
vn -1 0 0 
vn 1 0 0 
vn 0 1 0 
vn 0 1 0 
vn 0 1 0 
vn 0 1 0 
vn 0 0 1 
vn 0 0 1 
vn 0 0 1 
vn 0 0 1 
vn 0 0 1 
vn 0 0 1 
vn 0 0 1 
vn 0 0 1 
vn 0 0 1 
vn 0 0 1 
vn 0 0 1 
vn 0 0 1 
vn 0 0 1 
vn 0 0 1 
vn 0 0 1 
vn 0 0 1 
vn 0 0 1 
vn 0 0 1 
vn 0 0 1 
vn 0 0 1 
vn 0 0 1 
vn 0 0 1 
vn 0 0 1 
vn 0 0 1 
vn 0 0 1 
vn 0 0 1 
vn 0 0 1 
vn 0 0 1 
vn 0 0 1 
vn 0 0 1 
vn 0 0 1 
vn 0 0 1 
vn 0 0 1 
vn 0 0 1 
vn 0 0 1 
vn 0 0 1 
vn 0 0 1 
vn 0 0 1 
vn 0 0 1 
vn 0 0 1 
vn 0 0 1 
vn 0 0 1 
vn 1 0 0 
vn 1 0 0 
vn -1 0 0 
vn -1 0 0 
vn -1 0 0 
vn -1 0 0 
vn -1 0 0 
vn -1 0 0 
vn 0 1 0 
vn 0 1 0 
vn 0 1 0 
vn 0 1 0 
vn -1 0 0 
vn -1 0 0 
vn -1 0 0 
vn -1 0 0 
vn -1 0 0 
vn -1 0 0 
vn -1 0 0 
vn -1 0 0 
vn 1 0 0 
vn 1 0 0 
vn 1 0 0 
vn 1 0 0 
vn 1 0 0 
vn 0 1 0 
vn 0 1 0 
vn 0 0 1 
vn 0 0 1 
vn 0 0 1 
vn 0 0 1 
vn 0 0 -1 
vn 0 0 -1 
vn 0 0 -1 
vn 0 0 -1 
vn 0 0 -1 
vn 0 0 -1 
vn -1 0 0 
vn -1 0 0 
vn -1 0 0 
vn -1 0 0 
vn -1 0 0 
vn -1 0 0 
vn -1 0 0 
vn -1 0 0 
vn -1 0 0 
vn -1 0 0 
vn -1 0 0 
vn -1 0 0 
vn -1 0 0 
vn -1 0 0 
vn -1 0 0 
vn -1 0 0 
vn -1 0 0 
vn -1 0 0 
vn -1 0 0 
vn -1 0 0 
vn -1 0 0 
vn -1 0 0 
vn -1 0 0 
vn -1 0 0 
vn -1 0 0 
vn -1 0 0 
vn -1 0 0 
vn 1 0 0 
vn 1 0 0 
vn 1 0 0 
vn 0 -1 0 
vn 0 -1 0 
vn 0 -1 0 
vn 0 -1 0 
vn 0 1 0 
vn 0 1 0 
vn 0 1 0 
vn 0 0 1 
vn 0 0 1 
vn 0 0 -1 
vn 0 0 -1 
vn 0 0 -1 
vn 0 -1 0 
vn 0 -1 0 
vn 0 -1 0 
vn 0 -1 0 
vn 0 -1 0 
vn 0 -1 0 
vn 0 -1 0 
vn 0 -1 0 
vn 0 -1 0 
vn 0 -1 0 
vn 0 -1 0 
vn 0 -1 0 
vn 0 -1 0 
vn 0 -1 0 
vn 0 -1 0 
vn 0 -1 0 
vn 1 0 0 
vn 1 0 0 
vn 1 0 0 
vn -1 0 0 
vn -1 0 0 
vn -1 0 0 
vn 0 1 0 
vn -1 0 0 
vn -1 0 0 
vn -1 0 0 
vn -1 0 0 
vn 1 0 0 
vn 0 1 0 
vn 0 1 0 
vn 0 1 0 
vn 0 1 0 
vn 0 0 1 
vn 0 0 1 
vn 0 0 -1 
vn 0 0 -1 
vn 0 0 -1 
vn 0 0 -1 
vn 0 0 -1 
vn 0 0 -1 
vn 0 0 -1 
vn 0 0 -1 
vn 0 0 -1 
vn 0 0 -1 
vn 0 0 -1 
vn 0 0 -1 
vn 0 0 -1 
vn 0 0 -1 
vn 0 0 -1 
vn 0 0 -1 
vn 0 0 -1 
vn 0 0 -1 
vn 0 0 -1 
vn 0 0 -1 
vn 0 0 -1 
vn 0 0 -1 
vn 0 0 -1 
vn 0 0 -1 
vn 0 0 -1 
vn 0 0 -1 
vn 0 0 -1 
vn 0 0 -1 
vn 0 0 -1 
vn 0 0 -1 
vn 0 0 -1 
vn 0 0 -1 
vn 0 0 -1 
vn 0 0 -1 
vn 0 0 -1 
vn 0 0 -1 
vn 0 0 -1 
vn 0 0 -1 
vn 0 0 -1 
vn 0 0 -1 
vn 0 0 -1 
vn 0 0 -1 

vt 59.9375 -3.6875 
vt 60.0625 -6.1875 
vt 60.0625 -3.6875 
vt 59.9375 -6.1875 
vt 59.9375 -6.3125 
vt 60.0625 -6.3125 
vt 59.9375 -3.6875 
vt 60.0625 -6.3125 
vt 60.0625 -3.6875 
vt 59.9375 -3.6875 
vt 60.0625 -3.6875 
vt 60.0625 -3.6875 
vt 60.0625 -5.0625 
vt 59.9375 -5.0625 
vt 59.9375 -5.1875 
vt 59.9375 -6.0625 
vt 60.0625 -6.0625 
vt 59.9375 -6.0625 
vt 60.0625 -6.0625 
vt 59.9375 -5.1875 
vt 60.0625 -5.1875 
vt 59.9375 -3.6875 
vt 59.9375 -5.0625 
vt 60.0625 -5.0625 
vt 60.0625 -3.6875 
vt 59.9375 -5.0625 
vt 59.9375 -5.0625 
vt 60.0625 -5.0625 
vt 59.9375 -5.1875 
vt 59.9375 -6.0625 
vt 59.9375 -6.1875 
vt 59.9375 -6.0625 
vt 60.0625 -6.1875 
vt 60.0625 -5.1875 
vt 60.0625 -6.1875 
vt 60.0625 -6.0625 
vt 60.0625 -5.1875 
vt 59.9375 -5.1875 
vt 59.9375 -6.0625 
vt 60.0625 -6.0625 
vt 60.0625 -5.1875 
vt 59.9375 -5.0625 
vt 60.0625 -5.0625 
vt 59.9375 -3.6875 
vt 60.0625 -3.6875 
vt 60.0625 -3.6875 
vt 59.9375 -3.6875 
vt 60.0625 -5.0625 
vt 59.9375 -5.0625 
vt 60.0625 -5.1875 
vt 59.9375 -5.1875 
vt 60.0625 -6.0625 
vt 59.9375 -6.0625 
vt 60.0625 -5.1875 
vt 59.9375 -5.1875 
vt 60.0625 -6.0625 
vt 59.9375 -6.0625 
vt 60.0625 -3.6875 
vt 59.9375 -3.6875 
vt 60.0625 -5.0625 
vt 59.9375 -5.0625 
vt 57.4375 -4.9375 
vt 57.4375 -4.9375 
vt 62.5625 -5.0625 
vt 57.5625 -4.9375 
vt 57.4375 -4.9375 
vt 57.5625 -5.0625 
vt 57.4375 -5.0625 
vt 62.5625 -5.0625 
vt 62.4375 -4.9375 
vt 62.4375 -5.0625 
vt 62.5625 -4.9375 
vt 61.3125 -5.0625 
vt 61.1875 -4.9375 
vt 61.1875 -5.0625 
vt 61.3125 -4.9375 
vt 59.9375 -5.0625 
vt 60.0625 -5.0625 
vt 59.9375 -4.9375 
vt 60.0625 -4.9375 
vt 58.8125 -5.0625 
vt 58.6875 -4.9375 
vt 58.6875 -5.0625 
vt 58.8125 -4.9375 
vt 61.3125 -4.9375 
vt 61.3125 -4.9375 
vt 61.3125 -5.0625 
vt 58.6875 -4.9375 
vt 58.6875 -5.0625 
vt 58.6875 -5.0625 
vt 58.6875 -4.9375 
vt 61.1875 -5.0625 
vt 61.1875 -4.9375 
vt 60.0625 -4.9375 
vt 60.0625 -5.0625 
vt 58.6875 -4.9375 
vt 57.5625 -4.9375 
vt 58.6875 -5.0625 
vt 57.5625 -5.0625 
vt 62.4375 -4.9375 
vt 61.3125 -4.9375 
vt 62.4375 -5.0625 
vt 61.3125 -5.0625 
vt 59.9375 -4.9375 
vt 58.8125 -4.9375 
vt 59.9375 -5.0625 
vt 58.8125 -5.0625 
vt 57.5625 -4.9375 
vt 59.9375 -4.9375 
vt 60.0625 -4.9375 
vt 61.1875 -4.9375 
vt 61.1875 -4.9375 
vt 62.4375 -4.9375 
vt 57.5625 -5.0625 
vt 58.8125 -5.0625 
vt 59.9375 -5.0625 
vt 59.9375 -5.0625 
vt 59.9375 -5.0625 
vt 62.4375 -5.0625 
vt 58.6875 -4.9375 
vt 57.5625 -4.9375 
vt 58.6875 -5.0625 
vt 57.5625 -5.0625 
vt 60.0625 -4.9375 
vt 61.1875 -5.0625 
vt 61.1875 -4.9375 
vt 60.0625 -5.0625 
vt 61.3125 -4.9375 
vt 62.4375 -5.0625 
vt 62.4375 -4.9375 
vt 61.3125 -5.0625 
vt 59.9375 -5.0625 
vt 58.8125 -4.9375 
vt 58.8125 -5.0625 
vt 59.9375 -4.9375 
vt 62.5625 -3.6875 
vt 62.5625 -6.1875 
vt 62.5625 -6.3125 
vt 57.4375 -6.1875 
vt 57.4375 -3.6875 
vt 57.4375 -6.3125 
vt 58.6875 -3.6875 
vt 58.6875 -5.0625 
vt 58.6875 -5.0625 
vt 58.6875 -5.1875 
vt 58.6875 -6.0625 
vt 61.3125 -6.0625 
vt 58.8125 -5.0625 
vt 62.4375 -5.0625 
vt 62.4375 -5.0625 
vt 57.5625 -5.0625 
vt 62.5625 -6.1875 
vt 62.4375 -5.0625 
vt 62.4375 -5.1875 
vt 62.4375 -3.6875 
vt 62.5625 -3.6875 
vt 61.3125 -5.0625 
vt 62.4375 -6.0625 
vt 61.3125 -5.1875 
vt 62.5625 -6.3125 
vt 61.1875 -3.6875 
vt 61.3125 -3.6875 
vt 61.3125 -6.0625 
vt 61.1875 -5.0625 
vt 61.1875 -5.1875 
vt 60.0625 -5.0625 
vt 61.1875 -6.0625 
vt 60.0625 -5.1875 
vt 59.9375 -3.6875 
vt 60.0625 -3.6875 
vt 60.0625 -6.0625 
vt 60.0625 -6.1875 
vt 59.9375 -5.0625 
vt 59.9375 -5.1875 
vt 58.8125 -5.0625 
vt 59.9375 -6.0625 
vt 58.8125 -5.1875 
vt 59.9375 -6.1875 
vt 58.8125 -6.0625 
vt 58.6875 -3.6875 
vt 58.8125 -3.6875 
vt 58.8125 -6.1875 
vt 58.6875 -5.0625 
vt 58.6875 -5.1875 
vt 57.5625 -5.0625 
vt 58.6875 -6.0625 
vt 57.5625 -5.1875 
vt 57.4375 -3.6875 
vt 57.5625 -3.6875 
vt 57.5625 -6.0625 
vt 57.4375 -6.1875 
vt 57.4375 -6.3125 
vt 58.6875 -6.1875 
vt 59.9375 -3.6875 
vt 60.0625 -6.3125 
vt 59.9375 -6.1875 
vt 60.0625 -6.1875 
vt 59.9375 -3.6875 
vt 60.0625 -3.6875 
vt 59.9375 -6.3125 
vt 60.0625 -6.3125 
vt 59.9375 -3.6875 
vt 60.0625 -3.6875 
vt 59.9375 -3.6875 
vt 59.9375 -3.6875 
vt 59.9375 -5.0625 
vt 60.0625 -5.0625 
vt 59.9375 -3.6875 
vt 60.0625 -3.6875 
vt 60.0625 -5.1875 
vt 59.9375 -5.1875 
vt 60.0625 -6.0625 
vt 59.9375 -6.0625 
vt 60.0625 -6.0625 
vt 59.9375 -6.0625 
vt 60.0625 -5.1875 
vt 59.9375 -5.1875 
vt 60.0625 -5.0625 
vt 60.0625 -5.0625 
vt 60.0625 -5.0625 
vt 60.0625 -5.1875 
vt 60.0625 -6.0625 
vt 60.0625 -6.0625 
vt 60.0625 -6.1875 
vt 59.9375 -6.0625 
vt 59.9375 -6.1875 
vt 59.9375 -5.1875 
vt 59.9375 -6.1875 
vt 59.9375 -6.0625 
vt 59.9375 -5.1875 
vt 60.0625 -5.1875 
vt 59.9375 -5.1875 
vt 60.0625 -6.0625 
vt 59.9375 -6.0625 
vt 60.0625 -3.6875 
vt 59.9375 -3.6875 
vt 60.0625 -5.0625 
vt 59.9375 -5.0625 
vt 59.9375 -5.1875 
vt 59.9375 -6.0625 
vt 60.0625 -6.0625 
vt 60.0625 -5.1875 
vt 59.9375 -5.0625 
vt 60.0625 -5.0625 
vt 59.9375 -3.6875 
vt 60.0625 -3.6875 
vt 60.0625 -3.6875 
vt 59.9375 -3.6875 
vt 60.0625 -5.0625 
vt 59.9375 -5.0625 
vt 60.0625 -5.1875 
vt 59.9375 -5.1875 
vt 60.0625 -6.0625 
vt 59.9375 -6.0625 
vt 58.6875 -4.9375 
vt 58.6875 -4.9375 
vt 58.6875 -5.0625 
vt 61.3125 -4.9375 
vt 61.3125 -5.0625 
vt 61.3125 -4.9375 
vt 57.4375 -5.0625 
vt 62.5625 -5.0625 
vt 57.4375 -4.9375 
vt 62.5625 -4.9375 
vt 59.9375 -4.9375 
vt 62.4375 -5.0625 
vt 57.5625 -4.9375 
vt 62.4375 -4.9375 
vt 60.0625 -4.9375 
vt 60.0625 -5.0625 
vt 60.0625 -5.0625 
vt 57.5625 -5.0625 
vt 58.6875 -4.9375 
vt 57.5625 -4.9375 
vt 58.6875 -5.0625 
vt 57.5625 -5.0625 
vt 62.4375 -5.0625 
vt 62.4375 -4.9375 
vt 61.3125 -4.9375 
vt 61.3125 -5.0625 
vt 58.8125 -4.9375 
vt 58.8125 -5.0625 
vt 59.9375 -5.0625 
vt 59.9375 -4.9375 
vt 61.1875 -5.0625 
vt 61.1875 -4.9375 
vt 60.0625 -4.9375 
vt 60.0625 -5.0625 
vt 57.4375 -3.6875 
vt 57.4375 -6.1875 
vt 57.4375 -6.3125 
vt 62.5625 -6.1875 
vt 62.5625 -3.6875 
vt 62.5625 -6.3125 
vt 61.1875 -3.6875 
vt 61.3125 -5.0625 
vt 61.3125 -5.1875 
vt 61.3125 -6.0625 
vt 61.3125 -6.0625 
vt 58.6875 -6.0625 
vt 61.1875 -5.0625 
vt 60.0625 -5.0625 
vt 57.5625 -5.0625 
vt 62.4375 -5.0625 
vt 61.1875 -6.0625 
vt 62.4375 -6.0625 
vt 57.5625 -5.1875 
vt 57.4375 -3.6875 
vt 57.5625 -6.0625 
vt 57.4375 -6.1875 
vt 57.5625 -5.0625 
vt 57.5625 -3.6875 
vt 58.6875 -5.1875 
vt 58.6875 -5.0625 
vt 57.4375 -6.3125 
vt 58.8125 -6.1875 
vt 58.6875 -6.1875 
vt 58.6875 -6.0625 
vt 62.5625 -6.3125 
vt 58.6875 -3.6875 
vt 58.8125 -6.0625 
vt 58.8125 -5.1875 
vt 58.8125 -5.0625 
vt 58.8125 -3.6875 
vt 59.9375 -5.1875 
vt 59.9375 -5.0625 
vt 59.9375 -6.1875 
vt 59.9375 -6.0625 
vt 60.0625 -6.1875 
vt 59.9375 -3.6875 
vt 61.1875 -6.0625 
vt 60.0625 -6.0625 
vt 60.0625 -5.1875 
vt 60.0625 -5.0625 
vt 60.0625 -3.6875 
vt 61.1875 -5.1875 
vt 61.1875 -5.0625 
vt 61.3125 -6.0625 
vt 61.1875 -3.6875 
vt 62.4375 -6.0625 
vt 61.3125 -5.1875 
vt 62.5625 -6.1875 
vt 61.3125 -5.0625 
vt 61.3125 -3.6875 
vt 62.4375 -5.1875 
vt 62.4375 -5.0625 
vt 62.4375 -3.6875 
vt 62.5625 -3.6875 

usemtl Union111Mtl

f 609/609/609 610/610/610 611/611/611 
f 610/610/610 609/609/609 612/612/612 
f 612/612/612 613/613/613 610/610/610 
f 614/614/614 610/610/610 613/613/613 
f 626/626/626 627/627/627 628/628/628 
f 629/629/629 628/628/628 627/627/627 
f 630/630/630 631/631/631 632/632/632 
f 633/633/633 630/630/630 632/632/632 
f 646/646/646 647/647/647 648/648/648 
f 649/649/649 646/646/646 648/648/648 
f 650/650/650 651/651/651 652/652/652 
f 653/653/653 652/652/652 651/651/651 
f 654/654/654 655/655/655 656/656/656 
f 657/657/657 656/656/656 655/655/655 
f 658/658/658 659/659/659 660/660/660 
f 659/659/659 661/661/661 660/660/660 
f 662/662/662 663/663/663 664/664/664 
f 665/665/665 664/664/664 663/663/663 
f 666/666/666 667/667/667 668/668/668 
f 669/669/669 668/668/668 667/667/667 
f 673/673/673 674/674/674 675/675/675 
f 675/675/675 674/674/674 676/676/676 
f 677/677/677 678/678/678 679/679/679 
f 680/680/680 678/678/678 677/677/677 
f 681/681/681 682/682/682 683/683/683 
f 684/684/684 682/682/682 681/681/681 
f 685/685/685 686/686/686 687/687/687 
f 688/688/688 687/687/687 686/686/686 
f 689/689/689 690/690/690 691/691/691 
f 692/692/692 690/690/690 689/689/689 
f 700/700/700 701/701/701 702/702/702 
f 703/703/703 700/700/700 702/702/702 
f 704/704/704 705/705/705 706/706/706 
f 707/707/707 706/706/706 705/705/705 
f 708/708/708 709/709/709 710/710/710 
f 711/711/711 710/710/710 709/709/709 
f 712/712/712 713/713/713 714/714/714 
f 713/713/713 715/715/715 714/714/714 
f 728/728/728 729/729/729 730/730/730 
f 730/730/730 729/729/729 731/731/731 
f 732/732/732 733/733/733 734/734/734 
f 733/733/733 732/732/732 735/735/735 
f 736/736/736 737/737/737 738/738/738 
f 739/739/739 737/737/737 736/736/736 
f 740/740/740 741/741/741 742/742/742 
f 741/741/741 740/740/740 743/743/743 
f 760/760/760 761/761/761 762/762/762 
f 760/760/760 763/763/763 761/761/761 
f 763/763/763 760/760/760 764/764/764 
f 761/761/761 765/765/765 762/762/762 
f 766/766/766 760/760/760 762/762/762 
f 767/767/767 762/762/762 765/765/765 
f 768/768/768 760/760/760 766/766/766 
f 769/769/769 767/767/767 765/765/765 
f 769/769/769 765/765/765 770/770/770 
f 769/769/769 771/771/771 767/767/767 
f 768/768/768 766/766/766 771/771/771 
f 772/772/772 771/771/771 769/769/769 
f 773/773/773 771/771/771 772/772/772 
f 772/772/772 774/774/774 773/773/773 
f 775/775/775 771/771/771 773/773/773 
f 768/768/768 771/771/771 775/775/775 
f 776/776/776 773/773/773 774/774/774 
f 774/774/774 777/777/777 776/776/776 
f 778/778/778 777/777/777 774/774/774 
f 776/776/776 777/777/777 779/779/779 
f 775/775/775 779/779/779 780/780/780 
f 777/777/777 780/780/780 779/779/779 
f 768/768/768 775/775/775 780/780/780 
f 781/781/781 780/780/780 777/777/777 
f 782/782/782 780/780/780 781/781/781 
f 781/781/781 783/783/783 782/782/782 
f 784/784/784 780/780/780 782/782/782 
f 785/785/785 782/782/782 783/783/783 
f 786/786/786 780/780/780 784/784/784 
f 786/786/786 768/768/768 780/780/780 
f 784/784/784 787/787/787 786/786/786 
f 783/783/783 788/788/788 785/785/785 
f 785/785/785 788/788/788 787/787/787 
f 788/788/788 783/783/783 789/789/789 
f 786/786/786 787/787/787 790/790/790 
f 788/788/788 790/790/790 787/787/787 
f 786/786/786 790/790/790 768/768/768 
f 790/790/790 788/788/788 791/791/791 
f 790/790/790 791/791/791 792/792/792 
f 791/791/791 793/793/793 792/792/792 
f 794/794/794 790/790/790 792/792/792 
f 795/795/795 792/792/792 793/793/793 
f 793/793/793 796/796/796 795/795/795 
f 796/796/796 793/793/793 797/797/797 
f 795/795/795 796/796/796 798/798/798 
f 799/799/799 798/798/798 796/796/796 
f 798/798/798 799/799/799 800/800/800 
f 801/801/801 790/790/790 794/794/794 
f 794/794/794 798/798/798 801/801/801 
f 801/801/801 798/798/798 800/800/800 
f 790/790/790 801/801/801 768/768/768 
f 801/801/801 800/800/800 768/768/768 
f 804/804/804 805/805/805 806/806/806 
f 806/806/806 805/805/805 807/807/807 
f 804/804/804 808/808/808 805/805/805 
f 809/809/809 805/805/805 808/808/808 
f 814/814/814 815/815/815 816/816/816 
f 817/817/817 816/816/816 815/815/815 
f 818/818/818 819/819/819 820/820/820 
f 819/819/819 821/821/821 820/820/820 
f 839/839/839 840/840/840 841/841/841 
f 840/840/840 842/842/842 841/841/841 
f 843/843/843 844/844/844 845/845/845 
f 846/846/846 845/845/845 844/844/844 
f 847/847/847 848/848/848 849/849/849 
f 850/850/850 847/847/847 849/849/849 
f 851/851/851 852/852/852 853/853/853 
f 854/854/854 853/853/853 852/852/852 
f 855/855/855 856/856/856 857/857/857 
f 858/858/858 857/857/857 856/856/856 
f 859/859/859 860/860/860 861/861/861 
f 862/862/862 861/861/861 860/860/860 
f 869/869/869 870/870/870 871/871/871 
f 870/870/870 872/872/872 871/871/871 
f 881/881/881 882/882/882 883/883/883 
f 882/882/882 884/884/884 883/883/883 
f 885/885/885 886/886/886 887/887/887 
f 888/888/888 885/885/885 887/887/887 
f 889/889/889 890/890/890 891/891/891 
f 892/892/892 889/889/889 891/891/891 
f 893/893/893 894/894/894 895/895/895 
f 896/896/896 893/893/893 895/895/895 
f 915/915/915 916/916/916 917/917/917 
f 917/917/917 916/916/916 918/918/918 
f 919/919/919 916/916/916 915/915/915 
f 916/916/916 919/919/919 920/920/920 
f 915/915/915 921/921/921 919/919/919 
f 922/922/922 919/919/919 921/921/921 
f 917/917/917 918/918/918 923/923/923 
f 924/924/924 922/922/922 921/921/921 
f 925/925/925 917/917/917 923/923/923 
f 926/926/926 917/917/917 925/925/925 
f 926/926/926 924/924/924 921/921/921 
f 924/924/924 926/926/926 925/925/925 
f 925/925/925 923/923/923 927/927/927 
f 924/924/924 925/925/925 927/927/927 
f 924/924/924 928/928/928 922/922/922 
f 928/928/928 924/924/924 929/929/929 
f 930/930/930 928/928/928 929/929/929 
f 931/931/931 928/928/928 930/930/930 
f 928/928/928 931/931/931 932/932/932 
f 930/930/930 933/933/933 931/931/931 
f 934/934/934 931/931/931 933/933/933 
f 935/935/935 929/929/929 924/924/924 
f 935/935/935 924/924/924 927/927/927 
f 936/936/936 929/929/929 935/935/935 
f 936/936/936 937/937/937 933/933/933 
f 933/933/933 937/937/937 934/934/934 
f 935/935/935 937/937/937 936/936/936 
f 935/935/935 927/927/927 937/937/937 
f 934/934/934 937/937/937 938/938/938 
f 927/927/927 939/939/939 937/937/937 
f 938/938/938 937/937/937 940/940/940 
f 939/939/939 940/940/940 937/937/937 
f 941/941/941 938/938/938 940/940/940 
f 942/942/942 938/938/938 941/941/941 
f 943/943/943 938/938/938 942/942/942 
f 941/941/941 944/944/944 942/942/942 
f 945/945/945 942/942/942 944/944/944 
f 946/946/946 944/944/944 939/939/939 
f 944/944/944 946/946/946 945/945/945 
f 927/927/927 946/946/946 939/939/939 
f 945/945/945 946/946/946 947/947/947 
f 927/927/927 948/948/948 946/946/946 
f 949/949/949 947/947/947 946/946/946 
f 927/927/927 950/950/950 948/948/948 
f 951/951/951 947/947/947 949/949/949 
f 947/947/947 951/951/951 952/952/952 
f 949/949/949 953/953/953 951/951/951 
f 950/950/950 953/953/953 948/948/948 
f 954/954/954 951/951/951 953/953/953 
f 950/950/950 954/954/954 953/953/953 
f 950/950/950 955/955/955 954/954/954 
f 955/955/955 950/950/950 956/956/956 

g Union11

v 321 24 449.5 
v 321 25 449.5 
v 321 24 534.5 
v 321 25 534.5 
v 220 25 574.5 
v 220 24 554.5 
v 220 25 554.5 
v 220 24 574.5 
v 220 25 614.5 
v 220 24 614.5 
v 220 24 594.5 
v 220 25 594.5 
v 220 25 654.5 
v 220 24 634.5 
v 220 25 634.5 
v 220 24 654.5 
v 219 25 519.5 
v 219 24 499.5 
v 219 25 499.5 
v 219 24 519.5 
v 205 24 554.5 
v 205 24 534.5 
v 205 25 554.5 
v 205 25 534.5 
v 205 25 594.5 
v 205 24 594.5 
v 205 24 574.5 
v 205 25 574.5 
v 205 25 634.5 
v 205 24 634.5 
v 205 24 614.5 
v 205 25 614.5 
v 205 25 709.5 
v 205 24 654.5 
v 205 25 654.5 
v 205 24 674.5 
v 205 24 729.5 
v 205 25 729.5 
v 182 25 464.5 
v 182 24 499.5 
v 182 24 464.5 
v 182 25 499.5 
v 128 24 479.5 
v 128 25 509.5 
v 128 24 509.5 
v 128 25 479.5 
v 100 24 566.5 
v 100 24 524.5 
v 100 25 524.5 
v 100 25 566.5 
v 80 24 674.5 
v 80 24 629.5 
v 80 25 674.5 
v 80 25 629.5 
v 80 25 709.5 
v 80 25 734.5 
v 80 24 709.5 
v 80 24 734.5 
v 60 25 540.5 
v 60 24 524.5 
v 60 25 524.5 
v 60 24 540.5 
v 23 25 540.5 
v 23 24 524.5 
v 23 25 524.5 
v 23 24 540.5 
v 13 25 628.5 
v 13 24 598.5 
v 13 25 598.5 
v 13 24 628.5 
v -10 24 629.5 
v -10 24 628.5 
v -10 25 628.5 
v -10 25 629.5 
v -10 25 598.5 
v -10 24 598.5 
v -10 25 524.5 
v -10 24 524.5 
v -59 25 719.5 
v -59 24 644.5 
v -59 25 644.5 
v -59 24 719.5 
v 182 25 464.5 
v 306 25 464.5 
v 321 25 449.5 
v 306 25 519.5 
v 167 25 449.5 
v 321 25 534.5 
v 219 25 519.5 
v 182 25 499.5 
v 167 25 499.5 
v 219 25 499.5 
v 219 25 534.5 
v 129 25 499.5 
v 205 25 534.5 
v 190 25 534.5 
v 129 25 509.5 
v 205 25 554.5 
v 190 25 554.5 
v 220 25 574.5 
v 220 25 554.5 
v 175 25 554.5 
v 205 25 574.5 
v 190 25 574.5 
v 175 25 574.5 
v 205 25 594.5 
v 190 25 594.5 
v 220 25 614.5 
v 220 25 594.5 
v 175 25 594.5 
v 205 25 614.5 
v 190 25 614.5 
v 175 25 614.5 
v 205 25 634.5 
v 190 25 634.5 
v 220 25 654.5 
v 220 25 634.5 
v 175 25 634.5 
v 205 25 654.5 
v 190 25 654.5 
v 175 25 654.5 
v 205 25 709.5 
v 190 25 674.5 
v 80 25 674.5 
v 190 25 709.5 
v 205 25 729.5 
v 190 25 729.5 
v 80 25 709.5 
v 65 25 644.5 
v 80 25 629.5 
v 80 25 734.5 
v -10 25 629.5 
v 65 25 719.5 
v -74 25 734.5 
v -59 25 719.5 
v -59 25 644.5 
v -74 25 629.5 
v -25 25 629.5 
v -25 25 524.5 
v -10 25 628.5 
v -10 25 598.5 
v 13 25 628.5 
v 13 25 598.5 
v -10 25 524.5 
v -40 25 509.5 
v -40 25 524.5 
v 10 25 524.5 
v 10 25 540.5 
v 23 25 540.5 
v 23 25 524.5 
v 47 25 524.5 
v 47 25 540.5 
v 60 25 540.5 
v 60 25 524.5 
v 80 25 524.5 
v 80 25 509.5 
v 100 25 566.5 
v 80 25 566.5 
v 80 25 479.5 
v 100 25 524.5 
v 129 25 524.5 
v 128 25 509.5 
v 128 25 479.5 
v 129 25 534.5 
v -74 25 734.5 
v 80 24 734.5 
v 80 25 734.5 
v -74 24 734.5 
v 190 24 729.5 
v 205 24 729.5 
v 190 25 729.5 
v 205 25 729.5 
v 80 24 709.5 
v 190 24 709.5 
v 190 25 709.5 
v 80 25 709.5 
v 190 25 654.5 
v 175 25 654.5 
v 175 24 654.5 
v 190 24 654.5 
v 205 24 654.5 
v 220 24 654.5 
v 220 25 654.5 
v 205 25 654.5 
v -59 24 644.5 
v 65 24 644.5 
v -59 25 644.5 
v 65 25 644.5 
v -10 25 628.5 
v 13 24 628.5 
v 13 25 628.5 
v -10 24 628.5 
v 205 24 614.5 
v 220 24 614.5 
v 220 25 614.5 
v 205 25 614.5 
v 175 24 614.5 
v 190 24 614.5 
v 190 25 614.5 
v 175 25 614.5 
v 205 24 574.5 
v 220 25 574.5 
v 205 25 574.5 
v 220 24 574.5 
v 190 25 574.5 
v 175 25 574.5 
v 175 24 574.5 
v 190 24 574.5 
v 80 25 566.5 
v 100 24 566.5 
v 100 25 566.5 
v 80 24 566.5 
v 47 25 540.5 
v 60 24 540.5 
v 60 25 540.5 
v 47 24 540.5 
v 10 25 540.5 
v 23 24 540.5 
v 23 25 540.5 
v 10 24 540.5 
v 219 25 534.5 
v 321 24 534.5 
v 321 25 534.5 
v 205 25 534.5 
v 205 24 534.5 
v 190 25 534.5 
v 129 25 534.5 
v 190 24 534.5 
v 129 24 534.5 
v 100 24 524.5 
v 129 24 524.5 
v 100 25 524.5 
v 129 25 524.5 
v 60 25 524.5 
v 80 24 524.5 
v 80 25 524.5 
v 60 24 524.5 
v 23 25 524.5 
v 47 24 524.5 
v 47 25 524.5 
v 23 24 524.5 
v -10 25 524.5 
v 10 24 524.5 
v 10 25 524.5 
v -10 24 524.5 
v -40 25 524.5 
v -25 24 524.5 
v -25 25 524.5 
v -40 24 524.5 
v 182 25 464.5 
v 306 24 464.5 
v 306 25 464.5 
v 182 24 464.5 
v -74 24 629.5 
v -74 25 734.5 
v -74 25 629.5 
v -74 24 734.5 
v -40 24 509.5 
v -40 24 524.5 
v -40 25 509.5 
v -40 25 524.5 
v -25 24 524.5 
v -25 24 629.5 
v -25 25 524.5 
v -25 25 629.5 
v 10 25 524.5 
v 10 24 540.5 
v 10 25 540.5 
v 10 24 524.5 
v 47 24 524.5 
v 47 24 540.5 
v 47 25 524.5 
v 47 25 540.5 
v 65 24 719.5 
v 65 25 644.5 
v 65 24 644.5 
v 65 25 719.5 
v 80 24 479.5 
v 80 24 509.5 
v 80 25 509.5 
v 80 25 479.5 
v 80 24 524.5 
v 80 24 566.5 
v 80 25 566.5 
v 80 25 524.5 
v 129 25 524.5 
v 129 24 534.5 
v 129 25 534.5 
v 129 24 524.5 
v 129 24 499.5 
v 129 24 509.5 
v 129 25 499.5 
v 129 25 509.5 
v 167 24 449.5 
v 167 24 499.5 
v 167 25 449.5 
v 167 25 499.5 
v 175 25 554.5 
v 175 24 574.5 
v 175 25 574.5 
v 175 24 554.5 
v 175 24 594.5 
v 175 24 614.5 
v 175 25 594.5 
v 175 25 614.5 
v 175 25 634.5 
v 175 24 654.5 
v 175 25 654.5 
v 175 24 634.5 
v 190 24 554.5 
v 190 25 534.5 
v 190 24 534.5 
v 190 25 554.5 
v 190 24 574.5 
v 190 24 594.5 
v 190 25 574.5 
v 190 25 594.5 
v 190 25 614.5 
v 190 24 634.5 
v 190 25 634.5 
v 190 24 614.5 
v 190 24 654.5 
v 190 24 674.5 
v 190 25 654.5 
v 190 25 674.5 
v 190 24 709.5 
v 190 24 729.5 
v 190 25 709.5 
v 190 25 729.5 
v 306 24 464.5 
v 306 24 519.5 
v 306 25 464.5 
v 306 25 519.5 
v 321 24 534.5 
v 306 24 464.5 
v 321 24 449.5 
v 306 24 519.5 
v 182 24 464.5 
v 219 24 519.5 
v 167 24 449.5 
v 205 24 534.5 
v 167 24 499.5 
v 190 24 534.5 
v 219 24 499.5 
v 190 24 554.5 
v 129 24 534.5 
v 205 24 554.5 
v 182 24 499.5 
v 129 24 524.5 
v 175 24 574.5 
v 175 24 554.5 
v 220 24 554.5 
v 190 24 574.5 
v 205 24 574.5 
v 220 24 574.5 
v 190 24 594.5 
v 205 24 594.5 
v 175 24 614.5 
v 175 24 594.5 
v 220 24 594.5 
v 190 24 614.5 
v 205 24 614.5 
v 220 24 614.5 
v 190 24 634.5 
v 205 24 634.5 
v 175 24 654.5 
v 175 24 634.5 
v 220 24 634.5 
v 190 24 654.5 
v 205 24 654.5 
v 220 24 654.5 
v 190 24 674.5 
v 205 24 674.5 
v 80 24 709.5 
v 80 24 674.5 
v 190 24 709.5 
v 205 24 729.5 
v 190 24 729.5 
v 65 24 719.5 
v 80 24 734.5 
v 80 24 629.5 
v -74 24 734.5 
v 65 24 644.5 
v -59 24 719.5 
v -10 24 629.5 
v -74 24 629.5 
v -59 24 644.5 
v -25 24 629.5 
v -10 24 628.5 
v 13 24 598.5 
v 13 24 628.5 
v -10 24 598.5 
v -10 24 524.5 
v -25 24 524.5 
v 80 24 509.5 
v -40 24 524.5 
v -40 24 509.5 
v 10 24 524.5 
v 23 24 524.5 
v 10 24 540.5 
v 23 24 540.5 
v 47 24 524.5 
v 60 24 524.5 
v 47 24 540.5 
v 60 24 540.5 
v 80 24 524.5 
v 100 24 524.5 
v 80 24 566.5 
v 100 24 566.5 
v 80 24 479.5 
v 128 24 479.5 
v 128 24 509.5 
v 129 24 509.5 
v 129 24 499.5 
v 321 25 449.5 
v 321 24 449.5 
v 167 24 449.5 
v 167 25 449.5 
v 128 25 479.5 
v 128 24 479.5 
v 80 24 479.5 
v 80 25 479.5 
v 167 24 499.5 
v 129 24 499.5 
v 167 25 499.5 
v 129 25 499.5 
v 219 24 499.5 
v 182 24 499.5 
v 219 25 499.5 
v 182 25 499.5 
v 80 25 509.5 
v -40 24 509.5 
v -40 25 509.5 
v 80 24 509.5 
v 129 24 509.5 
v 128 24 509.5 
v 129 25 509.5 
v 128 25 509.5 
v 306 25 519.5 
v 219 24 519.5 
v 219 25 519.5 
v 306 24 519.5 
v 220 25 554.5 
v 220 24 554.5 
v 205 25 554.5 
v 205 24 554.5 
v 190 24 554.5 
v 175 24 554.5 
v 175 25 554.5 
v 190 25 554.5 
v 190 24 594.5 
v 175 24 594.5 
v 175 25 594.5 
v 190 25 594.5 
v 220 24 594.5 
v 205 24 594.5 
v 205 25 594.5 
v 220 25 594.5 
v 13 25 598.5 
v -10 24 598.5 
v -10 25 598.5 
v 13 24 598.5 
v -74 24 629.5 
v -25 25 629.5 
v -25 24 629.5 
v -74 25 629.5 
v 80 25 629.5 
v -10 24 629.5 
v -10 25 629.5 
v 80 24 629.5 
v 220 25 634.5 
v 220 24 634.5 
v 205 25 634.5 
v 205 24 634.5 
v 190 24 634.5 
v 175 24 634.5 
v 175 25 634.5 
v 190 25 634.5 
v 190 25 674.5 
v 190 24 674.5 
v 80 25 674.5 
v 80 24 674.5 
v 65 24 719.5 
v -59 24 719.5 
v 65 25 719.5 
v -59 25 719.5 

vn 1 0 0 
vn 1 0 0 
vn 1 0 0 
vn 1 0 0 
vn 1 0 0 
vn 1 0 0 
vn 1 0 0 
vn 1 0 0 
vn 1 0 0 
vn 1 0 0 
vn 1 0 0 
vn 1 0 0 
vn 1 0 0 
vn 1 0 0 
vn 1 0 0 
vn 1 0 0 
vn 1 0 0 
vn 1 0 0 
vn 1 0 0 
vn 1 0 0 
vn 1 0 0 
vn 1 0 0 
vn 1 0 0 
vn 1 0 0 
vn 1 0 0 
vn 1 0 0 
vn 1 0 0 
vn 1 0 0 
vn 1 0 0 
vn 1 0 0 
vn 1 0 0 
vn 1 0 0 
vn 1 0 0 
vn 1 0 0 
vn 1 0 0 
vn 1 0 0 
vn 1 0 0 
vn 1 0 0 
vn 1 0 0 
vn 1 0 0 
vn 1 0 0 
vn 1 0 0 
vn 1 0 0 
vn 1 0 0 
vn 1 0 0 
vn 1 0 0 
vn 1 0 0 
vn 1 0 0 
vn 1 0 0 
vn 1 0 0 
vn 1 0 0 
vn 1 0 0 
vn 1 0 0 
vn 1 0 0 
vn 1 0 0 
vn 1 0 0 
vn 1 0 0 
vn 1 0 0 
vn 1 0 0 
vn 1 0 0 
vn 1 0 0 
vn 1 0 0 
vn 1 0 0 
vn 1 0 0 
vn 1 0 0 
vn 1 0 0 
vn 1 0 0 
vn 1 0 0 
vn 1 0 0 
vn 1 0 0 
vn 1 0 0 
vn 1 0 0 
vn 1 0 0 
vn 1 0 0 
vn 1 0 0 
vn 1 0 0 
vn 1 0 0 
vn 1 0 0 
vn 1 0 0 
vn 1 0 0 
vn 1 0 0 
vn 1 0 0 
vn 0 1 0 
vn 0 1 0 
vn 0 1 0 
vn 0 1 0 
vn 0 1 0 
vn 0 1 0 
vn 0 1 0 
vn 0 1 0 
vn 0 1 0 
vn 0 1 0 
vn 0 1 0 
vn 0 1 0 
vn 0 1 0 
vn 0 1 0 
vn 0 1 0 
vn 0 1 0 
vn 0 1 0 
vn 0 1 0 
vn 0 1 0 
vn 0 1 0 
vn 0 1 0 
vn 0 1 0 
vn 0 1 0 
vn 0 1 0 
vn 0 1 0 
vn 0 1 0 
vn 0 1 0 
vn 0 1 0 
vn 0 1 0 
vn 0 1 0 
vn 0 1 0 
vn 0 1 0 
vn 0 1 0 
vn 0 1 0 
vn 0 1 0 
vn 0 1 0 
vn 0 1 0 
vn 0 1 0 
vn 0 1 0 
vn 0 1 0 
vn 0 1 0 
vn 0 1 0 
vn 0 1 0 
vn 0 1 0 
vn 0 1 0 
vn 0 1 0 
vn 0 1 0 
vn 0 1 0 
vn 0 1 0 
vn 0 1 0 
vn 0 1 0 
vn 0 1 0 
vn 0 1 0 
vn 0 1 0 
vn 0 1 0 
vn 0 1 0 
vn 0 1 0 
vn 0 1 0 
vn 0 1 0 
vn 0 1 0 
vn 0 1 0 
vn 0 1 0 
vn 0 1 0 
vn 0 1 0 
vn 0 1 0 
vn 0 1 0 
vn 0 1 0 
vn 0 1 0 
vn 0 1 0 
vn 0 1 0 
vn 0 1 0 
vn 0 1 0 
vn 0 1 0 
vn 0 1 0 
vn 0 1 0 
vn 0 1 0 
vn 0 1 0 
vn 0 1 0 
vn 0 1 0 
vn 0 1 0 
vn 0 1 0 
vn 0 1 0 
vn 0 0 1 
vn 0 0 1 
vn 0 0 1 
vn 0 0 1 
vn 0 0 1 
vn 0 0 1 
vn 0 0 1 
vn 0 0 1 
vn 0 0 1 
vn 0 0 1 
vn 0 0 1 
vn 0 0 1 
vn 0 0 1 
vn 0 0 1 
vn 0 0 1 
vn 0 0 1 
vn 0 0 1 
vn 0 0 1 
vn 0 0 1 
vn 0 0 1 
vn 0 0 1 
vn 0 0 1 
vn 0 0 1 
vn 0 0 1 
vn 0 0 1 
vn 0 0 1 
vn 0 0 1 
vn 0 0 1 
vn 0 0 1 
vn 0 0 1 
vn 0 0 1 
vn 0 0 1 
vn 0 0 1 
vn 0 0 1 
vn 0 0 1 
vn 0 0 1 
vn 0 0 1 
vn 0 0 1 
vn 0 0 1 
vn 0 0 1 
vn 0 0 1 
vn 0 0 1 
vn 0 0 1 
vn 0 0 1 
vn 0 0 1 
vn 0 0 1 
vn 0 0 1 
vn 0 0 1 
vn 0 0 1 
vn 0 0 1 
vn 0 0 1 
vn 0 0 1 
vn 0 0 1 
vn 0 0 1 
vn 0 0 1 
vn 0 0 1 
vn 0 0 1 
vn 0 0 1 
vn 0 0 1 
vn 0 0 1 
vn 0 0 1 
vn 0 0 1 
vn 0 0 1 
vn 0 0 1 
vn 0 0 1 
vn 0 0 1 
vn 0 0 1 
vn 0 0 1 
vn 0 0 1 
vn 0 0 1 
vn 0 0 1 
vn 0 0 1 
vn 0 0 1 
vn 0 0 1 
vn 0 0 1 
vn 0 0 1 
vn 0 0 1 
vn 0 0 1 
vn 0 0 1 
vn 0 0 1 
vn 0 0 1 
vn 0 0 1 
vn 0 0 1 
vn 0 0 1 
vn 0 0 1 
vn 0 0 1 
vn 0 0 1 
vn 0 0 1 
vn 0 0 1 
vn -1 0 0 
vn -1 0 0 
vn -1 0 0 
vn -1 0 0 
vn -1 0 0 
vn -1 0 0 
vn -1 0 0 
vn -1 0 0 
vn -1 0 0 
vn -1 0 0 
vn -1 0 0 
vn -1 0 0 
vn -1 0 0 
vn -1 0 0 
vn -1 0 0 
vn -1 0 0 
vn -1 0 0 
vn -1 0 0 
vn -1 0 0 
vn -1 0 0 
vn -1 0 0 
vn -1 0 0 
vn -1 0 0 
vn -1 0 0 
vn -1 0 0 
vn -1 0 0 
vn -1 0 0 
vn -1 0 0 
vn -1 0 0 
vn -1 0 0 
vn -1 0 0 
vn -1 0 0 
vn -1 0 0 
vn -1 0 0 
vn -1 0 0 
vn -1 0 0 
vn -1 0 0 
vn -1 0 0 
vn -1 0 0 
vn -1 0 0 
vn -1 0 0 
vn -1 0 0 
vn -1 0 0 
vn -1 0 0 
vn -1 0 0 
vn -1 0 0 
vn -1 0 0 
vn -1 0 0 
vn -1 0 0 
vn -1 0 0 
vn -1 0 0 
vn -1 0 0 
vn -1 0 0 
vn -1 0 0 
vn -1 0 0 
vn -1 0 0 
vn -1 0 0 
vn -1 0 0 
vn -1 0 0 
vn -1 0 0 
vn -1 0 0 
vn -1 0 0 
vn -1 0 0 
vn -1 0 0 
vn -1 0 0 
vn -1 0 0 
vn -1 0 0 
vn -1 0 0 
vn -1 0 0 
vn -1 0 0 
vn -1 0 0 
vn -1 0 0 
vn -1 0 0 
vn -1 0 0 
vn -1 0 0 
vn -1 0 0 
vn -1 0 0 
vn -1 0 0 
vn -1 0 0 
vn -1 0 0 
vn 0 -1 0 
vn 0 -1 0 
vn 0 -1 0 
vn 0 -1 0 
vn 0 -1 0 
vn 0 -1 0 
vn 0 -1 0 
vn 0 -1 0 
vn 0 -1 0 
vn 0 -1 0 
vn 0 -1 0 
vn 0 -1 0 
vn 0 -1 0 
vn 0 -1 0 
vn 0 -1 0 
vn 0 -1 0 
vn 0 -1 0 
vn 0 -1 0 
vn 0 -1 0 
vn 0 -1 0 
vn 0 -1 0 
vn 0 -1 0 
vn 0 -1 0 
vn 0 -1 0 
vn 0 -1 0 
vn 0 -1 0 
vn 0 -1 0 
vn 0 -1 0 
vn 0 -1 0 
vn 0 -1 0 
vn 0 -1 0 
vn 0 -1 0 
vn 0 -1 0 
vn 0 -1 0 
vn 0 -1 0 
vn 0 -1 0 
vn 0 -1 0 
vn 0 -1 0 
vn 0 -1 0 
vn 0 -1 0 
vn 0 -1 0 
vn 0 -1 0 
vn 0 -1 0 
vn 0 -1 0 
vn 0 -1 0 
vn 0 -1 0 
vn 0 -1 0 
vn 0 -1 0 
vn 0 -1 0 
vn 0 -1 0 
vn 0 -1 0 
vn 0 -1 0 
vn 0 -1 0 
vn 0 -1 0 
vn 0 -1 0 
vn 0 -1 0 
vn 0 -1 0 
vn 0 -1 0 
vn 0 -1 0 
vn 0 -1 0 
vn 0 -1 0 
vn 0 -1 0 
vn 0 -1 0 
vn 0 -1 0 
vn 0 -1 0 
vn 0 -1 0 
vn 0 -1 0 
vn 0 -1 0 
vn 0 -1 0 
vn 0 -1 0 
vn 0 -1 0 
vn 0 -1 0 
vn 0 -1 0 
vn 0 -1 0 
vn 0 -1 0 
vn 0 -1 0 
vn 0 -1 0 
vn 0 -1 0 
vn 0 -1 0 
vn 0 -1 0 
vn 0 -1 0 
vn 0 0 -1 
vn 0 0 -1 
vn 0 0 -1 
vn 0 0 -1 
vn 0 0 -1 
vn 0 0 -1 
vn 0 0 -1 
vn 0 0 -1 
vn 0 0 -1 
vn 0 0 -1 
vn 0 0 -1 
vn 0 0 -1 
vn 0 0 -1 
vn 0 0 -1 
vn 0 0 -1 
vn 0 0 -1 
vn 0 0 -1 
vn 0 0 -1 
vn 0 0 -1 
vn 0 0 -1 
vn 0 0 -1 
vn 0 0 -1 
vn 0 0 -1 
vn 0 0 -1 
vn 0 0 -1 
vn 0 0 -1 
vn 0 0 -1 
vn 0 0 -1 
vn 0 0 -1 
vn 0 0 -1 
vn 0 0 -1 
vn 0 0 -1 
vn 0 0 -1 
vn 0 0 -1 
vn 0 0 -1 
vn 0 0 -1 
vn 0 0 -1 
vn 0 0 -1 
vn 0 0 -1 
vn 0 0 -1 
vn 0 0 -1 
vn 0 0 -1 
vn 0 0 -1 
vn 0 0 -1 
vn 0 0 -1 
vn 0 0 -1 
vn 0 0 -1 
vn 0 0 -1 
vn 0 0 -1 
vn 0 0 -1 
vn 0 0 -1 
vn 0 0 -1 
vn 0 0 -1 
vn 0 0 -1 
vn 0 0 -1 
vn 0 0 -1 
vn 0 0 -1 
vn 0 0 -1 
vn 0 0 -1 
vn 0 0 -1 
vn 0 0 -1 
vn 0 0 -1 
vn 0 0 -1 
vn 0 0 -1 
vn 0 0 -1 
vn 0 0 -1 
vn 0 0 -1 
vn 0 0 -1 
vn 0 0 -1 
vn 0 0 -1 
vn 0 0 -1 
vn 0 0 -1 

vt 69.8125 -57.0625 
vt 69.8125 -56.9375 
vt 59.1875 -57.0625 
vt 59.1875 -56.9375 
vt 54.1875 -56.9375 
vt 56.6875 -57.0625 
vt 56.6875 -56.9375 
vt 54.1875 -57.0625 
vt 49.1875 -56.9375 
vt 49.1875 -57.0625 
vt 51.6875 -57.0625 
vt 51.6875 -56.9375 
vt 44.1875 -56.9375 
vt 46.6875 -57.0625 
vt 46.6875 -56.9375 
vt 44.1875 -57.0625 
vt 61.0625 -56.9375 
vt 63.5625 -57.0625 
vt 63.5625 -56.9375 
vt 61.0625 -57.0625 
vt 56.6875 -57.0625 
vt 59.1875 -57.0625 
vt 56.6875 -56.9375 
vt 59.1875 -56.9375 
vt 51.6875 -56.9375 
vt 51.6875 -57.0625 
vt 54.1875 -57.0625 
vt 54.1875 -56.9375 
vt 46.6875 -56.9375 
vt 46.6875 -57.0625 
vt 49.1875 -57.0625 
vt 49.1875 -56.9375 
vt 37.3125 -56.9375 
vt 44.1875 -57.0625 
vt 44.1875 -56.9375 
vt 41.6875 -57.0625 
vt 34.8125 -57.0625 
vt 34.8125 -56.9375 
vt 67.9375 -56.9375 
vt 63.5625 -57.0625 
vt 67.9375 -57.0625 
vt 63.5625 -56.9375 
vt 66.0625 -57.0625 
vt 62.3125 -56.9375 
vt 62.3125 -57.0625 
vt 66.0625 -56.9375 
vt 55.1875 -57.0625 
vt 60.4375 -57.0625 
vt 60.4375 -56.9375 
vt 55.1875 -56.9375 
vt 41.6875 -57.0625 
vt 47.3125 -57.0625 
vt 41.6875 -56.9375 
vt 47.3125 -56.9375 
vt 37.3125 -56.9375 
vt 34.1875 -56.9375 
vt 37.3125 -57.0625 
vt 34.1875 -57.0625 
vt 58.4375 -56.9375 
vt 60.4375 -57.0625 
vt 60.4375 -56.9375 
vt 58.4375 -57.0625 
vt 58.4375 -56.9375 
vt 60.4375 -57.0625 
vt 60.4375 -56.9375 
vt 58.4375 -57.0625 
vt 47.4375 -56.9375 
vt 51.1875 -57.0625 
vt 51.1875 -56.9375 
vt 47.4375 -57.0625 
vt 47.3125 -57.0625 
vt 47.4375 -57.0625 
vt 47.4375 -56.9375 
vt 47.3125 -56.9375 
vt 51.1875 -56.9375 
vt 51.1875 -57.0625 
vt 60.4375 -56.9375 
vt 60.4375 -57.0625 
vt 36.0625 -56.9375 
vt 45.4375 -57.0625 
vt 45.4375 -56.9375 
vt 36.0625 -57.0625 
vt 44.6875 -72.9375 
vt 29.1875 -72.9375 
vt 27.3125 -74.8125 
vt 29.1875 -66.0625 
vt 46.5625 -74.8125 
vt 27.3125 -64.1875 
vt 40.0625 -66.0625 
vt 44.6875 -68.5625 
vt 46.5625 -68.5625 
vt 40.0625 -68.5625 
vt 40.0625 -64.1875 
vt 51.3125 -68.5625 
vt 41.8125 -64.1875 
vt 43.6875 -64.1875 
vt 51.3125 -67.3125 
vt 41.8125 -61.6875 
vt 43.6875 -61.6875 
vt 39.9375 -59.1875 
vt 39.9375 -61.6875 
vt 45.5625 -61.6875 
vt 41.8125 -59.1875 
vt 43.6875 -59.1875 
vt 45.5625 -59.1875 
vt 41.8125 -56.6875 
vt 43.6875 -56.6875 
vt 39.9375 -54.1875 
vt 39.9375 -56.6875 
vt 45.5625 -56.6875 
vt 41.8125 -54.1875 
vt 43.6875 -54.1875 
vt 45.5625 -54.1875 
vt 41.8125 -51.6875 
vt 43.6875 -51.6875 
vt 39.9375 -49.1875 
vt 39.9375 -51.6875 
vt 45.5625 -51.6875 
vt 41.8125 -49.1875 
vt 43.6875 -49.1875 
vt 45.5625 -49.1875 
vt 41.8125 -42.3125 
vt 43.6875 -46.6875 
vt 57.4375 -46.6875 
vt 43.6875 -42.3125 
vt 41.8125 -39.8125 
vt 43.6875 -39.8125 
vt 57.4375 -42.3125 
vt 59.3125 -50.4375 
vt 57.4375 -52.3125 
vt 57.4375 -39.1875 
vt 68.6875 -52.3125 
vt 59.3125 -41.0625 
vt 76.6875 -39.1875 
vt 74.8125 -41.0625 
vt 74.8125 -50.4375 
vt 76.6875 -52.3125 
vt 70.5625 -52.3125 
vt 70.5625 -65.4375 
vt 68.6875 -52.4375 
vt 68.6875 -56.1875 
vt 65.8125 -52.4375 
vt 65.8125 -56.1875 
vt 68.6875 -65.4375 
vt 72.4375 -67.3125 
vt 72.4375 -65.4375 
vt 66.1875 -65.4375 
vt 66.1875 -63.4375 
vt 64.5625 -63.4375 
vt 64.5625 -65.4375 
vt 61.5625 -65.4375 
vt 61.5625 -63.4375 
vt 59.9375 -63.4375 
vt 59.9375 -65.4375 
vt 57.4375 -65.4375 
vt 57.4375 -67.3125 
vt 54.9375 -60.1875 
vt 57.4375 -60.1875 
vt 57.4375 -71.0625 
vt 54.9375 -65.4375 
vt 51.3125 -65.4375 
vt 51.4375 -67.3125 
vt 51.4375 -71.0625 
vt 51.3125 -64.1875 
vt 27.3125 -56.9375 
vt 46.5625 -57.0625 
vt 46.5625 -56.9375 
vt 27.3125 -57.0625 
vt 60.3125 -57.0625 
vt 62.1875 -57.0625 
vt 60.3125 -56.9375 
vt 62.1875 -56.9375 
vt 46.5625 -57.0625 
vt 60.3125 -57.0625 
vt 60.3125 -56.9375 
vt 46.5625 -56.9375 
vt 60.3125 -56.9375 
vt 58.4375 -56.9375 
vt 58.4375 -57.0625 
vt 60.3125 -57.0625 
vt 62.1875 -57.0625 
vt 64.0625 -57.0625 
vt 64.0625 -56.9375 
vt 62.1875 -56.9375 
vt 29.1875 -57.0625 
vt 44.6875 -57.0625 
vt 29.1875 -56.9375 
vt 44.6875 -56.9375 
vt 35.3125 -56.9375 
vt 38.1875 -57.0625 
vt 38.1875 -56.9375 
vt 35.3125 -57.0625 
vt 62.1875 -57.0625 
vt 64.0625 -57.0625 
vt 64.0625 -56.9375 
vt 62.1875 -56.9375 
vt 58.4375 -57.0625 
vt 60.3125 -57.0625 
vt 60.3125 -56.9375 
vt 58.4375 -56.9375 
vt 62.1875 -57.0625 
vt 64.0625 -56.9375 
vt 62.1875 -56.9375 
vt 64.0625 -57.0625 
vt 60.3125 -56.9375 
vt 58.4375 -56.9375 
vt 58.4375 -57.0625 
vt 60.3125 -57.0625 
vt 46.5625 -56.9375 
vt 49.0625 -57.0625 
vt 49.0625 -56.9375 
vt 46.5625 -57.0625 
vt 42.4375 -56.9375 
vt 44.0625 -57.0625 
vt 44.0625 -56.9375 
vt 42.4375 -57.0625 
vt 37.8125 -56.9375 
vt 39.4375 -57.0625 
vt 39.4375 -56.9375 
vt 37.8125 -57.0625 
vt 63.9375 -56.9375 
vt 76.6875 -57.0625 
vt 76.6875 -56.9375 
vt 62.1875 -56.9375 
vt 62.1875 -57.0625 
vt 60.3125 -56.9375 
vt 52.6875 -56.9375 
vt 60.3125 -57.0625 
vt 52.6875 -57.0625 
vt 49.0625 -57.0625 
vt 52.6875 -57.0625 
vt 49.0625 -56.9375 
vt 52.6875 -56.9375 
vt 44.0625 -56.9375 
vt 46.5625 -57.0625 
vt 46.5625 -56.9375 
vt 44.0625 -57.0625 
vt 39.4375 -56.9375 
vt 42.4375 -57.0625 
vt 42.4375 -56.9375 
vt 39.4375 -57.0625 
vt 35.3125 -56.9375 
vt 37.8125 -57.0625 
vt 37.8125 -56.9375 
vt 35.3125 -57.0625 
vt 31.5625 -56.9375 
vt 33.4375 -57.0625 
vt 33.4375 -56.9375 
vt 31.5625 -57.0625 
vt 59.3125 -56.9375 
vt 74.8125 -57.0625 
vt 74.8125 -56.9375 
vt 59.3125 -57.0625 
vt 56.6875 -57.0625 
vt 69.8125 -56.9375 
vt 56.6875 -56.9375 
vt 69.8125 -57.0625 
vt 41.6875 -57.0625 
vt 43.5625 -57.0625 
vt 41.6875 -56.9375 
vt 43.5625 -56.9375 
vt 43.5625 -57.0625 
vt 56.6875 -57.0625 
vt 43.5625 -56.9375 
vt 56.6875 -56.9375 
vt 43.5625 -56.9375 
vt 45.5625 -57.0625 
vt 45.5625 -56.9375 
vt 43.5625 -57.0625 
vt 43.5625 -57.0625 
vt 45.5625 -57.0625 
vt 43.5625 -56.9375 
vt 45.5625 -56.9375 
vt 67.9375 -57.0625 
vt 58.5625 -56.9375 
vt 58.5625 -57.0625 
vt 67.9375 -56.9375 
vt 37.9375 -57.0625 
vt 41.6875 -57.0625 
vt 41.6875 -56.9375 
vt 37.9375 -56.9375 
vt 43.5625 -57.0625 
vt 48.8125 -57.0625 
vt 48.8125 -56.9375 
vt 43.5625 -56.9375 
vt 43.5625 -56.9375 
vt 44.8125 -57.0625 
vt 44.8125 -56.9375 
vt 43.5625 -57.0625 
vt 40.4375 -57.0625 
vt 41.6875 -57.0625 
vt 40.4375 -56.9375 
vt 41.6875 -56.9375 
vt 34.1875 -57.0625 
vt 40.4375 -57.0625 
vt 34.1875 -56.9375 
vt 40.4375 -56.9375 
vt 47.3125 -56.9375 
vt 49.8125 -57.0625 
vt 49.8125 -56.9375 
vt 47.3125 -57.0625 
vt 52.3125 -57.0625 
vt 54.8125 -57.0625 
vt 52.3125 -56.9375 
vt 54.8125 -56.9375 
vt 57.3125 -56.9375 
vt 59.8125 -57.0625 
vt 59.8125 -56.9375 
vt 57.3125 -57.0625 
vt 47.3125 -57.0625 
vt 44.8125 -56.9375 
vt 44.8125 -57.0625 
vt 47.3125 -56.9375 
vt 49.8125 -57.0625 
vt 52.3125 -57.0625 
vt 49.8125 -56.9375 
vt 52.3125 -56.9375 
vt 54.8125 -56.9375 
vt 57.3125 -57.0625 
vt 57.3125 -56.9375 
vt 54.8125 -57.0625 
vt 59.8125 -57.0625 
vt 62.3125 -57.0625 
vt 59.8125 -56.9375 
vt 62.3125 -56.9375 
vt 66.6875 -57.0625 
vt 69.1875 -57.0625 
vt 66.6875 -56.9375 
vt 69.1875 -56.9375 
vt 36.0625 -57.0625 
vt 42.9375 -57.0625 
vt 36.0625 -56.9375 
vt 42.9375 -56.9375 
vt 76.6875 -64.1875 
vt 74.8125 -72.9375 
vt 76.6875 -74.8125 
vt 74.8125 -66.0625 
vt 59.3125 -72.9375 
vt 63.9375 -66.0625 
vt 57.4375 -74.8125 
vt 62.1875 -64.1875 
vt 57.4375 -68.5625 
vt 60.3125 -64.1875 
vt 63.9375 -68.5625 
vt 60.3125 -61.6875 
vt 52.6875 -64.1875 
vt 62.1875 -61.6875 
vt 59.3125 -68.5625 
vt 52.6875 -65.4375 
vt 58.4375 -59.1875 
vt 58.4375 -61.6875 
vt 64.0625 -61.6875 
vt 60.3125 -59.1875 
vt 62.1875 -59.1875 
vt 64.0625 -59.1875 
vt 60.3125 -56.6875 
vt 62.1875 -56.6875 
vt 58.4375 -54.1875 
vt 58.4375 -56.6875 
vt 64.0625 -56.6875 
vt 60.3125 -54.1875 
vt 62.1875 -54.1875 
vt 64.0625 -54.1875 
vt 60.3125 -51.6875 
vt 62.1875 -51.6875 
vt 58.4375 -49.1875 
vt 58.4375 -51.6875 
vt 64.0625 -51.6875 
vt 60.3125 -49.1875 
vt 62.1875 -49.1875 
vt 64.0625 -49.1875 
vt 60.3125 -46.6875 
vt 62.1875 -46.6875 
vt 46.5625 -42.3125 
vt 46.5625 -46.6875 
vt 60.3125 -42.3125 
vt 62.1875 -39.8125 
vt 60.3125 -39.8125 
vt 44.6875 -41.0625 
vt 46.5625 -39.1875 
vt 46.5625 -52.3125 
vt 27.3125 -39.1875 
vt 44.6875 -50.4375 
vt 29.1875 -41.0625 
vt 35.3125 -52.3125 
vt 27.3125 -52.3125 
vt 29.1875 -50.4375 
vt 33.4375 -52.3125 
vt 35.3125 -52.4375 
vt 38.1875 -56.1875 
vt 38.1875 -52.4375 
vt 35.3125 -56.1875 
vt 35.3125 -65.4375 
vt 33.4375 -65.4375 
vt 46.5625 -67.3125 
vt 31.5625 -65.4375 
vt 31.5625 -67.3125 
vt 37.8125 -65.4375 
vt 39.4375 -65.4375 
vt 37.8125 -63.4375 
vt 39.4375 -63.4375 
vt 42.4375 -65.4375 
vt 44.0625 -65.4375 
vt 42.4375 -63.4375 
vt 44.0625 -63.4375 
vt 46.5625 -65.4375 
vt 49.0625 -65.4375 
vt 46.5625 -60.1875 
vt 49.0625 -60.1875 
vt 46.5625 -71.0625 
vt 52.5625 -71.0625 
vt 52.5625 -67.3125 
vt 52.6875 -67.3125 
vt 52.6875 -68.5625 
vt 27.3125 -56.9375 
vt 27.3125 -57.0625 
vt 46.5625 -57.0625 
vt 46.5625 -56.9375 
vt 51.4375 -56.9375 
vt 51.4375 -57.0625 
vt 57.4375 -57.0625 
vt 57.4375 -56.9375 
vt 46.5625 -57.0625 
vt 51.3125 -57.0625 
vt 46.5625 -56.9375 
vt 51.3125 -56.9375 
vt 40.0625 -57.0625 
vt 44.6875 -57.0625 
vt 40.0625 -56.9375 
vt 44.6875 -56.9375 
vt 57.4375 -56.9375 
vt 72.4375 -57.0625 
vt 72.4375 -56.9375 
vt 57.4375 -57.0625 
vt 51.3125 -57.0625 
vt 51.4375 -57.0625 
vt 51.3125 -56.9375 
vt 51.4375 -56.9375 
vt 29.1875 -56.9375 
vt 40.0625 -57.0625 
vt 40.0625 -56.9375 
vt 29.1875 -57.0625 
vt 39.9375 -56.9375 
vt 39.9375 -57.0625 
vt 41.8125 -56.9375 
vt 41.8125 -57.0625 
vt 43.6875 -57.0625 
vt 45.5625 -57.0625 
vt 45.5625 -56.9375 
vt 43.6875 -56.9375 
vt 43.6875 -57.0625 
vt 45.5625 -57.0625 
vt 45.5625 -56.9375 
vt 43.6875 -56.9375 
vt 39.9375 -57.0625 
vt 41.8125 -57.0625 
vt 41.8125 -56.9375 
vt 39.9375 -56.9375 
vt 65.8125 -56.9375 
vt 68.6875 -57.0625 
vt 68.6875 -56.9375 
vt 65.8125 -57.0625 
vt 76.6875 -57.0625 
vt 70.5625 -56.9375 
vt 70.5625 -57.0625 
vt 76.6875 -56.9375 
vt 57.4375 -56.9375 
vt 68.6875 -57.0625 
vt 68.6875 -56.9375 
vt 57.4375 -57.0625 
vt 39.9375 -56.9375 
vt 39.9375 -57.0625 
vt 41.8125 -56.9375 
vt 41.8125 -57.0625 
vt 43.6875 -57.0625 
vt 45.5625 -57.0625 
vt 45.5625 -56.9375 
vt 43.6875 -56.9375 
vt 43.6875 -56.9375 
vt 43.6875 -57.0625 
vt 57.4375 -56.9375 
vt 57.4375 -57.0625 
vt 59.3125 -57.0625 
vt 74.8125 -57.0625 
vt 59.3125 -56.9375 
vt 74.8125 -56.9375 

usemtl Union111Mtl

f 957/957/957 958/958/958 959/959/959 
f 960/960/960 959/959/959 958/958/958 
f 961/961/961 962/962/962 963/963/963 
f 961/961/961 964/964/964 962/962/962 
f 965/965/965 966/966/966 967/967/967 
f 965/965/965 967/967/967 968/968/968 
f 969/969/969 970/970/970 971/971/971 
f 969/969/969 972/972/972 970/970/970 
f 973/973/973 974/974/974 975/975/975 
f 974/974/974 973/973/973 976/976/976 
f 977/977/977 978/978/978 979/979/979 
f 979/979/979 978/978/978 980/980/980 
f 981/981/981 982/982/982 983/983/983 
f 981/981/981 983/983/983 984/984/984 
f 985/985/985 986/986/986 987/987/987 
f 985/985/985 987/987/987 988/988/988 
f 989/989/989 990/990/990 991/991/991 
f 990/990/990 989/989/989 992/992/992 
f 992/992/992 989/989/989 993/993/993 
f 994/994/994 993/993/993 989/989/989 
f 995/995/995 996/996/996 997/997/997 
f 996/996/996 995/995/995 998/998/998 
f 999/999/999 1000/1000/1000 1001/1001/1001 
f 1000/1000/1000 999/999/999 1002/1002/1002 
f 1003/1003/1003 1004/1004/1004 1005/1005/1005 
f 1006/1006/1006 1003/1003/1003 1005/1005/1005 
f 1007/1007/1007 1008/1008/1008 1009/1009/1009 
f 1009/1009/1009 1008/1008/1008 1010/1010/1010 
f 1011/1011/1011 1012/1012/1012 1013/1013/1013 
f 1014/1014/1014 1013/1013/1013 1012/1012/1012 
f 1015/1015/1015 1016/1016/1016 1017/1017/1017 
f 1016/1016/1016 1015/1015/1015 1018/1018/1018 
f 1019/1019/1019 1020/1020/1020 1021/1021/1021 
f 1020/1020/1020 1019/1019/1019 1022/1022/1022 
f 1023/1023/1023 1024/1024/1024 1025/1025/1025 
f 1024/1024/1024 1023/1023/1023 1026/1026/1026 
f 1027/1027/1027 1028/1028/1028 1029/1029/1029 
f 1030/1030/1030 1027/1027/1027 1029/1029/1029 
f 1031/1031/1031 1032/1032/1032 1033/1033/1033 
f 1032/1032/1032 1034/1034/1034 1033/1033/1033 
f 1035/1035/1035 1036/1036/1036 1037/1037/1037 
f 1038/1038/1038 1036/1036/1036 1035/1035/1035 
f 1039/1039/1039 1040/1040/1040 1041/1041/1041 
f 1040/1040/1040 1042/1042/1042 1041/1041/1041 
f 1043/1043/1043 1039/1039/1039 1041/1041/1041 
f 1042/1042/1042 1044/1044/1044 1041/1041/1041 
f 1044/1044/1044 1042/1042/1042 1045/1045/1045 
f 1039/1039/1039 1043/1043/1043 1046/1046/1046 
f 1047/1047/1047 1046/1046/1046 1043/1043/1043 
f 1045/1045/1045 1048/1048/1048 1046/1046/1046 
f 1049/1049/1049 1044/1044/1044 1045/1045/1045 
f 1049/1049/1049 1045/1045/1045 1046/1046/1046 
f 1047/1047/1047 1049/1049/1049 1046/1046/1046 
f 1047/1047/1047 1050/1050/1050 1049/1049/1049 
f 1051/1051/1051 1049/1049/1049 1050/1050/1050 
f 1051/1051/1051 1050/1050/1050 1052/1052/1052 
f 1050/1050/1050 1053/1053/1053 1052/1052/1052 
f 1054/1054/1054 1051/1051/1051 1052/1052/1052 
f 1052/1052/1052 1055/1055/1055 1054/1054/1054 
f 1056/1056/1056 1054/1054/1054 1055/1055/1055 
f 1056/1056/1056 1057/1057/1057 1054/1054/1054 
f 1058/1058/1058 1056/1056/1056 1055/1055/1055 
f 1059/1059/1059 1056/1056/1056 1058/1058/1058 
f 1060/1060/1060 1059/1059/1059 1058/1058/1058 
f 1061/1061/1061 1060/1060/1060 1058/1058/1058 
f 1062/1062/1062 1059/1059/1059 1060/1060/1060 
f 1063/1063/1063 1062/1062/1062 1060/1060/1060 
f 1064/1064/1064 1062/1062/1062 1063/1063/1063 
f 1064/1064/1064 1065/1065/1065 1062/1062/1062 
f 1066/1066/1066 1064/1064/1064 1063/1063/1063 
f 1067/1067/1067 1064/1064/1064 1066/1066/1066 
f 1068/1068/1068 1067/1067/1067 1066/1066/1066 
f 1069/1069/1069 1068/1068/1068 1066/1066/1066 
f 1068/1068/1068 1070/1070/1070 1067/1067/1067 
f 1068/1068/1068 1071/1071/1071 1070/1070/1070 
f 1072/1072/1072 1070/1070/1070 1071/1071/1071 
f 1072/1072/1072 1073/1073/1073 1070/1070/1070 
f 1074/1074/1074 1072/1072/1072 1071/1071/1071 
f 1075/1075/1075 1072/1072/1072 1074/1074/1074 
f 1076/1076/1076 1075/1075/1075 1074/1074/1074 
f 1077/1077/1077 1076/1076/1076 1074/1074/1074 
f 1076/1076/1076 1078/1078/1078 1075/1075/1075 
f 1076/1076/1076 1079/1079/1079 1078/1078/1078 
f 1080/1080/1080 1078/1078/1078 1079/1079/1079 
f 1081/1081/1081 1078/1078/1078 1080/1080/1080 
f 1082/1082/1082 1078/1078/1078 1081/1081/1081 
f 1083/1083/1083 1082/1082/1082 1081/1081/1081 
f 1084/1084/1084 1081/1081/1081 1080/1080/1080 
f 1084/1084/1084 1080/1080/1080 1085/1085/1085 
f 1080/1080/1080 1086/1086/1086 1085/1085/1085 
f 1084/1084/1084 1085/1085/1085 1087/1087/1087 
f 1085/1085/1085 1086/1086/1086 1088/1088/1088 
f 1087/1087/1087 1085/1085/1085 1089/1089/1089 
f 1089/1089/1089 1090/1090/1090 1087/1087/1087 
f 1090/1090/1090 1089/1089/1089 1091/1091/1091 
f 1090/1090/1090 1091/1091/1091 1092/1092/1092 
f 1093/1093/1093 1090/1090/1090 1092/1092/1092 
f 1092/1092/1092 1085/1085/1085 1093/1093/1093 
f 1094/1094/1094 1093/1093/1093 1085/1085/1085 
f 1085/1085/1085 1088/1088/1088 1094/1094/1094 
f 1095/1095/1095 1094/1094/1094 1088/1088/1088 
f 1088/1088/1088 1096/1096/1096 1095/1095/1095 
f 1095/1095/1095 1096/1096/1096 1097/1097/1097 
f 1096/1096/1096 1098/1098/1098 1097/1097/1097 
f 1098/1098/1098 1099/1099/1099 1097/1097/1097 
f 1095/1095/1095 1097/1097/1097 1100/1100/1100 
f 1095/1095/1095 1100/1100/1100 1101/1101/1101 
f 1102/1102/1102 1095/1095/1095 1101/1101/1101 
f 1100/1100/1100 1103/1103/1103 1101/1101/1101 
f 1104/1104/1104 1105/1105/1105 1103/1103/1103 
f 1105/1105/1105 1106/1106/1106 1103/1103/1103 
f 1103/1103/1103 1106/1106/1106 1101/1101/1101 
f 1106/1106/1106 1107/1107/1107 1101/1101/1101 
f 1108/1108/1108 1109/1109/1109 1107/1107/1107 
f 1109/1109/1109 1110/1110/1110 1107/1107/1107 
f 1107/1107/1107 1110/1110/1110 1101/1101/1101 
f 1110/1110/1110 1111/1111/1111 1101/1101/1101 
f 1112/1112/1112 1101/1101/1101 1111/1111/1111 
f 1111/1111/1111 1113/1113/1113 1112/1112/1112 
f 1114/1114/1114 1113/1113/1113 1111/1111/1111 
f 1115/1115/1115 1112/1112/1112 1113/1113/1113 
f 1116/1116/1116 1115/1115/1115 1113/1113/1113 
f 1116/1116/1116 1117/1117/1117 1115/1115/1115 
f 1118/1118/1118 1115/1115/1115 1117/1117/1117 
f 1115/1115/1115 1118/1118/1118 1119/1119/1119 
f 1117/1117/1117 1053/1053/1053 1118/1118/1118 
f 1053/1053/1053 1117/1117/1117 1052/1052/1052 
f 1117/1117/1117 1120/1120/1120 1052/1052/1052 
f 1121/1121/1121 1122/1122/1122 1123/1123/1123 
f 1124/1124/1124 1122/1122/1122 1121/1121/1121 
f 1125/1125/1125 1126/1126/1126 1127/1127/1127 
f 1127/1127/1127 1126/1126/1126 1128/1128/1128 
f 1129/1129/1129 1130/1130/1130 1131/1131/1131 
f 1131/1131/1131 1132/1132/1132 1129/1129/1129 
f 1133/1133/1133 1134/1134/1134 1135/1135/1135 
f 1135/1135/1135 1136/1136/1136 1133/1133/1133 
f 1137/1137/1137 1138/1138/1138 1139/1139/1139 
f 1137/1137/1137 1139/1139/1139 1140/1140/1140 
f 1141/1141/1141 1142/1142/1142 1143/1143/1143 
f 1143/1143/1143 1142/1142/1142 1144/1144/1144 
f 1145/1145/1145 1146/1146/1146 1147/1147/1147 
f 1148/1148/1148 1146/1146/1146 1145/1145/1145 
f 1149/1149/1149 1150/1150/1150 1151/1151/1151 
f 1149/1149/1149 1151/1151/1151 1152/1152/1152 
f 1153/1153/1153 1154/1154/1154 1155/1155/1155 
f 1155/1155/1155 1156/1156/1156 1153/1153/1153 
f 1157/1157/1157 1158/1158/1158 1159/1159/1159 
f 1157/1157/1157 1160/1160/1160 1158/1158/1158 
f 1161/1161/1161 1162/1162/1162 1163/1163/1163 
f 1163/1163/1163 1164/1164/1164 1161/1161/1161 
f 1165/1165/1165 1166/1166/1166 1167/1167/1167 
f 1168/1168/1168 1166/1166/1166 1165/1165/1165 
f 1169/1169/1169 1170/1170/1170 1171/1171/1171 
f 1172/1172/1172 1170/1170/1170 1169/1169/1169 
f 1173/1173/1173 1174/1174/1174 1175/1175/1175 
f 1176/1176/1176 1174/1174/1174 1173/1173/1173 
f 1177/1177/1177 1178/1178/1178 1179/1179/1179 
f 1180/1180/1180 1178/1178/1178 1177/1177/1177 
f 1181/1181/1181 1178/1178/1178 1180/1180/1180 
f 1182/1182/1182 1183/1183/1183 1184/1184/1184 
f 1185/1185/1185 1184/1184/1184 1183/1183/1183 
f 1186/1186/1186 1187/1187/1187 1188/1188/1188 
f 1188/1188/1188 1187/1187/1187 1189/1189/1189 
f 1190/1190/1190 1191/1191/1191 1192/1192/1192 
f 1193/1193/1193 1191/1191/1191 1190/1190/1190 
f 1194/1194/1194 1195/1195/1195 1196/1196/1196 
f 1197/1197/1197 1195/1195/1195 1194/1194/1194 
f 1198/1198/1198 1199/1199/1199 1200/1200/1200 
f 1201/1201/1201 1199/1199/1199 1198/1198/1198 
f 1202/1202/1202 1203/1203/1203 1204/1204/1204 
f 1205/1205/1205 1203/1203/1203 1202/1202/1202 
f 1206/1206/1206 1207/1207/1207 1208/1208/1208 
f 1209/1209/1209 1207/1207/1207 1206/1206/1206 
f 1210/1210/1210 1211/1211/1211 1212/1212/1212 
f 1210/1210/1210 1213/1213/1213 1211/1211/1211 
f 1214/1214/1214 1215/1215/1215 1216/1216/1216 
f 1216/1216/1216 1215/1215/1215 1217/1217/1217 
f 1218/1218/1218 1219/1219/1219 1220/1220/1220 
f 1220/1220/1220 1219/1219/1219 1221/1221/1221 
f 1222/1222/1222 1223/1223/1223 1224/1224/1224 
f 1225/1225/1225 1223/1223/1223 1222/1222/1222 
f 1226/1226/1226 1227/1227/1227 1228/1228/1228 
f 1228/1228/1228 1227/1227/1227 1229/1229/1229 
f 1230/1230/1230 1231/1231/1231 1232/1232/1232 
f 1231/1231/1231 1230/1230/1230 1233/1233/1233 
f 1234/1234/1234 1235/1235/1235 1236/1236/1236 
f 1236/1236/1236 1237/1237/1237 1234/1234/1234 
f 1238/1238/1238 1239/1239/1239 1240/1240/1240 
f 1238/1238/1238 1240/1240/1240 1241/1241/1241 
f 1242/1242/1242 1243/1243/1243 1244/1244/1244 
f 1245/1245/1245 1243/1243/1243 1242/1242/1242 
f 1246/1246/1246 1247/1247/1247 1248/1248/1248 
f 1249/1249/1249 1248/1248/1248 1247/1247/1247 
f 1250/1250/1250 1251/1251/1251 1252/1252/1252 
f 1252/1252/1252 1251/1251/1251 1253/1253/1253 
f 1254/1254/1254 1255/1255/1255 1256/1256/1256 
f 1257/1257/1257 1255/1255/1255 1254/1254/1254 
f 1258/1258/1258 1259/1259/1259 1260/1260/1260 
f 1260/1260/1260 1259/1259/1259 1261/1261/1261 
f 1262/1262/1262 1263/1263/1263 1264/1264/1264 
f 1265/1265/1265 1263/1263/1263 1262/1262/1262 
f 1266/1266/1266 1267/1267/1267 1268/1268/1268 
f 1269/1269/1269 1267/1267/1267 1266/1266/1266 
f 1270/1270/1270 1271/1271/1271 1272/1272/1272 
f 1272/1272/1272 1271/1271/1271 1273/1273/1273 
f 1274/1274/1274 1275/1275/1275 1276/1276/1276 
f 1277/1277/1277 1275/1275/1275 1274/1274/1274 
f 1278/1278/1278 1279/1279/1279 1280/1280/1280 
f 1280/1280/1280 1279/1279/1279 1281/1281/1281 
f 1282/1282/1282 1283/1283/1283 1284/1284/1284 
f 1284/1284/1284 1283/1283/1283 1285/1285/1285 
f 1286/1286/1286 1287/1287/1287 1288/1288/1288 
f 1288/1288/1288 1287/1287/1287 1289/1289/1289 
f 1290/1290/1290 1291/1291/1291 1292/1292/1292 
f 1290/1290/1290 1293/1293/1293 1291/1291/1291 
f 1292/1292/1292 1291/1291/1291 1294/1294/1294 
f 1290/1290/1290 1295/1295/1295 1293/1293/1293 
f 1292/1292/1292 1294/1294/1294 1296/1296/1296 
f 1295/1295/1295 1290/1290/1290 1297/1297/1297 
f 1296/1296/1296 1294/1294/1294 1298/1298/1298 
f 1295/1295/1295 1297/1297/1297 1299/1299/1299 
f 1295/1295/1295 1299/1299/1299 1300/1300/1300 
f 1297/1297/1297 1301/1301/1301 1299/1299/1299 
f 1299/1299/1299 1302/1302/1302 1300/1300/1300 
f 1303/1303/1303 1301/1301/1301 1297/1297/1297 
f 1304/1304/1304 1300/1300/1300 1302/1302/1302 
f 1304/1304/1304 1298/1298/1298 1294/1294/1294 
f 1304/1304/1304 1302/1302/1302 1298/1298/1298 
f 1302/1302/1302 1305/1305/1305 1298/1298/1298 
f 1303/1303/1303 1306/1306/1306 1301/1301/1301 
f 1301/1301/1301 1306/1306/1306 1307/1307/1307 
f 1306/1306/1306 1303/1303/1303 1308/1308/1308 
f 1308/1308/1308 1309/1309/1309 1306/1306/1306 
f 1308/1308/1308 1310/1310/1310 1309/1309/1309 
f 1311/1311/1311 1310/1310/1310 1308/1308/1308 
f 1310/1310/1310 1312/1312/1312 1309/1309/1309 
f 1312/1312/1312 1310/1310/1310 1313/1313/1313 
f 1314/1314/1314 1312/1312/1312 1313/1313/1313 
f 1312/1312/1312 1314/1314/1314 1315/1315/1315 
f 1316/1316/1316 1314/1314/1314 1313/1313/1313 
f 1314/1314/1314 1316/1316/1316 1317/1317/1317 
f 1316/1316/1316 1318/1318/1318 1317/1317/1317 
f 1319/1319/1319 1318/1318/1318 1316/1316/1316 
f 1318/1318/1318 1320/1320/1320 1317/1317/1317 
f 1320/1320/1320 1318/1318/1318 1321/1321/1321 
f 1320/1320/1320 1321/1321/1321 1322/1322/1322 
f 1320/1320/1320 1322/1322/1322 1323/1323/1323 
f 1324/1324/1324 1322/1322/1322 1321/1321/1321 
f 1322/1322/1322 1324/1324/1324 1325/1325/1325 
f 1324/1324/1324 1326/1326/1326 1325/1325/1325 
f 1327/1327/1327 1326/1326/1326 1324/1324/1324 
f 1326/1326/1326 1328/1328/1328 1325/1325/1325 
f 1328/1328/1328 1326/1326/1326 1329/1329/1329 
f 1328/1328/1328 1329/1329/1329 1330/1330/1330 
f 1328/1328/1328 1330/1330/1330 1331/1331/1331 
f 1329/1329/1329 1332/1332/1332 1330/1330/1330 
f 1333/1333/1333 1332/1332/1332 1329/1329/1329 
f 1333/1333/1333 1334/1334/1334 1332/1332/1332 
f 1331/1331/1331 1330/1330/1330 1335/1335/1335 
f 1330/1330/1330 1336/1336/1336 1335/1335/1335 
f 1331/1331/1331 1335/1335/1335 1337/1337/1337 
f 1335/1335/1335 1336/1336/1336 1338/1338/1338 
f 1337/1337/1337 1335/1335/1335 1339/1339/1339 
f 1335/1335/1335 1338/1338/1338 1340/1340/1340 
f 1339/1339/1339 1341/1341/1341 1337/1337/1337 
f 1340/1340/1340 1338/1338/1338 1342/1342/1342 
f 1340/1340/1340 1342/1342/1342 1343/1343/1343 
f 1341/1341/1341 1339/1339/1339 1343/1343/1343 
f 1343/1343/1343 1342/1342/1342 1344/1344/1344 
f 1344/1344/1344 1341/1341/1341 1343/1343/1343 
f 1341/1341/1341 1344/1344/1344 1345/1345/1345 
f 1345/1345/1345 1346/1346/1346 1347/1347/1347 
f 1346/1346/1346 1345/1345/1345 1348/1348/1348 
f 1345/1345/1345 1344/1344/1344 1348/1348/1348 
f 1348/1348/1348 1344/1344/1344 1349/1349/1349 
f 1349/1349/1349 1344/1344/1344 1350/1350/1350 
f 1351/1351/1351 1349/1349/1349 1350/1350/1350 
f 1350/1350/1350 1352/1352/1352 1351/1351/1351 
f 1353/1353/1353 1351/1351/1351 1352/1352/1352 
f 1351/1351/1351 1354/1354/1354 1349/1349/1349 
f 1351/1351/1351 1355/1355/1355 1354/1354/1354 
f 1354/1354/1354 1355/1355/1355 1356/1356/1356 
f 1357/1357/1357 1356/1356/1356 1355/1355/1355 
f 1351/1351/1351 1358/1358/1358 1355/1355/1355 
f 1351/1351/1351 1359/1359/1359 1358/1358/1358 
f 1359/1359/1359 1360/1360/1360 1358/1358/1358 
f 1361/1361/1361 1360/1360/1360 1359/1359/1359 
f 1351/1351/1351 1362/1362/1362 1359/1359/1359 
f 1363/1363/1363 1362/1362/1362 1351/1351/1351 
f 1363/1363/1363 1364/1364/1364 1362/1362/1362 
f 1365/1365/1365 1364/1364/1364 1363/1363/1363 
f 1363/1363/1363 1351/1351/1351 1366/1366/1366 
f 1367/1367/1367 1363/1363/1363 1366/1366/1366 
f 1367/1367/1367 1368/1368/1368 1363/1363/1363 
f 1368/1368/1368 1305/1305/1305 1363/1363/1363 
f 1305/1305/1305 1368/1368/1368 1369/1369/1369 
f 1305/1305/1305 1369/1369/1369 1298/1298/1298 
f 1369/1369/1369 1370/1370/1370 1298/1298/1298 
f 1371/1371/1371 1372/1372/1372 1373/1373/1373 
f 1371/1371/1371 1373/1373/1373 1374/1374/1374 
f 1375/1375/1375 1376/1376/1376 1377/1377/1377 
f 1375/1375/1375 1377/1377/1377 1378/1378/1378 
f 1379/1379/1379 1380/1380/1380 1381/1381/1381 
f 1381/1381/1381 1380/1380/1380 1382/1382/1382 
f 1383/1383/1383 1384/1384/1384 1385/1385/1385 
f 1386/1386/1386 1385/1385/1385 1384/1384/1384 
f 1387/1387/1387 1388/1388/1388 1389/1389/1389 
f 1387/1387/1387 1390/1390/1390 1388/1388/1388 
f 1391/1391/1391 1392/1392/1392 1393/1393/1393 
f 1393/1393/1393 1392/1392/1392 1394/1394/1394 
f 1395/1395/1395 1396/1396/1396 1397/1397/1397 
f 1396/1396/1396 1395/1395/1395 1398/1398/1398 
f 1399/1399/1399 1400/1400/1400 1401/1401/1401 
f 1400/1400/1400 1402/1402/1402 1401/1401/1401 
f 1403/1403/1403 1404/1404/1404 1405/1405/1405 
f 1406/1406/1406 1403/1403/1403 1405/1405/1405 
f 1407/1407/1407 1408/1408/1408 1409/1409/1409 
f 1407/1407/1407 1409/1409/1409 1410/1410/1410 
f 1411/1411/1411 1412/1412/1412 1413/1413/1413 
f 1414/1414/1414 1411/1411/1411 1413/1413/1413 
f 1415/1415/1415 1416/1416/1416 1417/1417/1417 
f 1416/1416/1416 1415/1415/1415 1418/1418/1418 
f 1419/1419/1419 1420/1420/1420 1421/1421/1421 
f 1420/1420/1420 1419/1419/1419 1422/1422/1422 
f 1423/1423/1423 1424/1424/1424 1425/1425/1425 
f 1424/1424/1424 1423/1423/1423 1426/1426/1426 
f 1427/1427/1427 1428/1428/1428 1429/1429/1429 
f 1428/1428/1428 1430/1430/1430 1429/1429/1429 
f 1431/1431/1431 1432/1432/1432 1433/1433/1433 
f 1434/1434/1434 1431/1431/1431 1433/1433/1433 
f 1435/1435/1435 1436/1436/1436 1437/1437/1437 
f 1436/1436/1436 1438/1438/1438 1437/1437/1437 
f 1439/1439/1439 1440/1440/1440 1441/1441/1441 
f 1441/1441/1441 1440/1440/1440 1442/1442/1442 

g Part61

v 167 25 524.5 
v 167 25 534.5 
v 167 9.53674e-07 524.5 
v 167 9.53674e-07 534.5 
v 167 25 524.5 
v 157 25 524.5 
v 167 25 534.5 
v 157 25 534.5 
v 167 25 534.5 
v 157 25 534.5 
v 167 9.53674e-07 534.5 
v 157 9.53674e-07 534.5 
v 157 25 534.5 
v 157 25 524.5 
v 157 9.53674e-07 534.5 
v 157 9.53674e-07 524.5 
v 167 9.53674e-07 534.5 
v 157 9.53674e-07 534.5 
v 167 9.53674e-07 524.5 
v 157 9.53674e-07 524.5 
v 157 25 524.5 
v 167 25 524.5 
v 157 9.53674e-07 524.5 
v 167 9.53674e-07 524.5 

vn 1 0 0 
vn 1 0 0 
vn 1 0 0 
vn 1 0 0 
vn 0 1 0 
vn 0 1 0 
vn 0 1 0 
vn 0 1 0 
vn 0 0 1 
vn 0 0 1 
vn 0 0 1 
vn 0 0 1 
vn -1 0 0 
vn -1 0 0 
vn -1 0 0 
vn -1 0 0 
vn 0 -1 0 
vn 0 -1 0 
vn 0 -1 0 
vn 0 -1 0 
vn 0 0 -1 
vn 0 0 -1 
vn 0 0 -1 
vn 0 0 -1 

vt 6.625 -23.4375 
vt 5.375 -23.4375 
vt 6.625 -26.5625 
vt 5.375 -26.5625 
vt 5.375 -25.625 
vt 6.625 -25.625 
vt 5.375 -24.375 
vt 6.625 -24.375 
vt 6.625 -23.4375 
vt 5.375 -23.4375 
vt 6.625 -26.5625 
vt 5.375 -26.5625 
vt 6.625 -23.4375 
vt 5.375 -23.4375 
vt 6.625 -26.5625 
vt 5.375 -26.5625 
vt 6.625 -24.375 
vt 5.375 -24.375 
vt 6.625 -25.625 
vt 5.375 -25.625 
vt 6.625 -23.4375 
vt 5.375 -23.4375 
vt 6.625 -26.5625 
vt 5.375 -26.5625 

usemtl Union111Mtl

f 1443/1443/1443 1444/1444/1444 1445/1445/1445 
f 1445/1445/1445 1444/1444/1444 1446/1446/1446 
f 1447/1447/1447 1448/1448/1448 1449/1449/1449 
f 1449/1449/1449 1448/1448/1448 1450/1450/1450 
f 1451/1451/1451 1452/1452/1452 1453/1453/1453 
f 1453/1453/1453 1452/1452/1452 1454/1454/1454 
f 1455/1455/1455 1456/1456/1456 1457/1457/1457 
f 1457/1457/1457 1456/1456/1456 1458/1458/1458 
f 1459/1459/1459 1460/1460/1460 1461/1461/1461 
f 1461/1461/1461 1460/1460/1460 1462/1462/1462 
f 1463/1463/1463 1464/1464/1464 1465/1465/1465 
f 1465/1465/1465 1464/1464/1464 1466/1466/1466 

g Union101

v 118 17 509.5 
v 118 15 509.5 
v 118 15 494.5 
v 118 17 494.5 
v 112 19 509.5 
v 109 21 509.5 
v 106 23 509.5 
v 109 23 509.5 
v 103 27 509.5 
v 112 19 494.5 
v 109 21 494.5 
v 109 23 494.5 
v 106 23 494.5 
v 103 27 494.5 
v 115 19 509.5 
v 115 17 509.5 
v 115 17 494.5 
v 115 19 494.5 
v 112 19 509.5 
v 112 19 494.5 
v 112 21 509.5 
v 112 21 494.5 
v 109 21 494.5 
v 109 23 509.5 
v 109 21 509.5 
v 109 23 494.5 
v 106 23 509.5 
v 106 23 494.5 
v 106 25 509.5 
v 106 25 494.5 
v 103 27 509.5 
v 103 25 509.5 
v 103 25 494.5 
v 103 27 494.5 
v 118 17 509.5 
v 118 15 494.5 
v 100 27 509.5 
v 100 27 494.5 
v 115 17 509.5 
v 112 19 509.5 
v 109 21 509.5 
v 106 23 509.5 
v 109 23 509.5 
v 103 25 509.5 
v 103 27 509.5 
v 115 17 494.5 
v 112 19 494.5 
v 109 21 494.5 
v 109 23 494.5 
v 106 23 494.5 
v 103 25 494.5 
v 103 27 494.5 
v 100 27 509.5 
v 103 27 509.5 
v 100 27 494.5 
v 103 27 494.5 
v 106 25 509.5 
v 103 25 494.5 
v 103 25 509.5 
v 106 25 494.5 
v 106 23 509.5 
v 109 23 509.5 
v 106 23 494.5 
v 109 23 494.5 
v 112 21 509.5 
v 109 21 494.5 
v 109 21 509.5 
v 112 21 494.5 
v 112 19 509.5 
v 115 19 509.5 
v 112 19 494.5 
v 115 19 494.5 
v 118 17 509.5 
v 115 17 494.5 
v 115 17 509.5 
v 118 17 494.5 
v 100 27 509.5 
v 100 25 509.5 
v 118 17 509.5 
v 115 17 509.5 
v 118 15 509.5 
v 115 15 509.5 
v 112 17 509.5 
v 112 19 509.5 
v 115 19 509.5 
v 112 21 509.5 
v 109 21 509.5 
v 109 19 509.5 
v 106 21 509.5 
v 106 23 509.5 
v 109 23 509.5 
v 106 25 509.5 
v 103 25 509.5 
v 103 23 509.5 
v 100 27 509.5 
v 100 25 509.5 
v 103 27 509.5 
v 100 27 509.5 
v 100 27 494.5 
v 100 25 509.5 
v 100 25 494.5 
v 112 19 509.5 
v 106 21 509.5 
v 106 23 509.5 
v 109 23 509.5 
v 112 19 494.5 
v 106 21 494.5 
v 109 23 494.5 
v 106 23 494.5 
v 103 25 509.5 
v 103 25 494.5 
v 103 23 509.5 
v 103 23 494.5 
v 106 23 494.5 
v 106 21 509.5 
v 106 23 509.5 
v 106 21 494.5 
v 109 21 509.5 
v 109 21 494.5 
v 109 19 509.5 
v 109 19 494.5 
v 112 17 509.5 
v 112 19 509.5 
v 112 19 494.5 
v 112 17 494.5 
v 115 17 509.5 
v 115 17 494.5 
v 115 15 509.5 
v 115 15 494.5 
v 118 17 509.5 
v 118 15 494.5 
v 100 25 509.5 
v 100 25 494.5 
v 115 17 509.5 
v 112 19 509.5 
v 109 21 509.5 
v 106 21 509.5 
v 106 23 509.5 
v 109 23 509.5 
v 103 25 509.5 
v 115 17 494.5 
v 112 19 494.5 
v 109 21 494.5 
v 106 21 494.5 
v 109 23 494.5 
v 106 23 494.5 
v 103 25 494.5 
v 118 15 494.5 
v 118 15 509.5 
v 115 15 509.5 
v 115 15 494.5 
v 112 17 509.5 
v 115 17 494.5 
v 115 17 509.5 
v 112 17 494.5 
v 109 19 509.5 
v 112 19 494.5 
v 112 19 509.5 
v 109 19 494.5 
v 109 21 509.5 
v 106 21 509.5 
v 109 21 494.5 
v 106 21 494.5 
v 103 23 509.5 
v 106 23 494.5 
v 106 23 509.5 
v 103 23 494.5 
v 100 25 509.5 
v 103 25 494.5 
v 103 25 509.5 
v 100 25 494.5 
v 100 27 494.5 
v 100 25 494.5 
v 118 17 494.5 
v 118 15 494.5 
v 115 15 494.5 
v 115 17 494.5 
v 112 17 494.5 
v 115 19 494.5 
v 112 19 494.5 
v 109 19 494.5 
v 112 21 494.5 
v 109 21 494.5 
v 106 21 494.5 
v 109 23 494.5 
v 106 23 494.5 
v 106 25 494.5 
v 103 23 494.5 
v 103 25 494.5 
v 100 25 494.5 
v 103 27 494.5 
v 100 27 494.5 

vn 1 0 0 
vn 1 0 0 
vn 1 0 0 
vn 1 0 0 
vn 0 0 1 
vn 0 0 1 
vn 0 0 1 
vn 0 0 1 
vn 0 0 1 
vn 0 0 -1 
vn 0 0 -1 
vn 0 0 -1 
vn 0 0 -1 
vn 0 0 -1 
vn 1 0 0 
vn 1 0 0 
vn 1 0 0 
vn 1 0 0 
vn 1 0 0 
vn 1 0 0 
vn 1 0 0 
vn 1 0 0 
vn 1 0 0 
vn 1 0 0 
vn 1 0 0 
vn 1 0 0 
vn 1 0 0 
vn 1 0 0 
vn 1 0 0 
vn 1 0 0 
vn 1 0 0 
vn 1 0 0 
vn 1 0 0 
vn 1 0 0 
vn 1 0 0 
vn 1 0 0 
vn -1 0 0 
vn -1 0 0 
vn 0 0 1 
vn 0 0 1 
vn 0 0 1 
vn 0 0 1 
vn 0 0 1 
vn 0 0 1 
vn 0 0 1 
vn 0 0 -1 
vn 0 0 -1 
vn 0 0 -1 
vn 0 0 -1 
vn 0 0 -1 
vn 0 0 -1 
vn 0 0 -1 
vn 0 1 0 
vn 0 1 0 
vn 0 1 0 
vn 0 1 0 
vn 0 1 0 
vn 0 1 0 
vn 0 1 0 
vn 0 1 0 
vn 0 1 0 
vn 0 1 0 
vn 0 1 0 
vn 0 1 0 
vn 0 1 0 
vn 0 1 0 
vn 0 1 0 
vn 0 1 0 
vn 0 1 0 
vn 0 1 0 
vn 0 1 0 
vn 0 1 0 
vn 0 1 0 
vn 0 1 0 
vn 0 1 0 
vn 0 1 0 
vn -1 0 0 
vn -1 0 0 
vn 0 0 1 
vn 0 0 1 
vn 0 0 1 
vn 0 0 1 
vn 0 0 1 
vn 0 0 1 
vn 0 0 1 
vn 0 0 1 
vn 0 0 1 
vn 0 0 1 
vn 0 0 1 
vn 0 0 1 
vn 0 0 1 
vn 0 0 1 
vn 0 0 1 
vn 0 0 1 
vn 0 0 1 
vn 0 0 1 
vn 0 0 1 
vn -1 0 0 
vn -1 0 0 
vn -1 0 0 
vn -1 0 0 
vn 0 0 1 
vn 0 0 1 
vn 0 0 1 
vn 0 0 1 
vn 0 0 -1 
vn 0 0 -1 
vn 0 0 -1 
vn 0 0 -1 
vn -1 0 0 
vn -1 0 0 
vn -1 0 0 
vn -1 0 0 
vn -1 0 0 
vn -1 0 0 
vn -1 0 0 
vn -1 0 0 
vn -1 0 0 
vn -1 0 0 
vn -1 0 0 
vn -1 0 0 
vn -1 0 0 
vn -1 0 0 
vn -1 0 0 
vn -1 0 0 
vn -1 0 0 
vn -1 0 0 
vn -1 0 0 
vn -1 0 0 
vn 1 0 0 
vn 1 0 0 
vn -1 0 0 
vn -1 0 0 
vn 0 0 1 
vn 0 0 1 
vn 0 0 1 
vn 0 0 1 
vn 0 0 1 
vn 0 0 1 
vn 0 0 1 
vn 0 0 -1 
vn 0 0 -1 
vn 0 0 -1 
vn 0 0 -1 
vn 0 0 -1 
vn 0 0 -1 
vn 0 0 -1 
vn 0 -1 0 
vn 0 -1 0 
vn 0 -1 0 
vn 0 -1 0 
vn 0 -1 0 
vn 0 -1 0 
vn 0 -1 0 
vn 0 -1 0 
vn 0 -1 0 
vn 0 -1 0 
vn 0 -1 0 
vn 0 -1 0 
vn 0 -1 0 
vn 0 -1 0 
vn 0 -1 0 
vn 0 -1 0 
vn 0 -1 0 
vn 0 -1 0 
vn 0 -1 0 
vn 0 -1 0 
vn 0 -1 0 
vn 0 -1 0 
vn 0 -1 0 
vn 0 -1 0 
vn -1 0 0 
vn -1 0 0 
vn 0 0 -1 
vn 0 0 -1 
vn 0 0 -1 
vn 0 0 -1 
vn 0 0 -1 
vn 0 0 -1 
vn 0 0 -1 
vn 0 0 -1 
vn 0 0 -1 
vn 0 0 -1 
vn 0 0 -1 
vn 0 0 -1 
vn 0 0 -1 
vn 0 0 -1 
vn 0 0 -1 
vn 0 0 -1 
vn 0 0 -1 
vn 0 0 -1 
vn 0 0 -1 

vt 39.0625 -5.5 
vt 39.0625 -5.75 
vt 40.9375 -5.75 
vt 40.9375 -5.5 
vt 39.0625 -5.25 
vt 39.0625 -5 
vt 39.0625 -4.75 
vt 39.0625 -4.75 
vt 39.0625 -4.25 
vt 40.9375 -5.25 
vt 40.9375 -5 
vt 40.9375 -4.75 
vt 40.9375 -4.75 
vt 40.9375 -4.25 
vt 39.0625 -5.25 
vt 39.0625 -5.5 
vt 40.9375 -5.5 
vt 40.9375 -5.25 
vt 39.0625 -5.25 
vt 40.9375 -5.25 
vt 39.0625 -5 
vt 40.9375 -5 
vt 40.9375 -5 
vt 39.0625 -4.75 
vt 39.0625 -5 
vt 40.9375 -4.75 
vt 39.0625 -4.75 
vt 40.9375 -4.75 
vt 39.0625 -4.5 
vt 40.9375 -4.5 
vt 39.0625 -4.25 
vt 39.0625 -4.5 
vt 40.9375 -4.5 
vt 40.9375 -4.25 
vt 38.875 -4.0625 
vt 38.875 -5.9375 
vt 41.125 -4.0625 
vt 41.125 -5.9375 
vt 39.25 -4.0625 
vt 39.625 -4.0625 
vt 40 -4.0625 
vt 40.375 -4.0625 
vt 40 -4.0625 
vt 40.75 -4.0625 
vt 40.75 -4.0625 
vt 39.25 -5.9375 
vt 39.625 -5.9375 
vt 40 -5.9375 
vt 40 -5.9375 
vt 40.375 -5.9375 
vt 40.75 -5.9375 
vt 40.75 -5.9375 
vt 41.125 -4.0625 
vt 40.75 -4.0625 
vt 41.125 -5.9375 
vt 40.75 -5.9375 
vt 40.375 -4.0625 
vt 40.75 -5.9375 
vt 40.75 -4.0625 
vt 40.375 -5.9375 
vt 40.375 -4.0625 
vt 40 -4.0625 
vt 40.375 -5.9375 
vt 40 -5.9375 
vt 39.625 -4.0625 
vt 40 -5.9375 
vt 40 -4.0625 
vt 39.625 -5.9375 
vt 39.625 -4.0625 
vt 39.25 -4.0625 
vt 39.625 -5.9375 
vt 39.25 -5.9375 
vt 38.875 -4.0625 
vt 39.25 -5.9375 
vt 39.25 -4.0625 
vt 38.875 -5.9375 
vt 38.875 -4.25 
vt 38.875 -4.5 
vt 41.125 -5.5 
vt 40.75 -5.5 
vt 41.125 -5.75 
vt 40.75 -5.75 
vt 40.375 -5.5 
vt 40.375 -5.25 
vt 40.75 -5.25 
vt 40.375 -5 
vt 40 -5 
vt 40 -5.25 
vt 39.625 -5 
vt 39.625 -4.75 
vt 40 -4.75 
vt 39.625 -4.5 
vt 39.25 -4.5 
vt 39.25 -4.75 
vt 38.875 -4.25 
vt 38.875 -4.5 
vt 39.25 -4.25 
vt 40.9375 -4.25 
vt 39.0625 -4.25 
vt 40.9375 -4.5 
vt 39.0625 -4.5 
vt 40.9375 -5.25 
vt 40.9375 -5 
vt 40.9375 -4.75 
vt 40.9375 -4.75 
vt 39.0625 -5.25 
vt 39.0625 -5 
vt 39.0625 -4.75 
vt 39.0625 -4.75 
vt 40.9375 -4.5 
vt 39.0625 -4.5 
vt 40.9375 -4.75 
vt 39.0625 -4.75 
vt 39.0625 -4.75 
vt 40.9375 -5 
vt 40.9375 -4.75 
vt 39.0625 -5 
vt 40.9375 -5 
vt 39.0625 -5 
vt 40.9375 -5.25 
vt 39.0625 -5.25 
vt 40.9375 -5.5 
vt 40.9375 -5.25 
vt 39.0625 -5.25 
vt 39.0625 -5.5 
vt 40.9375 -5.5 
vt 39.0625 -5.5 
vt 40.9375 -5.75 
vt 39.0625 -5.75 
vt 41.125 -4.0625 
vt 41.125 -5.9375 
vt 38.875 -4.0625 
vt 38.875 -5.9375 
vt 40.75 -4.0625 
vt 40.375 -4.0625 
vt 40 -4.0625 
vt 39.625 -4.0625 
vt 39.625 -4.0625 
vt 40 -4.0625 
vt 39.25 -4.0625 
vt 40.75 -5.9375 
vt 40.375 -5.9375 
vt 40 -5.9375 
vt 39.625 -5.9375 
vt 40 -5.9375 
vt 39.625 -5.9375 
vt 39.25 -5.9375 
vt 41.125 -5.9375 
vt 41.125 -4.0625 
vt 40.75 -4.0625 
vt 40.75 -5.9375 
vt 40.375 -4.0625 
vt 40.75 -5.9375 
vt 40.75 -4.0625 
vt 40.375 -5.9375 
vt 40 -4.0625 
vt 40.375 -5.9375 
vt 40.375 -4.0625 
vt 40 -5.9375 
vt 40 -4.0625 
vt 39.625 -4.0625 
vt 40 -5.9375 
vt 39.625 -5.9375 
vt 39.25 -4.0625 
vt 39.625 -5.9375 
vt 39.625 -4.0625 
vt 39.25 -5.9375 
vt 38.875 -4.0625 
vt 39.25 -5.9375 
vt 39.25 -4.0625 
vt 38.875 -5.9375 
vt 41.125 -4.25 
vt 41.125 -4.5 
vt 38.875 -5.5 
vt 38.875 -5.75 
vt 39.25 -5.75 
vt 39.25 -5.5 
vt 39.625 -5.5 
vt 39.25 -5.25 
vt 39.625 -5.25 
vt 40 -5.25 
vt 39.625 -5 
vt 40 -5 
vt 40.375 -5 
vt 40 -4.75 
vt 40.375 -4.75 
vt 40.375 -4.5 
vt 40.75 -4.75 
vt 40.75 -4.5 
vt 41.125 -4.5 
vt 40.75 -4.25 
vt 41.125 -4.25 

usemtl Union111Mtl

f 1467/1467/1467 1468/1468/1468 1469/1469/1469 
f 1467/1467/1467 1469/1469/1469 1470/1470/1470 
f 1481/1481/1481 1482/1482/1482 1483/1483/1483 
f 1481/1481/1481 1483/1483/1483 1484/1484/1484 
f 1485/1485/1485 1486/1486/1486 1487/1487/1487 
f 1487/1487/1487 1486/1486/1486 1488/1488/1488 
f 1489/1489/1489 1490/1490/1490 1491/1491/1491 
f 1490/1490/1490 1489/1489/1489 1492/1492/1492 
f 1493/1493/1493 1494/1494/1494 1495/1495/1495 
f 1495/1495/1495 1494/1494/1494 1496/1496/1496 
f 1497/1497/1497 1498/1498/1498 1499/1499/1499 
f 1497/1497/1497 1499/1499/1499 1500/1500/1500 
f 1519/1519/1519 1520/1520/1520 1521/1521/1521 
f 1521/1521/1521 1520/1520/1520 1522/1522/1522 
f 1523/1523/1523 1524/1524/1524 1525/1525/1525 
f 1524/1524/1524 1523/1523/1523 1526/1526/1526 
f 1527/1527/1527 1528/1528/1528 1529/1529/1529 
f 1529/1529/1529 1528/1528/1528 1530/1530/1530 
f 1531/1531/1531 1532/1532/1532 1533/1533/1533 
f 1531/1531/1531 1534/1534/1534 1532/1532/1532 
f 1535/1535/1535 1536/1536/1536 1537/1537/1537 
f 1537/1537/1537 1536/1536/1536 1538/1538/1538 
f 1539/1539/1539 1540/1540/1540 1541/1541/1541 
f 1540/1540/1540 1539/1539/1539 1542/1542/1542 
f 1545/1545/1545 1546/1546/1546 1547/1547/1547 
f 1547/1547/1547 1546/1546/1546 1548/1548/1548 
f 1549/1549/1549 1546/1546/1546 1550/1550/1550 
f 1551/1551/1551 1550/1550/1550 1546/1546/1546 
f 1552/1552/1552 1553/1553/1553 1550/1550/1550 
f 1554/1554/1554 1550/1550/1550 1553/1553/1553 
f 1555/1555/1555 1553/1553/1553 1556/1556/1556 
f 1557/1557/1557 1556/1556/1556 1553/1553/1553 
f 1558/1558/1558 1559/1559/1559 1556/1556/1556 
f 1556/1556/1556 1559/1559/1559 1560/1560/1560 
f 1559/1559/1559 1561/1561/1561 1562/1562/1562 
f 1563/1563/1563 1561/1561/1561 1559/1559/1559 
f 1564/1564/1564 1565/1565/1565 1566/1566/1566 
f 1567/1567/1567 1566/1566/1566 1565/1565/1565 
f 1576/1576/1576 1577/1577/1577 1578/1578/1578 
f 1579/1579/1579 1578/1578/1578 1577/1577/1577 
f 1580/1580/1580 1581/1581/1581 1582/1582/1582 
f 1581/1581/1581 1580/1580/1580 1583/1583/1583 
f 1584/1584/1584 1585/1585/1585 1586/1586/1586 
f 1587/1587/1587 1586/1586/1586 1585/1585/1585 
f 1588/1588/1588 1589/1589/1589 1590/1590/1590 
f 1588/1588/1588 1590/1590/1590 1591/1591/1591 
f 1592/1592/1592 1593/1593/1593 1594/1594/1594 
f 1595/1595/1595 1594/1594/1594 1593/1593/1593 
f 1614/1614/1614 1615/1615/1615 1616/1616/1616 
f 1614/1614/1614 1616/1616/1616 1617/1617/1617 
f 1618/1618/1618 1619/1619/1619 1620/1620/1620 
f 1619/1619/1619 1618/1618/1618 1621/1621/1621 
f 1622/1622/1622 1623/1623/1623 1624/1624/1624 
f 1625/1625/1625 1623/1623/1623 1622/1622/1622 
f 1626/1626/1626 1627/1627/1627 1628/1628/1628 
f 1628/1628/1628 1627/1627/1627 1629/1629/1629 
f 1630/1630/1630 1631/1631/1631 1632/1632/1632 
f 1631/1631/1631 1630/1630/1630 1633/1633/1633 
f 1634/1634/1634 1635/1635/1635 1636/1636/1636 
f 1635/1635/1635 1634/1634/1634 1637/1637/1637 
f 1640/1640/1640 1641/1641/1641 1642/1642/1642 
f 1643/1643/1643 1640/1640/1640 1642/1642/1642 
f 1643/1643/1643 1644/1644/1644 1645/1645/1645 
f 1646/1646/1646 1645/1645/1645 1644/1644/1644 
f 1646/1646/1646 1647/1647/1647 1648/1648/1648 
f 1649/1649/1649 1648/1648/1648 1647/1647/1647 
f 1649/1649/1649 1650/1650/1650 1651/1651/1651 
f 1652/1652/1652 1651/1651/1651 1650/1650/1650 
f 1653/1653/1653 1652/1652/1652 1654/1654/1654 
f 1655/1655/1655 1653/1653/1653 1654/1654/1654 
f 1655/1655/1655 1656/1656/1656 1657/1657/1657 
f 1658/1658/1658 1657/1657/1657 1656/1656/1656 

g Union41

v 321 9.53674e-07 449.5 
v 321 1 449.5 
v 321 9.53674e-07 534.5 
v 321 1 534.5 
v 220 1 574.5 
v 220 9.53674e-07 554.5 
v 220 1 554.5 
v 220 9.53674e-07 574.5 
v 220 1 614.5 
v 220 9.53674e-07 614.5 
v 220 9.53674e-07 594.5 
v 220 1 594.5 
v 220 1 654.5 
v 220 9.53674e-07 634.5 
v 220 1 634.5 
v 220 9.53674e-07 654.5 
v 219 1 519.5 
v 219 9.53674e-07 499.5 
v 219 1 499.5 
v 219 9.53674e-07 519.5 
v 205 9.53674e-07 554.5 
v 205 9.53674e-07 534.5 
v 205 1 554.5 
v 205 1 534.5 
v 205 1 594.5 
v 205 9.53674e-07 594.5 
v 205 9.53674e-07 574.5 
v 205 1 574.5 
v 205 1 634.5 
v 205 9.53674e-07 634.5 
v 205 9.53674e-07 614.5 
v 205 1 614.5 
v 205 1 709.5 
v 205 9.53674e-07 654.5 
v 205 1 654.5 
v 205 9.53674e-07 674.5 
v 205 9.53674e-07 729.5 
v 205 1 729.5 
v 182 1 464.5 
v 182 9.53674e-07 499.5 
v 182 9.53674e-07 464.5 
v 182 1 499.5 
v 128 9.53674e-07 479.5 
v 128 1 509.5 
v 128 9.53674e-07 509.5 
v 128 1 479.5 
v 100 9.53674e-07 566.5 
v 100 9.53674e-07 524.5 
v 100 1 524.5 
v 100 1 566.5 
v 80 9.53674e-07 674.5 
v 80 9.53674e-07 629.5 
v 80 1 674.5 
v 80 1 629.5 
v 80 1 709.5 
v 80 1 734.5 
v 80 9.53674e-07 709.5 
v 80 9.53674e-07 734.5 
v 60 0.999999 540.5 
v 60 1.01328e-06 524.5 
v 60 0.999999 524.5 
v 60 -9.53674e-07 540.5 
v 23 0.999999 540.5 
v 23 1.01328e-06 524.5 
v 23 0.999999 524.5 
v 23 -9.53674e-07 540.5 
v 13 1 628.5 
v 13 9.53674e-07 598.5 
v 13 1 598.5 
v 13 9.53674e-07 628.5 
v -10 1.90735e-06 629.5 
v -10 9.53674e-07 628.5 
v -10 1 628.5 
v -10 1 629.5 
v -10 1 598.5 
v -10 9.53674e-07 598.5 
v -10 1 524.5 
v -10 1.90735e-06 524.5 
v -59 1 719.5 
v -59 9.53674e-07 644.5 
v -59 1 644.5 
v -59 9.53674e-07 719.5 
v 182 1 464.5 
v 306 1 464.5 
v 321 1 449.5 
v 306 1 519.5 
v 167 1 449.5 
v 321 1 534.5 
v 219 1 519.5 
v 182 1 499.5 
v 167 1 499.5 
v 219 1 499.5 
v 219 1 534.5 
v 129 1 499.5 
v 205 1 534.5 
v 190 1 534.5 
v 129 1 509.5 
v 205 1 554.5 
v 190 1 554.5 
v 220 1 574.5 
v 220 1 554.5 
v 175 1 554.5 
v 205 1 574.5 
v 190 1 574.5 
v 175 1 574.5 
v 205 1 594.5 
v 190 1 594.5 
v 220 1 614.5 
v 220 1 594.5 
v 175 1 594.5 
v 205 1 614.5 
v 190 1 614.5 
v 175 1 614.5 
v 205 1 634.5 
v 190 1 634.5 
v 220 1 654.5 
v 220 1 634.5 
v 175 1 634.5 
v 205 1 654.5 
v 190 1 654.5 
v 175 1 654.5 
v 205 1 709.5 
v 190 1 674.5 
v 80 1 674.5 
v 190 1 709.5 
v 205 1 729.5 
v 190 1 729.5 
v 80 1 709.5 
v 65 1 644.5 
v 80 1 629.5 
v 80 1 734.5 
v -10 1 629.5 
v 65 1 719.5 
v -74 1 734.5 
v -59 1 719.5 
v -59 1 644.5 
v -74 1 629.5 
v -25 1 629.5 
v -25 1 524.5 
v -10 1 628.5 
v -10 1 598.5 
v 13 1 628.5 
v 13 1 598.5 
v -10 1 524.5 
v -40 1 509.5 
v -40 1 524.5 
v 10 0.999999 524.5 
v 10 0.999999 540.5 
v 23 0.999999 540.5 
v 23 0.999999 524.5 
v 47 0.999999 524.5 
v 47 0.999999 540.5 
v 60 0.999999 540.5 
v 60 0.999999 524.5 
v 80 1 524.5 
v 80 1 509.5 
v 100 1 566.5 
v 80 1 566.5 
v 80 1 479.5 
v 100 1 524.5 
v 129 1 524.5 
v 128 1 509.5 
v 128 1 479.5 
v 129 1 534.5 
v -74 1 734.5 
v 80 9.53674e-07 734.5 
v 80 1 734.5 
v -74 9.53674e-07 734.5 
v 190 9.53674e-07 729.5 
v 205 9.53674e-07 729.5 
v 190 1 729.5 
v 205 1 729.5 
v 80 9.53674e-07 709.5 
v 190 9.53674e-07 709.5 
v 190 1 709.5 
v 80 1 709.5 
v 190 1 654.5 
v 175 1 654.5 
v 175 9.53674e-07 654.5 
v 190 9.53674e-07 654.5 
v 205 9.53674e-07 654.5 
v 220 9.53674e-07 654.5 
v 220 1 654.5 
v 205 1 654.5 
v -59 9.53674e-07 644.5 
v 65 9.53674e-07 644.5 
v -59 1 644.5 
v 65 1 644.5 
v -10 1 628.5 
v 13 9.53674e-07 628.5 
v 13 1 628.5 
v -10 9.53674e-07 628.5 
v 205 9.53674e-07 614.5 
v 220 9.53674e-07 614.5 
v 220 1 614.5 
v 205 1 614.5 
v 175 9.53674e-07 614.5 
v 190 9.53674e-07 614.5 
v 190 1 614.5 
v 175 1 614.5 
v 205 9.53674e-07 574.5 
v 220 1 574.5 
v 205 1 574.5 
v 220 9.53674e-07 574.5 
v 190 1 574.5 
v 175 1 574.5 
v 175 9.53674e-07 574.5 
v 190 9.53674e-07 574.5 
v 80 1 566.5 
v 100 9.53674e-07 566.5 
v 100 1 566.5 
v 80 9.53674e-07 566.5 
v 47 0.999999 540.5 
v 60 -9.53674e-07 540.5 
v 60 0.999999 540.5 
v 47 -9.53674e-07 540.5 
v 10 0.999999 540.5 
v 23 -9.53674e-07 540.5 
v 23 0.999999 540.5 
v 10 -9.53674e-07 540.5 
v 219 1 534.5 
v 321 9.53674e-07 534.5 
v 321 1 534.5 
v 205 1 534.5 
v 205 9.53674e-07 534.5 
v 190 1 534.5 
v 129 1 534.5 
v 190 9.53674e-07 534.5 
v 129 9.53674e-07 534.5 
v 100 9.53674e-07 524.5 
v 129 9.53674e-07 524.5 
v 100 1 524.5 
v 129 1 524.5 
v 60 0.999999 524.5 
v 80 1.01328e-06 524.5 
v 80 1 524.5 
v 60 1.01328e-06 524.5 
v 23 0.999999 524.5 
v 47 1.01328e-06 524.5 
v 47 0.999999 524.5 
v 23 1.01328e-06 524.5 
v -10 1 524.5 
v 10 1.01328e-06 524.5 
v 10 0.999999 524.5 
v -10 1.90735e-06 524.5 
v -40 1 524.5 
v -25 1.90735e-06 524.5 
v -25 1 524.5 
v -40 1.01328e-06 524.5 
v 182 1 464.5 
v 306 9.53674e-07 464.5 
v 306 1 464.5 
v 182 9.53674e-07 464.5 
v -74 9.53674e-07 629.5 
v -74 1 734.5 
v -74 1 629.5 
v -74 9.53674e-07 734.5 
v -40 1.01328e-06 509.5 
v -40 1.01328e-06 524.5 
v -40 1 509.5 
v -40 1 524.5 
v -25 1.90735e-06 524.5 
v -25 1.90735e-06 629.5 
v -25 1 524.5 
v -25 1 629.5 
v 10 0.999999 524.5 
v 10 -9.53674e-07 540.5 
v 10 0.999999 540.5 
v 10 1.01328e-06 524.5 
v 47 1.01328e-06 524.5 
v 47 -9.53674e-07 540.5 
v 47 0.999999 524.5 
v 47 0.999999 540.5 
v 65 9.53674e-07 719.5 
v 65 1 644.5 
v 65 9.53674e-07 644.5 
v 65 1 719.5 
v 80 9.53674e-07 479.5 
v 80 1.01328e-06 509.5 
v 80 1 509.5 
v 80 1 479.5 
v 80 1.01328e-06 524.5 
v 80 9.53674e-07 566.5 
v 80 1 566.5 
v 80 1 524.5 
v 129 1 524.5 
v 129 9.53674e-07 534.5 
v 129 1 534.5 
v 129 9.53674e-07 524.5 
v 129 9.53674e-07 499.5 
v 129 9.53674e-07 509.5 
v 129 1 499.5 
v 129 1 509.5 
v 167 9.53674e-07 449.5 
v 167 9.53674e-07 499.5 
v 167 1 449.5 
v 167 1 499.5 
v 175 1 554.5 
v 175 9.53674e-07 574.5 
v 175 1 574.5 
v 175 9.53674e-07 554.5 
v 175 9.53674e-07 594.5 
v 175 9.53674e-07 614.5 
v 175 1 594.5 
v 175 1 614.5 
v 175 1 634.5 
v 175 9.53674e-07 654.5 
v 175 1 654.5 
v 175 9.53674e-07 634.5 
v 190 9.53674e-07 554.5 
v 190 1 534.5 
v 190 9.53674e-07 534.5 
v 190 1 554.5 
v 190 9.53674e-07 574.5 
v 190 9.53674e-07 594.5 
v 190 1 574.5 
v 190 1 594.5 
v 190 1 614.5 
v 190 9.53674e-07 634.5 
v 190 1 634.5 
v 190 9.53674e-07 614.5 
v 190 9.53674e-07 654.5 
v 190 9.53674e-07 674.5 
v 190 1 654.5 
v 190 1 674.5 
v 190 9.53674e-07 709.5 
v 190 9.53674e-07 729.5 
v 190 1 709.5 
v 190 1 729.5 
v 306 9.53674e-07 464.5 
v 306 9.53674e-07 519.5 
v 306 1 464.5 
v 306 1 519.5 
v 321 9.53674e-07 534.5 
v 306 9.53674e-07 464.5 
v 321 9.53674e-07 449.5 
v 306 9.53674e-07 519.5 
v 182 9.53674e-07 464.5 
v 219 9.53674e-07 519.5 
v 167 9.53674e-07 449.5 
v 205 9.53674e-07 534.5 
v 167 9.53674e-07 499.5 
v 190 9.53674e-07 534.5 
v 219 9.53674e-07 499.5 
v 190 9.53674e-07 554.5 
v 129 9.53674e-07 534.5 
v 205 9.53674e-07 554.5 
v 182 9.53674e-07 499.5 
v 129 9.53674e-07 524.5 
v 175 9.53674e-07 574.5 
v 175 9.53674e-07 554.5 
v 220 9.53674e-07 554.5 
v 190 9.53674e-07 574.5 
v 205 9.53674e-07 574.5 
v 220 9.53674e-07 574.5 
v 190 9.53674e-07 594.5 
v 205 9.53674e-07 594.5 
v 175 9.53674e-07 614.5 
v 175 9.53674e-07 594.5 
v 220 9.53674e-07 594.5 
v 190 9.53674e-07 614.5 
v 205 9.53674e-07 614.5 
v 220 9.53674e-07 614.5 
v 190 9.53674e-07 634.5 
v 205 9.53674e-07 634.5 
v 175 9.53674e-07 654.5 
v 175 9.53674e-07 634.5 
v 220 9.53674e-07 634.5 
v 190 9.53674e-07 654.5 
v 205 9.53674e-07 654.5 
v 220 9.53674e-07 654.5 
v 190 9.53674e-07 674.5 
v 205 9.53674e-07 674.5 
v 80 9.53674e-07 709.5 
v 80 9.53674e-07 674.5 
v 190 9.53674e-07 709.5 
v 205 9.53674e-07 729.5 
v 190 9.53674e-07 729.5 
v 65 9.53674e-07 719.5 
v 80 9.53674e-07 734.5 
v 80 9.53674e-07 629.5 
v -74 9.53674e-07 734.5 
v 65 9.53674e-07 644.5 
v -59 9.53674e-07 719.5 
v -10 1.90735e-06 629.5 
v -74 9.53674e-07 629.5 
v -59 9.53674e-07 644.5 
v -25 1.90735e-06 629.5 
v -10 9.53674e-07 628.5 
v 13 9.53674e-07 598.5 
v 13 9.53674e-07 628.5 
v -10 9.53674e-07 598.5 
v -10 1.90735e-06 524.5 
v -25 1.90735e-06 524.5 
v 80 1.01328e-06 509.5 
v -40 1.01328e-06 524.5 
v -40 1.01328e-06 509.5 
v 10 1.01328e-06 524.5 
v 23 1.01328e-06 524.5 
v 10 -9.53674e-07 540.5 
v 23 -9.53674e-07 540.5 
v 47 1.01328e-06 524.5 
v 60 1.01328e-06 524.5 
v 47 -9.53674e-07 540.5 
v 60 -9.53674e-07 540.5 
v 80 1.01328e-06 524.5 
v 100 9.53674e-07 524.5 
v 80 9.53674e-07 566.5 
v 100 9.53674e-07 566.5 
v 80 9.53674e-07 479.5 
v 128 9.53674e-07 479.5 
v 128 9.53674e-07 509.5 
v 129 9.53674e-07 509.5 
v 129 9.53674e-07 499.5 
v 321 1 449.5 
v 321 9.53674e-07 449.5 
v 167 9.53674e-07 449.5 
v 167 1 449.5 
v 128 1 479.5 
v 128 9.53674e-07 479.5 
v 80 9.53674e-07 479.5 
v 80 1 479.5 
v 167 9.53674e-07 499.5 
v 129 9.53674e-07 499.5 
v 167 1 499.5 
v 129 1 499.5 
v 219 9.53674e-07 499.5 
v 182 9.53674e-07 499.5 
v 219 1 499.5 
v 182 1 499.5 
v 80 1 509.5 
v -40 1.01328e-06 509.5 
v -40 1 509.5 
v 80 1.01328e-06 509.5 
v 129 9.53674e-07 509.5 
v 128 9.53674e-07 509.5 
v 129 1 509.5 
v 128 1 509.5 
v 306 1 519.5 
v 219 9.53674e-07 519.5 
v 219 1 519.5 
v 306 9.53674e-07 519.5 
v 220 1 554.5 
v 220 9.53674e-07 554.5 
v 205 1 554.5 
v 205 9.53674e-07 554.5 
v 190 9.53674e-07 554.5 
v 175 9.53674e-07 554.5 
v 175 1 554.5 
v 190 1 554.5 
v 190 9.53674e-07 594.5 
v 175 9.53674e-07 594.5 
v 175 1 594.5 
v 190 1 594.5 
v 220 9.53674e-07 594.5 
v 205 9.53674e-07 594.5 
v 205 1 594.5 
v 220 1 594.5 
v 13 1 598.5 
v -10 9.53674e-07 598.5 
v -10 1 598.5 
v 13 9.53674e-07 598.5 
v -74 9.53674e-07 629.5 
v -25 1 629.5 
v -25 1.90735e-06 629.5 
v -74 1 629.5 
v 80 1 629.5 
v -10 1.90735e-06 629.5 
v -10 1 629.5 
v 80 9.53674e-07 629.5 
v 220 1 634.5 
v 220 9.53674e-07 634.5 
v 205 1 634.5 
v 205 9.53674e-07 634.5 
v 190 9.53674e-07 634.5 
v 175 9.53674e-07 634.5 
v 175 1 634.5 
v 190 1 634.5 
v 190 1 674.5 
v 190 9.53674e-07 674.5 
v 80 1 674.5 
v 80 9.53674e-07 674.5 
v 65 9.53674e-07 719.5 
v -59 9.53674e-07 719.5 
v 65 1 719.5 
v -59 1 719.5 

vn 1 0 0 
vn 1 0 0 
vn 1 0 0 
vn 1 0 0 
vn 1 0 0 
vn 1 0 0 
vn 1 0 0 
vn 1 0 0 
vn 1 0 0 
vn 1 0 0 
vn 1 0 0 
vn 1 0 0 
vn 1 0 0 
vn 1 0 0 
vn 1 0 0 
vn 1 0 0 
vn 1 0 0 
vn 1 0 0 
vn 1 0 0 
vn 1 0 0 
vn 1 0 0 
vn 1 0 0 
vn 1 0 0 
vn 1 0 0 
vn 1 0 0 
vn 1 0 0 
vn 1 0 0 
vn 1 0 0 
vn 1 0 0 
vn 1 0 0 
vn 1 0 0 
vn 1 0 0 
vn 1 0 0 
vn 1 0 0 
vn 1 0 0 
vn 1 0 0 
vn 1 0 0 
vn 1 0 0 
vn 1 0 0 
vn 1 0 0 
vn 1 0 0 
vn 1 0 0 
vn 1 0 0 
vn 1 0 0 
vn 1 0 0 
vn 1 0 0 
vn 1 0 0 
vn 1 0 0 
vn 1 0 0 
vn 1 0 0 
vn 1 0 0 
vn 1 0 0 
vn 1 0 0 
vn 1 0 0 
vn 1 0 0 
vn 1 0 0 
vn 1 0 0 
vn 1 0 0 
vn 1 0 0 
vn 1 0 0 
vn 1 0 0 
vn 1 0 0 
vn 1 0 0 
vn 1 0 0 
vn 1 0 0 
vn 1 0 0 
vn 1 0 0 
vn 1 0 0 
vn 1 0 0 
vn 1 0 0 
vn 1 0 0 
vn 1 0 0 
vn 1 0 0 
vn 1 0 0 
vn 1 0 0 
vn 1 0 0 
vn 1 0 0 
vn 1 0 0 
vn 1 0 0 
vn 1 0 0 
vn 1 0 0 
vn 1 0 0 
vn 0 1 0 
vn 0 1 0 
vn 0 1 0 
vn 0 1 0 
vn 0 1 0 
vn 0 1 0 
vn 0 1 0 
vn 0 1 0 
vn 0 1 0 
vn 0 1 0 
vn 0 1 0 
vn 0 1 0 
vn 0 1 0 
vn 0 1 0 
vn 0 1 0 
vn 0 1 0 
vn 0 1 0 
vn 0 1 0 
vn 0 1 0 
vn 0 1 0 
vn 0 1 0 
vn 0 1 0 
vn 0 1 0 
vn 0 1 0 
vn 0 1 0 
vn 0 1 0 
vn 0 1 0 
vn 0 1 0 
vn 0 1 0 
vn 0 1 0 
vn 0 1 0 
vn 0 1 0 
vn 0 1 0 
vn 0 1 0 
vn 0 1 0 
vn 0 1 0 
vn 0 1 0 
vn 0 1 0 
vn 0 1 0 
vn 0 1 0 
vn 0 1 0 
vn 0 1 0 
vn 0 1 0 
vn 0 1 0 
vn 0 1 0 
vn 0 1 0 
vn 0 1 0 
vn 0 1 0 
vn 0 1 0 
vn 0 1 0 
vn 0 1 0 
vn 0 1 0 
vn 0 1 0 
vn 0 1 0 
vn 0 1 0 
vn 0 1 0 
vn 0 1 0 
vn 0 1 0 
vn 0 1 0 
vn 0 1 0 
vn 0 1 0 
vn 0 1 0 
vn 0 1 0 
vn 0 1 0 
vn 0 1 0 
vn 0 1 0 
vn 0 1 0 
vn 0 1 0 
vn 0 1 0 
vn 0 1 0 
vn 0 1 0 
vn 0 1 0 
vn 0 1 0 
vn 0 1 0 
vn 0 1 0 
vn 0 1 0 
vn 0 1 0 
vn 0 1 0 
vn 0 1 0 
vn 0 1 0 
vn 0 1 0 
vn 0 1 0 
vn 0 0 1 
vn 0 0 1 
vn 0 0 1 
vn 0 0 1 
vn 0 0 1 
vn 0 0 1 
vn 0 0 1 
vn 0 0 1 
vn 0 0 1 
vn 0 0 1 
vn 0 0 1 
vn 0 0 1 
vn 0 0 1 
vn 0 0 1 
vn 0 0 1 
vn 0 0 1 
vn 0 0 1 
vn 0 0 1 
vn 0 0 1 
vn 0 0 1 
vn 0 0 1 
vn 0 0 1 
vn 0 0 1 
vn 0 0 1 
vn 0 0 1 
vn 0 0 1 
vn 0 0 1 
vn 0 0 1 
vn 0 0 1 
vn 0 0 1 
vn 0 0 1 
vn 0 0 1 
vn 0 0 1 
vn 0 0 1 
vn 0 0 1 
vn 0 0 1 
vn 0 0 1 
vn 0 0 1 
vn 0 0 1 
vn 0 0 1 
vn 0 0 1 
vn 0 0 1 
vn 0 0 1 
vn 0 0 1 
vn 0 0 1 
vn 0 0 1 
vn 0 0 1 
vn 0 0 1 
vn 0 0 1 
vn 0 0 1 
vn 0 0 1 
vn 0 0 1 
vn 0 0 1 
vn 0 0 1 
vn 0 0 1 
vn 0 0 1 
vn 0 0 1 
vn 0 0 1 
vn 0 0 1 
vn 0 0 1 
vn 0 0 1 
vn 0 0 1 
vn 0 0 1 
vn 0 0 1 
vn 0 0 1 
vn 0 0 1 
vn 0 0 1 
vn 0 0 1 
vn 0 0 1 
vn 0 0 1 
vn 0 0 1 
vn 0 0 1 
vn 0 0 1 
vn 0 0 1 
vn 0 0 1 
vn 0 0 1 
vn 0 0 1 
vn 0 0 1 
vn 0 0 1 
vn 0 0 1 
vn 0 0 1 
vn 0 0 1 
vn 0 0 1 
vn 0 0 1 
vn 0 0 1 
vn 0 0 1 
vn 0 0 1 
vn 0 0 1 
vn 0 0 1 
vn -1 0 0 
vn -1 0 0 
vn -1 0 0 
vn -1 0 0 
vn -1 0 0 
vn -1 0 0 
vn -1 0 0 
vn -1 0 0 
vn -1 0 0 
vn -1 0 0 
vn -1 0 0 
vn -1 0 0 
vn -1 0 0 
vn -1 0 0 
vn -1 0 0 
vn -1 0 0 
vn -1 0 0 
vn -1 0 0 
vn -1 0 0 
vn -1 0 0 
vn -1 0 0 
vn -1 0 0 
vn -1 0 0 
vn -1 0 0 
vn -1 0 0 
vn -1 0 0 
vn -1 0 0 
vn -1 0 0 
vn -1 0 0 
vn -1 0 0 
vn -1 0 0 
vn -1 0 0 
vn -1 0 0 
vn -1 0 0 
vn -1 0 0 
vn -1 0 0 
vn -1 0 0 
vn -1 0 0 
vn -1 0 0 
vn -1 0 0 
vn -1 0 0 
vn -1 0 0 
vn -1 0 0 
vn -1 0 0 
vn -1 0 0 
vn -1 0 0 
vn -1 0 0 
vn -1 0 0 
vn -1 0 0 
vn -1 0 0 
vn -1 0 0 
vn -1 0 0 
vn -1 0 0 
vn -1 0 0 
vn -1 0 0 
vn -1 0 0 
vn -1 0 0 
vn -1 0 0 
vn -1 0 0 
vn -1 0 0 
vn -1 0 0 
vn -1 0 0 
vn -1 0 0 
vn -1 0 0 
vn -1 0 0 
vn -1 0 0 
vn -1 0 0 
vn -1 0 0 
vn -1 0 0 
vn -1 0 0 
vn -1 0 0 
vn -1 0 0 
vn -1 0 0 
vn -1 0 0 
vn -1 0 0 
vn -1 0 0 
vn -1 0 0 
vn -1 0 0 
vn -1 0 0 
vn -1 0 0 
vn 0 -1 0 
vn 0 -1 0 
vn 0 -1 0 
vn 0 -1 0 
vn 0 -1 0 
vn 0 -1 0 
vn 0 -1 0 
vn 0 -1 0 
vn 0 -1 0 
vn 0 -1 0 
vn 0 -1 0 
vn 0 -1 0 
vn 0 -1 0 
vn 0 -1 0 
vn 0 -1 0 
vn 0 -1 0 
vn 0 -1 0 
vn 0 -1 0 
vn 0 -1 0 
vn 0 -1 0 
vn 0 -1 0 
vn 0 -1 0 
vn 0 -1 0 
vn 0 -1 0 
vn 0 -1 0 
vn 0 -1 0 
vn 0 -1 0 
vn 0 -1 0 
vn 0 -1 0 
vn 0 -1 0 
vn 0 -1 0 
vn 0 -1 0 
vn 0 -1 0 
vn 0 -1 0 
vn 0 -1 0 
vn 0 -1 0 
vn 0 -1 0 
vn 0 -1 0 
vn 0 -1 0 
vn 0 -1 0 
vn 0 -1 0 
vn 0 -1 0 
vn 0 -1 0 
vn 0 -1 0 
vn 0 -1 0 
vn 0 -1 0 
vn 0 -1 0 
vn 0 -1 0 
vn 0 -1 0 
vn 0 -1 0 
vn 0 -1 0 
vn 0 -1 0 
vn 0 -1 0 
vn 0 -1 0 
vn 0 -1 0 
vn 0 -1 0 
vn 0 -1 0 
vn 0 -1 0 
vn 0 -1 0 
vn 0 -1 0 
vn 0 -1 0 
vn 0 -1 0 
vn 0 -1 0 
vn 0 -1 0 
vn 0 -1 0 
vn 0 -1 0 
vn 0 -1 0 
vn 0 -1 0 
vn 0 -1 0 
vn 0 -1 0 
vn 0 -1 0 
vn 0 -1 0 
vn 0 -1 0 
vn 0 -1 0 
vn 0 -1 0 
vn 0 -1 0 
vn 0 -1 0 
vn 0 -1 0 
vn 0 -1 0 
vn 0 -1 0 
vn 0 -1 0 
vn 0 0 -1 
vn 0 0 -1 
vn 0 0 -1 
vn 0 0 -1 
vn 0 0 -1 
vn 0 0 -1 
vn 0 0 -1 
vn 0 0 -1 
vn 0 0 -1 
vn 0 0 -1 
vn 0 0 -1 
vn 0 0 -1 
vn 0 0 -1 
vn 0 0 -1 
vn 0 0 -1 
vn 0 0 -1 
vn 0 0 -1 
vn 0 0 -1 
vn 0 0 -1 
vn 0 0 -1 
vn 0 0 -1 
vn 0 0 -1 
vn 0 0 -1 
vn 0 0 -1 
vn 0 0 -1 
vn 0 0 -1 
vn 0 0 -1 
vn 0 0 -1 
vn 0 0 -1 
vn 0 0 -1 
vn 0 0 -1 
vn 0 0 -1 
vn 0 0 -1 
vn 0 0 -1 
vn 0 0 -1 
vn 0 0 -1 
vn 0 0 -1 
vn 0 0 -1 
vn 0 0 -1 
vn 0 0 -1 
vn 0 0 -1 
vn 0 0 -1 
vn 0 0 -1 
vn 0 0 -1 
vn 0 0 -1 
vn 0 0 -1 
vn 0 0 -1 
vn 0 0 -1 
vn 0 0 -1 
vn 0 0 -1 
vn 0 0 -1 
vn 0 0 -1 
vn 0 0 -1 
vn 0 0 -1 
vn 0 0 -1 
vn 0 0 -1 
vn 0 0 -1 
vn 0 0 -1 
vn 0 0 -1 
vn 0 0 -1 
vn 0 0 -1 
vn 0 0 -1 
vn 0 0 -1 
vn 0 0 -1 
vn 0 0 -1 
vn 0 0 -1 
vn 0 0 -1 
vn 0 0 -1 
vn 0 0 -1 
vn 0 0 -1 
vn 0 0 -1 
vn 0 0 -1 

vt 39.8125 -43.0625 
vt 39.8125 -42.9375 
vt 29.1875 -43.0625 
vt 29.1875 -42.9375 
vt 24.1875 -42.9375 
vt 26.6875 -43.0625 
vt 26.6875 -42.9375 
vt 24.1875 -43.0625 
vt 19.1875 -42.9375 
vt 19.1875 -43.0625 
vt 21.6875 -43.0625 
vt 21.6875 -42.9375 
vt 14.1875 -42.9375 
vt 16.6875 -43.0625 
vt 16.6875 -42.9375 
vt 14.1875 -43.0625 
vt 31.0625 -42.9375 
vt 33.5625 -43.0625 
vt 33.5625 -42.9375 
vt 31.0625 -43.0625 
vt 26.6875 -43.0625 
vt 29.1875 -43.0625 
vt 26.6875 -42.9375 
vt 29.1875 -42.9375 
vt 21.6875 -42.9375 
vt 21.6875 -43.0625 
vt 24.1875 -43.0625 
vt 24.1875 -42.9375 
vt 16.6875 -42.9375 
vt 16.6875 -43.0625 
vt 19.1875 -43.0625 
vt 19.1875 -42.9375 
vt 7.3125 -42.9375 
vt 14.1875 -43.0625 
vt 14.1875 -42.9375 
vt 11.6875 -43.0625 
vt 4.8125 -43.0625 
vt 4.8125 -42.9375 
vt 37.9375 -42.9375 
vt 33.5625 -43.0625 
vt 37.9375 -43.0625 
vt 33.5625 -42.9375 
vt 36.0625 -43.0625 
vt 32.3125 -42.9375 
vt 32.3125 -43.0625 
vt 36.0625 -42.9375 
vt 25.1875 -43.0625 
vt 30.4375 -43.0625 
vt 30.4375 -42.9375 
vt 25.1875 -42.9375 
vt 11.6875 -43.0625 
vt 17.3125 -43.0625 
vt 11.6875 -42.9375 
vt 17.3125 -42.9375 
vt 7.3125 -42.9375 
vt 4.1875 -42.9375 
vt 7.3125 -43.0625 
vt 4.1875 -43.0625 
vt 28.4375 -42.9375 
vt 30.4375 -43.0625 
vt 30.4375 -42.9375 
vt 28.4375 -43.0625 
vt 28.4375 -42.9375 
vt 30.4375 -43.0625 
vt 30.4375 -42.9375 
vt 28.4375 -43.0625 
vt 17.4375 -42.9375 
vt 21.1875 -43.0625 
vt 21.1875 -42.9375 
vt 17.4375 -43.0625 
vt 17.3125 -43.0625 
vt 17.4375 -43.0625 
vt 17.4375 -42.9375 
vt 17.3125 -42.9375 
vt 21.1875 -42.9375 
vt 21.1875 -43.0625 
vt 30.4375 -42.9375 
vt 30.4375 -43.0625 
vt 6.0625 -42.9375 
vt 15.4375 -43.0625 
vt 15.4375 -42.9375 
vt 6.0625 -43.0625 
vt 14.6875 -58.9375 
vt -0.8125 -58.9375 
vt -2.6875 -60.8125 
vt -0.8125 -52.0625 
vt 16.5625 -60.8125 
vt -2.6875 -50.1875 
vt 10.0625 -52.0625 
vt 14.6875 -54.5625 
vt 16.5625 -54.5625 
vt 10.0625 -54.5625 
vt 10.0625 -50.1875 
vt 21.3125 -54.5625 
vt 11.8125 -50.1875 
vt 13.6875 -50.1875 
vt 21.3125 -53.3125 
vt 11.8125 -47.6875 
vt 13.6875 -47.6875 
vt 9.9375 -45.1875 
vt 9.9375 -47.6875 
vt 15.5625 -47.6875 
vt 11.8125 -45.1875 
vt 13.6875 -45.1875 
vt 15.5625 -45.1875 
vt 11.8125 -42.6875 
vt 13.6875 -42.6875 
vt 9.9375 -40.1875 
vt 9.9375 -42.6875 
vt 15.5625 -42.6875 
vt 11.8125 -40.1875 
vt 13.6875 -40.1875 
vt 15.5625 -40.1875 
vt 11.8125 -37.6875 
vt 13.6875 -37.6875 
vt 9.9375 -35.1875 
vt 9.9375 -37.6875 
vt 15.5625 -37.6875 
vt 11.8125 -35.1875 
vt 13.6875 -35.1875 
vt 15.5625 -35.1875 
vt 11.8125 -28.3125 
vt 13.6875 -32.6875 
vt 27.4375 -32.6875 
vt 13.6875 -28.3125 
vt 11.8125 -25.8125 
vt 13.6875 -25.8125 
vt 27.4375 -28.3125 
vt 29.3125 -36.4375 
vt 27.4375 -38.3125 
vt 27.4375 -25.1875 
vt 38.6875 -38.3125 
vt 29.3125 -27.0625 
vt 46.6875 -25.1875 
vt 44.8125 -27.0625 
vt 44.8125 -36.4375 
vt 46.6875 -38.3125 
vt 40.5625 -38.3125 
vt 40.5625 -51.4375 
vt 38.6875 -38.4375 
vt 38.6875 -42.1875 
vt 35.8125 -38.4375 
vt 35.8125 -42.1875 
vt 38.6875 -51.4375 
vt 42.4375 -53.3125 
vt 42.4375 -51.4375 
vt 36.1875 -51.4375 
vt 36.1875 -49.4375 
vt 34.5625 -49.4375 
vt 34.5625 -51.4375 
vt 31.5625 -51.4375 
vt 31.5625 -49.4375 
vt 29.9375 -49.4375 
vt 29.9375 -51.4375 
vt 27.4375 -51.4375 
vt 27.4375 -53.3125 
vt 24.9375 -46.1875 
vt 27.4375 -46.1875 
vt 27.4375 -57.0625 
vt 24.9375 -51.4375 
vt 21.3125 -51.4375 
vt 21.4375 -53.3125 
vt 21.4375 -57.0625 
vt 21.3125 -50.1875 
vt -2.6875 -42.9375 
vt 16.5625 -43.0625 
vt 16.5625 -42.9375 
vt -2.6875 -43.0625 
vt 30.3125 -43.0625 
vt 32.1875 -43.0625 
vt 30.3125 -42.9375 
vt 32.1875 -42.9375 
vt 16.5625 -43.0625 
vt 30.3125 -43.0625 
vt 30.3125 -42.9375 
vt 16.5625 -42.9375 
vt 30.3125 -42.9375 
vt 28.4375 -42.9375 
vt 28.4375 -43.0625 
vt 30.3125 -43.0625 
vt 32.1875 -43.0625 
vt 34.0625 -43.0625 
vt 34.0625 -42.9375 
vt 32.1875 -42.9375 
vt -0.8125 -43.0625 
vt 14.6875 -43.0625 
vt -0.8125 -42.9375 
vt 14.6875 -42.9375 
vt 5.3125 -42.9375 
vt 8.1875 -43.0625 
vt 8.1875 -42.9375 
vt 5.3125 -43.0625 
vt 32.1875 -43.0625 
vt 34.0625 -43.0625 
vt 34.0625 -42.9375 
vt 32.1875 -42.9375 
vt 28.4375 -43.0625 
vt 30.3125 -43.0625 
vt 30.3125 -42.9375 
vt 28.4375 -42.9375 
vt 32.1875 -43.0625 
vt 34.0625 -42.9375 
vt 32.1875 -42.9375 
vt 34.0625 -43.0625 
vt 30.3125 -42.9375 
vt 28.4375 -42.9375 
vt 28.4375 -43.0625 
vt 30.3125 -43.0625 
vt 16.5625 -42.9375 
vt 19.0625 -43.0625 
vt 19.0625 -42.9375 
vt 16.5625 -43.0625 
vt 12.4375 -42.9375 
vt 14.0625 -43.0625 
vt 14.0625 -42.9375 
vt 12.4375 -43.0625 
vt 7.8125 -42.9375 
vt 9.4375 -43.0625 
vt 9.4375 -42.9375 
vt 7.8125 -43.0625 
vt 33.9375 -42.9375 
vt 46.6875 -43.0625 
vt 46.6875 -42.9375 
vt 32.1875 -42.9375 
vt 32.1875 -43.0625 
vt 30.3125 -42.9375 
vt 22.6875 -42.9375 
vt 30.3125 -43.0625 
vt 22.6875 -43.0625 
vt 19.0625 -43.0625 
vt 22.6875 -43.0625 
vt 19.0625 -42.9375 
vt 22.6875 -42.9375 
vt 14.0625 -42.9375 
vt 16.5625 -43.0625 
vt 16.5625 -42.9375 
vt 14.0625 -43.0625 
vt 9.4375 -42.9375 
vt 12.4375 -43.0625 
vt 12.4375 -42.9375 
vt 9.4375 -43.0625 
vt 5.3125 -42.9375 
vt 7.8125 -43.0625 
vt 7.8125 -42.9375 
vt 5.3125 -43.0625 
vt 1.5625 -42.9375 
vt 3.4375 -43.0625 
vt 3.4375 -42.9375 
vt 1.5625 -43.0625 
vt 29.3125 -42.9375 
vt 44.8125 -43.0625 
vt 44.8125 -42.9375 
vt 29.3125 -43.0625 
vt 26.6875 -43.0625 
vt 39.8125 -42.9375 
vt 26.6875 -42.9375 
vt 39.8125 -43.0625 
vt 11.6875 -43.0625 
vt 13.5625 -43.0625 
vt 11.6875 -42.9375 
vt 13.5625 -42.9375 
vt 13.5625 -43.0625 
vt 26.6875 -43.0625 
vt 13.5625 -42.9375 
vt 26.6875 -42.9375 
vt 13.5625 -42.9375 
vt 15.5625 -43.0625 
vt 15.5625 -42.9375 
vt 13.5625 -43.0625 
vt 13.5625 -43.0625 
vt 15.5625 -43.0625 
vt 13.5625 -42.9375 
vt 15.5625 -42.9375 
vt 37.9375 -43.0625 
vt 28.5625 -42.9375 
vt 28.5625 -43.0625 
vt 37.9375 -42.9375 
vt 7.9375 -43.0625 
vt 11.6875 -43.0625 
vt 11.6875 -42.9375 
vt 7.9375 -42.9375 
vt 13.5625 -43.0625 
vt 18.8125 -43.0625 
vt 18.8125 -42.9375 
vt 13.5625 -42.9375 
vt 13.5625 -42.9375 
vt 14.8125 -43.0625 
vt 14.8125 -42.9375 
vt 13.5625 -43.0625 
vt 10.4375 -43.0625 
vt 11.6875 -43.0625 
vt 10.4375 -42.9375 
vt 11.6875 -42.9375 
vt 4.1875 -43.0625 
vt 10.4375 -43.0625 
vt 4.1875 -42.9375 
vt 10.4375 -42.9375 
vt 17.3125 -42.9375 
vt 19.8125 -43.0625 
vt 19.8125 -42.9375 
vt 17.3125 -43.0625 
vt 22.3125 -43.0625 
vt 24.8125 -43.0625 
vt 22.3125 -42.9375 
vt 24.8125 -42.9375 
vt 27.3125 -42.9375 
vt 29.8125 -43.0625 
vt 29.8125 -42.9375 
vt 27.3125 -43.0625 
vt 17.3125 -43.0625 
vt 14.8125 -42.9375 
vt 14.8125 -43.0625 
vt 17.3125 -42.9375 
vt 19.8125 -43.0625 
vt 22.3125 -43.0625 
vt 19.8125 -42.9375 
vt 22.3125 -42.9375 
vt 24.8125 -42.9375 
vt 27.3125 -43.0625 
vt 27.3125 -42.9375 
vt 24.8125 -43.0625 
vt 29.8125 -43.0625 
vt 32.3125 -43.0625 
vt 29.8125 -42.9375 
vt 32.3125 -42.9375 
vt 36.6875 -43.0625 
vt 39.1875 -43.0625 
vt 36.6875 -42.9375 
vt 39.1875 -42.9375 
vt 6.0625 -43.0625 
vt 12.9375 -43.0625 
vt 6.0625 -42.9375 
vt 12.9375 -42.9375 
vt 46.6875 -50.1875 
vt 44.8125 -58.9375 
vt 46.6875 -60.8125 
vt 44.8125 -52.0625 
vt 29.3125 -58.9375 
vt 33.9375 -52.0625 
vt 27.4375 -60.8125 
vt 32.1875 -50.1875 
vt 27.4375 -54.5625 
vt 30.3125 -50.1875 
vt 33.9375 -54.5625 
vt 30.3125 -47.6875 
vt 22.6875 -50.1875 
vt 32.1875 -47.6875 
vt 29.3125 -54.5625 
vt 22.6875 -51.4375 
vt 28.4375 -45.1875 
vt 28.4375 -47.6875 
vt 34.0625 -47.6875 
vt 30.3125 -45.1875 
vt 32.1875 -45.1875 
vt 34.0625 -45.1875 
vt 30.3125 -42.6875 
vt 32.1875 -42.6875 
vt 28.4375 -40.1875 
vt 28.4375 -42.6875 
vt 34.0625 -42.6875 
vt 30.3125 -40.1875 
vt 32.1875 -40.1875 
vt 34.0625 -40.1875 
vt 30.3125 -37.6875 
vt 32.1875 -37.6875 
vt 28.4375 -35.1875 
vt 28.4375 -37.6875 
vt 34.0625 -37.6875 
vt 30.3125 -35.1875 
vt 32.1875 -35.1875 
vt 34.0625 -35.1875 
vt 30.3125 -32.6875 
vt 32.1875 -32.6875 
vt 16.5625 -28.3125 
vt 16.5625 -32.6875 
vt 30.3125 -28.3125 
vt 32.1875 -25.8125 
vt 30.3125 -25.8125 
vt 14.6875 -27.0625 
vt 16.5625 -25.1875 
vt 16.5625 -38.3125 
vt -2.6875 -25.1875 
vt 14.6875 -36.4375 
vt -0.8125 -27.0625 
vt 5.3125 -38.3125 
vt -2.6875 -38.3125 
vt -0.8125 -36.4375 
vt 3.4375 -38.3125 
vt 5.3125 -38.4375 
vt 8.1875 -42.1875 
vt 8.1875 -38.4375 
vt 5.3125 -42.1875 
vt 5.3125 -51.4375 
vt 3.4375 -51.4375 
vt 16.5625 -53.3125 
vt 1.5625 -51.4375 
vt 1.5625 -53.3125 
vt 7.8125 -51.4375 
vt 9.4375 -51.4375 
vt 7.8125 -49.4375 
vt 9.4375 -49.4375 
vt 12.4375 -51.4375 
vt 14.0625 -51.4375 
vt 12.4375 -49.4375 
vt 14.0625 -49.4375 
vt 16.5625 -51.4375 
vt 19.0625 -51.4375 
vt 16.5625 -46.1875 
vt 19.0625 -46.1875 
vt 16.5625 -57.0625 
vt 22.5625 -57.0625 
vt 22.5625 -53.3125 
vt 22.6875 -53.3125 
vt 22.6875 -54.5625 
vt -2.6875 -42.9375 
vt -2.6875 -43.0625 
vt 16.5625 -43.0625 
vt 16.5625 -42.9375 
vt 21.4375 -42.9375 
vt 21.4375 -43.0625 
vt 27.4375 -43.0625 
vt 27.4375 -42.9375 
vt 16.5625 -43.0625 
vt 21.3125 -43.0625 
vt 16.5625 -42.9375 
vt 21.3125 -42.9375 
vt 10.0625 -43.0625 
vt 14.6875 -43.0625 
vt 10.0625 -42.9375 
vt 14.6875 -42.9375 
vt 27.4375 -42.9375 
vt 42.4375 -43.0625 
vt 42.4375 -42.9375 
vt 27.4375 -43.0625 
vt 21.3125 -43.0625 
vt 21.4375 -43.0625 
vt 21.3125 -42.9375 
vt 21.4375 -42.9375 
vt -0.8125 -42.9375 
vt 10.0625 -43.0625 
vt 10.0625 -42.9375 
vt -0.8125 -43.0625 
vt 9.9375 -42.9375 
vt 9.9375 -43.0625 
vt 11.8125 -42.9375 
vt 11.8125 -43.0625 
vt 13.6875 -43.0625 
vt 15.5625 -43.0625 
vt 15.5625 -42.9375 
vt 13.6875 -42.9375 
vt 13.6875 -43.0625 
vt 15.5625 -43.0625 
vt 15.5625 -42.9375 
vt 13.6875 -42.9375 
vt 9.9375 -43.0625 
vt 11.8125 -43.0625 
vt 11.8125 -42.9375 
vt 9.9375 -42.9375 
vt 35.8125 -42.9375 
vt 38.6875 -43.0625 
vt 38.6875 -42.9375 
vt 35.8125 -43.0625 
vt 46.6875 -43.0625 
vt 40.5625 -42.9375 
vt 40.5625 -43.0625 
vt 46.6875 -42.9375 
vt 27.4375 -42.9375 
vt 38.6875 -43.0625 
vt 38.6875 -42.9375 
vt 27.4375 -43.0625 
vt 9.9375 -42.9375 
vt 9.9375 -43.0625 
vt 11.8125 -42.9375 
vt 11.8125 -43.0625 
vt 13.6875 -43.0625 
vt 15.5625 -43.0625 
vt 15.5625 -42.9375 
vt 13.6875 -42.9375 
vt 13.6875 -42.9375 
vt 13.6875 -43.0625 
vt 27.4375 -42.9375 
vt 27.4375 -43.0625 
vt 29.3125 -43.0625 
vt 44.8125 -43.0625 
vt 29.3125 -42.9375 
vt 44.8125 -42.9375 

usemtl Union111Mtl

f 1659/1659/1659 1660/1660/1660 1661/1661/1661 
f 1662/1662/1662 1661/1661/1661 1660/1660/1660 
f 1663/1663/1663 1664/1664/1664 1665/1665/1665 
f 1663/1663/1663 1666/1666/1666 1664/1664/1664 
f 1667/1667/1667 1668/1668/1668 1669/1669/1669 
f 1667/1667/1667 1669/1669/1669 1670/1670/1670 
f 1671/1671/1671 1672/1672/1672 1673/1673/1673 
f 1671/1671/1671 1674/1674/1674 1672/1672/1672 
f 1675/1675/1675 1676/1676/1676 1677/1677/1677 
f 1676/1676/1676 1675/1675/1675 1678/1678/1678 
f 1679/1679/1679 1680/1680/1680 1681/1681/1681 
f 1681/1681/1681 1680/1680/1680 1682/1682/1682 
f 1683/1683/1683 1684/1684/1684 1685/1685/1685 
f 1683/1683/1683 1685/1685/1685 1686/1686/1686 
f 1687/1687/1687 1688/1688/1688 1689/1689/1689 
f 1687/1687/1687 1689/1689/1689 1690/1690/1690 
f 1691/1691/1691 1692/1692/1692 1693/1693/1693 
f 1692/1692/1692 1691/1691/1691 1694/1694/1694 
f 1694/1694/1694 1691/1691/1691 1695/1695/1695 
f 1696/1696/1696 1695/1695/1695 1691/1691/1691 
f 1697/1697/1697 1698/1698/1698 1699/1699/1699 
f 1698/1698/1698 1697/1697/1697 1700/1700/1700 
f 1701/1701/1701 1702/1702/1702 1703/1703/1703 
f 1702/1702/1702 1701/1701/1701 1704/1704/1704 
f 1705/1705/1705 1706/1706/1706 1707/1707/1707 
f 1708/1708/1708 1705/1705/1705 1707/1707/1707 
f 1709/1709/1709 1710/1710/1710 1711/1711/1711 
f 1711/1711/1711 1710/1710/1710 1712/1712/1712 
f 1713/1713/1713 1714/1714/1714 1715/1715/1715 
f 1716/1716/1716 1715/1715/1715 1714/1714/1714 
f 1717/1717/1717 1718/1718/1718 1719/1719/1719 
f 1718/1718/1718 1717/1717/1717 1720/1720/1720 
f 1721/1721/1721 1722/1722/1722 1723/1723/1723 
f 1722/1722/1722 1721/1721/1721 1724/1724/1724 
f 1725/1725/1725 1726/1726/1726 1727/1727/1727 
f 1726/1726/1726 1725/1725/1725 1728/1728/1728 
f 1729/1729/1729 1730/1730/1730 1731/1731/1731 
f 1732/1732/1732 1729/1729/1729 1731/1731/1731 
f 1733/1733/1733 1734/1734/1734 1735/1735/1735 
f 1734/1734/1734 1736/1736/1736 1735/1735/1735 
f 1737/1737/1737 1738/1738/1738 1739/1739/1739 
f 1740/1740/1740 1738/1738/1738 1737/1737/1737 
f 1741/1741/1741 1742/1742/1742 1743/1743/1743 
f 1742/1742/1742 1744/1744/1744 1743/1743/1743 
f 1745/1745/1745 1741/1741/1741 1743/1743/1743 
f 1744/1744/1744 1746/1746/1746 1743/1743/1743 
f 1746/1746/1746 1744/1744/1744 1747/1747/1747 
f 1741/1741/1741 1745/1745/1745 1748/1748/1748 
f 1749/1749/1749 1748/1748/1748 1745/1745/1745 
f 1747/1747/1747 1750/1750/1750 1748/1748/1748 
f 1751/1751/1751 1746/1746/1746 1747/1747/1747 
f 1751/1751/1751 1747/1747/1747 1748/1748/1748 
f 1749/1749/1749 1751/1751/1751 1748/1748/1748 
f 1749/1749/1749 1752/1752/1752 1751/1751/1751 
f 1753/1753/1753 1751/1751/1751 1752/1752/1752 
f 1753/1753/1753 1752/1752/1752 1754/1754/1754 
f 1752/1752/1752 1755/1755/1755 1754/1754/1754 
f 1756/1756/1756 1753/1753/1753 1754/1754/1754 
f 1754/1754/1754 1757/1757/1757 1756/1756/1756 
f 1758/1758/1758 1756/1756/1756 1757/1757/1757 
f 1758/1758/1758 1759/1759/1759 1756/1756/1756 
f 1760/1760/1760 1758/1758/1758 1757/1757/1757 
f 1761/1761/1761 1758/1758/1758 1760/1760/1760 
f 1762/1762/1762 1761/1761/1761 1760/1760/1760 
f 1763/1763/1763 1762/1762/1762 1760/1760/1760 
f 1764/1764/1764 1761/1761/1761 1762/1762/1762 
f 1765/1765/1765 1764/1764/1764 1762/1762/1762 
f 1766/1766/1766 1764/1764/1764 1765/1765/1765 
f 1766/1766/1766 1767/1767/1767 1764/1764/1764 
f 1768/1768/1768 1766/1766/1766 1765/1765/1765 
f 1769/1769/1769 1766/1766/1766 1768/1768/1768 
f 1770/1770/1770 1769/1769/1769 1768/1768/1768 
f 1771/1771/1771 1770/1770/1770 1768/1768/1768 
f 1770/1770/1770 1772/1772/1772 1769/1769/1769 
f 1770/1770/1770 1773/1773/1773 1772/1772/1772 
f 1774/1774/1774 1772/1772/1772 1773/1773/1773 
f 1774/1774/1774 1775/1775/1775 1772/1772/1772 
f 1776/1776/1776 1774/1774/1774 1773/1773/1773 
f 1777/1777/1777 1774/1774/1774 1776/1776/1776 
f 1778/1778/1778 1777/1777/1777 1776/1776/1776 
f 1779/1779/1779 1778/1778/1778 1776/1776/1776 
f 1778/1778/1778 1780/1780/1780 1777/1777/1777 
f 1778/1778/1778 1781/1781/1781 1780/1780/1780 
f 1782/1782/1782 1780/1780/1780 1781/1781/1781 
f 1783/1783/1783 1780/1780/1780 1782/1782/1782 
f 1784/1784/1784 1780/1780/1780 1783/1783/1783 
f 1785/1785/1785 1784/1784/1784 1783/1783/1783 
f 1786/1786/1786 1783/1783/1783 1782/1782/1782 
f 1786/1786/1786 1782/1782/1782 1787/1787/1787 
f 1782/1782/1782 1788/1788/1788 1787/1787/1787 
f 1786/1786/1786 1787/1787/1787 1789/1789/1789 
f 1787/1787/1787 1788/1788/1788 1790/1790/1790 
f 1789/1789/1789 1787/1787/1787 1791/1791/1791 
f 1791/1791/1791 1792/1792/1792 1789/1789/1789 
f 1792/1792/1792 1791/1791/1791 1793/1793/1793 
f 1792/1792/1792 1793/1793/1793 1794/1794/1794 
f 1795/1795/1795 1792/1792/1792 1794/1794/1794 
f 1794/1794/1794 1787/1787/1787 1795/1795/1795 
f 1796/1796/1796 1795/1795/1795 1787/1787/1787 
f 1787/1787/1787 1790/1790/1790 1796/1796/1796 
f 1797/1797/1797 1796/1796/1796 1790/1790/1790 
f 1790/1790/1790 1798/1798/1798 1797/1797/1797 
f 1797/1797/1797 1798/1798/1798 1799/1799/1799 
f 1798/1798/1798 1800/1800/1800 1799/1799/1799 
f 1800/1800/1800 1801/1801/1801 1799/1799/1799 
f 1797/1797/1797 1799/1799/1799 1802/1802/1802 
f 1797/1797/1797 1802/1802/1802 1803/1803/1803 
f 1804/1804/1804 1797/1797/1797 1803/1803/1803 
f 1802/1802/1802 1805/1805/1805 1803/1803/1803 
f 1806/1806/1806 1807/1807/1807 1805/1805/1805 
f 1807/1807/1807 1808/1808/1808 1805/1805/1805 
f 1805/1805/1805 1808/1808/1808 1803/1803/1803 
f 1808/1808/1808 1809/1809/1809 1803/1803/1803 
f 1810/1810/1810 1811/1811/1811 1809/1809/1809 
f 1811/1811/1811 1812/1812/1812 1809/1809/1809 
f 1809/1809/1809 1812/1812/1812 1803/1803/1803 
f 1812/1812/1812 1813/1813/1813 1803/1803/1803 
f 1814/1814/1814 1803/1803/1803 1813/1813/1813 
f 1813/1813/1813 1815/1815/1815 1814/1814/1814 
f 1816/1816/1816 1815/1815/1815 1813/1813/1813 
f 1817/1817/1817 1814/1814/1814 1815/1815/1815 
f 1818/1818/1818 1817/1817/1817 1815/1815/1815 
f 1818/1818/1818 1819/1819/1819 1817/1817/1817 
f 1820/1820/1820 1817/1817/1817 1819/1819/1819 
f 1817/1817/1817 1820/1820/1820 1821/1821/1821 
f 1819/1819/1819 1755/1755/1755 1820/1820/1820 
f 1755/1755/1755 1819/1819/1819 1754/1754/1754 
f 1819/1819/1819 1822/1822/1822 1754/1754/1754 
f 1823/1823/1823 1824/1824/1824 1825/1825/1825 
f 1826/1826/1826 1824/1824/1824 1823/1823/1823 
f 1827/1827/1827 1828/1828/1828 1829/1829/1829 
f 1829/1829/1829 1828/1828/1828 1830/1830/1830 
f 1831/1831/1831 1832/1832/1832 1833/1833/1833 
f 1833/1833/1833 1834/1834/1834 1831/1831/1831 
f 1835/1835/1835 1836/1836/1836 1837/1837/1837 
f 1837/1837/1837 1838/1838/1838 1835/1835/1835 
f 1839/1839/1839 1840/1840/1840 1841/1841/1841 
f 1839/1839/1839 1841/1841/1841 1842/1842/1842 
f 1843/1843/1843 1844/1844/1844 1845/1845/1845 
f 1845/1845/1845 1844/1844/1844 1846/1846/1846 
f 1847/1847/1847 1848/1848/1848 1849/1849/1849 
f 1850/1850/1850 1848/1848/1848 1847/1847/1847 
f 1851/1851/1851 1852/1852/1852 1853/1853/1853 
f 1851/1851/1851 1853/1853/1853 1854/1854/1854 
f 1855/1855/1855 1856/1856/1856 1857/1857/1857 
f 1857/1857/1857 1858/1858/1858 1855/1855/1855 
f 1859/1859/1859 1860/1860/1860 1861/1861/1861 
f 1859/1859/1859 1862/1862/1862 1860/1860/1860 
f 1863/1863/1863 1864/1864/1864 1865/1865/1865 
f 1865/1865/1865 1866/1866/1866 1863/1863/1863 
f 1867/1867/1867 1868/1868/1868 1869/1869/1869 
f 1870/1870/1870 1868/1868/1868 1867/1867/1867 
f 1871/1871/1871 1872/1872/1872 1873/1873/1873 
f 1874/1874/1874 1872/1872/1872 1871/1871/1871 
f 1875/1875/1875 1876/1876/1876 1877/1877/1877 
f 1878/1878/1878 1876/1876/1876 1875/1875/1875 
f 1879/1879/1879 1880/1880/1880 1881/1881/1881 
f 1882/1882/1882 1880/1880/1880 1879/1879/1879 
f 1883/1883/1883 1880/1880/1880 1882/1882/1882 
f 1884/1884/1884 1885/1885/1885 1886/1886/1886 
f 1887/1887/1887 1886/1886/1886 1885/1885/1885 
f 1888/1888/1888 1889/1889/1889 1890/1890/1890 
f 1890/1890/1890 1889/1889/1889 1891/1891/1891 
f 1892/1892/1892 1893/1893/1893 1894/1894/1894 
f 1895/1895/1895 1893/1893/1893 1892/1892/1892 
f 1896/1896/1896 1897/1897/1897 1898/1898/1898 
f 1899/1899/1899 1897/1897/1897 1896/1896/1896 
f 1900/1900/1900 1901/1901/1901 1902/1902/1902 
f 1903/1903/1903 1901/1901/1901 1900/1900/1900 
f 1904/1904/1904 1905/1905/1905 1906/1906/1906 
f 1907/1907/1907 1905/1905/1905 1904/1904/1904 
f 1908/1908/1908 1909/1909/1909 1910/1910/1910 
f 1911/1911/1911 1909/1909/1909 1908/1908/1908 
f 1912/1912/1912 1913/1913/1913 1914/1914/1914 
f 1912/1912/1912 1915/1915/1915 1913/1913/1913 
f 1916/1916/1916 1917/1917/1917 1918/1918/1918 
f 1918/1918/1918 1917/1917/1917 1919/1919/1919 
f 1920/1920/1920 1921/1921/1921 1922/1922/1922 
f 1922/1922/1922 1921/1921/1921 1923/1923/1923 
f 1924/1924/1924 1925/1925/1925 1926/1926/1926 
f 1927/1927/1927 1925/1925/1925 1924/1924/1924 
f 1928/1928/1928 1929/1929/1929 1930/1930/1930 
f 1930/1930/1930 1929/1929/1929 1931/1931/1931 
f 1932/1932/1932 1933/1933/1933 1934/1934/1934 
f 1933/1933/1933 1932/1932/1932 1935/1935/1935 
f 1936/1936/1936 1937/1937/1937 1938/1938/1938 
f 1938/1938/1938 1939/1939/1939 1936/1936/1936 
f 1940/1940/1940 1941/1941/1941 1942/1942/1942 
f 1940/1940/1940 1942/1942/1942 1943/1943/1943 
f 1944/1944/1944 1945/1945/1945 1946/1946/1946 
f 1947/1947/1947 1945/1945/1945 1944/1944/1944 
f 1948/1948/1948 1949/1949/1949 1950/1950/1950 
f 1951/1951/1951 1950/1950/1950 1949/1949/1949 
f 1952/1952/1952 1953/1953/1953 1954/1954/1954 
f 1954/1954/1954 1953/1953/1953 1955/1955/1955 
f 1956/1956/1956 1957/1957/1957 1958/1958/1958 
f 1959/1959/1959 1957/1957/1957 1956/1956/1956 
f 1960/1960/1960 1961/1961/1961 1962/1962/1962 
f 1962/1962/1962 1961/1961/1961 1963/1963/1963 
f 1964/1964/1964 1965/1965/1965 1966/1966/1966 
f 1967/1967/1967 1965/1965/1965 1964/1964/1964 
f 1968/1968/1968 1969/1969/1969 1970/1970/1970 
f 1971/1971/1971 1969/1969/1969 1968/1968/1968 
f 1972/1972/1972 1973/1973/1973 1974/1974/1974 
f 1974/1974/1974 1973/1973/1973 1975/1975/1975 
f 1976/1976/1976 1977/1977/1977 1978/1978/1978 
f 1979/1979/1979 1977/1977/1977 1976/1976/1976 
f 1980/1980/1980 1981/1981/1981 1982/1982/1982 
f 1982/1982/1982 1981/1981/1981 1983/1983/1983 
f 1984/1984/1984 1985/1985/1985 1986/1986/1986 
f 1986/1986/1986 1985/1985/1985 1987/1987/1987 
f 1988/1988/1988 1989/1989/1989 1990/1990/1990 
f 1990/1990/1990 1989/1989/1989 1991/1991/1991 
f 1992/1992/1992 1993/1993/1993 1994/1994/1994 
f 1992/1992/1992 1995/1995/1995 1993/1993/1993 
f 1994/1994/1994 1993/1993/1993 1996/1996/1996 
f 1992/1992/1992 1997/1997/1997 1995/1995/1995 
f 1994/1994/1994 1996/1996/1996 1998/1998/1998 
f 1997/1997/1997 1992/1992/1992 1999/1999/1999 
f 1998/1998/1998 1996/1996/1996 2000/2000/2000 
f 1997/1997/1997 1999/1999/1999 2001/2001/2001 
f 1997/1997/1997 2001/2001/2001 2002/2002/2002 
f 1999/1999/1999 2003/2003/2003 2001/2001/2001 
f 2001/2001/2001 2004/2004/2004 2002/2002/2002 
f 2005/2005/2005 2003/2003/2003 1999/1999/1999 
f 2006/2006/2006 2002/2002/2002 2004/2004/2004 
f 2006/2006/2006 2000/2000/2000 1996/1996/1996 
f 2006/2006/2006 2004/2004/2004 2000/2000/2000 
f 2004/2004/2004 2007/2007/2007 2000/2000/2000 
f 2005/2005/2005 2008/2008/2008 2003/2003/2003 
f 2003/2003/2003 2008/2008/2008 2009/2009/2009 
f 2008/2008/2008 2005/2005/2005 2010/2010/2010 
f 2010/2010/2010 2011/2011/2011 2008/2008/2008 
f 2010/2010/2010 2012/2012/2012 2011/2011/2011 
f 2013/2013/2013 2012/2012/2012 2010/2010/2010 
f 2012/2012/2012 2014/2014/2014 2011/2011/2011 
f 2014/2014/2014 2012/2012/2012 2015/2015/2015 
f 2016/2016/2016 2014/2014/2014 2015/2015/2015 
f 2014/2014/2014 2016/2016/2016 2017/2017/2017 
f 2018/2018/2018 2016/2016/2016 2015/2015/2015 
f 2016/2016/2016 2018/2018/2018 2019/2019/2019 
f 2018/2018/2018 2020/2020/2020 2019/2019/2019 
f 2021/2021/2021 2020/2020/2020 2018/2018/2018 
f 2020/2020/2020 2022/2022/2022 2019/2019/2019 
f 2022/2022/2022 2020/2020/2020 2023/2023/2023 
f 2022/2022/2022 2023/2023/2023 2024/2024/2024 
f 2022/2022/2022 2024/2024/2024 2025/2025/2025 
f 2026/2026/2026 2024/2024/2024 2023/2023/2023 
f 2024/2024/2024 2026/2026/2026 2027/2027/2027 
f 2026/2026/2026 2028/2028/2028 2027/2027/2027 
f 2029/2029/2029 2028/2028/2028 2026/2026/2026 
f 2028/2028/2028 2030/2030/2030 2027/2027/2027 
f 2030/2030/2030 2028/2028/2028 2031/2031/2031 
f 2030/2030/2030 2031/2031/2031 2032/2032/2032 
f 2030/2030/2030 2032/2032/2032 2033/2033/2033 
f 2031/2031/2031 2034/2034/2034 2032/2032/2032 
f 2035/2035/2035 2034/2034/2034 2031/2031/2031 
f 2035/2035/2035 2036/2036/2036 2034/2034/2034 
f 2033/2033/2033 2032/2032/2032 2037/2037/2037 
f 2032/2032/2032 2038/2038/2038 2037/2037/2037 
f 2033/2033/2033 2037/2037/2037 2039/2039/2039 
f 2037/2037/2037 2038/2038/2038 2040/2040/2040 
f 2039/2039/2039 2037/2037/2037 2041/2041/2041 
f 2037/2037/2037 2040/2040/2040 2042/2042/2042 
f 2041/2041/2041 2043/2043/2043 2039/2039/2039 
f 2042/2042/2042 2040/2040/2040 2044/2044/2044 
f 2042/2042/2042 2044/2044/2044 2045/2045/2045 
f 2043/2043/2043 2041/2041/2041 2045/2045/2045 
f 2045/2045/2045 2044/2044/2044 2046/2046/2046 
f 2046/2046/2046 2043/2043/2043 2045/2045/2045 
f 2043/2043/2043 2046/2046/2046 2047/2047/2047 
f 2047/2047/2047 2048/2048/2048 2049/2049/2049 
f 2048/2048/2048 2047/2047/2047 2050/2050/2050 
f 2047/2047/2047 2046/2046/2046 2050/2050/2050 
f 2050/2050/2050 2046/2046/2046 2051/2051/2051 
f 2051/2051/2051 2046/2046/2046 2052/2052/2052 
f 2053/2053/2053 2051/2051/2051 2052/2052/2052 
f 2052/2052/2052 2054/2054/2054 2053/2053/2053 
f 2055/2055/2055 2053/2053/2053 2054/2054/2054 
f 2053/2053/2053 2056/2056/2056 2051/2051/2051 
f 2053/2053/2053 2057/2057/2057 2056/2056/2056 
f 2056/2056/2056 2057/2057/2057 2058/2058/2058 
f 2059/2059/2059 2058/2058/2058 2057/2057/2057 
f 2053/2053/2053 2060/2060/2060 2057/2057/2057 
f 2053/2053/2053 2061/2061/2061 2060/2060/2060 
f 2061/2061/2061 2062/2062/2062 2060/2060/2060 
f 2063/2063/2063 2062/2062/2062 2061/2061/2061 
f 2053/2053/2053 2064/2064/2064 2061/2061/2061 
f 2065/2065/2065 2064/2064/2064 2053/2053/2053 
f 2065/2065/2065 2066/2066/2066 2064/2064/2064 
f 2067/2067/2067 2066/2066/2066 2065/2065/2065 
f 2065/2065/2065 2053/2053/2053 2068/2068/2068 
f 2069/2069/2069 2065/2065/2065 2068/2068/2068 
f 2069/2069/2069 2070/2070/2070 2065/2065/2065 
f 2070/2070/2070 2007/2007/2007 2065/2065/2065 
f 2007/2007/2007 2070/2070/2070 2071/2071/2071 
f 2007/2007/2007 2071/2071/2071 2000/2000/2000 
f 2071/2071/2071 2072/2072/2072 2000/2000/2000 
f 2073/2073/2073 2074/2074/2074 2075/2075/2075 
f 2073/2073/2073 2075/2075/2075 2076/2076/2076 
f 2077/2077/2077 2078/2078/2078 2079/2079/2079 
f 2077/2077/2077 2079/2079/2079 2080/2080/2080 
f 2081/2081/2081 2082/2082/2082 2083/2083/2083 
f 2083/2083/2083 2082/2082/2082 2084/2084/2084 
f 2085/2085/2085 2086/2086/2086 2087/2087/2087 
f 2088/2088/2088 2087/2087/2087 2086/2086/2086 
f 2089/2089/2089 2090/2090/2090 2091/2091/2091 
f 2089/2089/2089 2092/2092/2092 2090/2090/2090 
f 2093/2093/2093 2094/2094/2094 2095/2095/2095 
f 2095/2095/2095 2094/2094/2094 2096/2096/2096 
f 2097/2097/2097 2098/2098/2098 2099/2099/2099 
f 2098/2098/2098 2097/2097/2097 2100/2100/2100 
f 2101/2101/2101 2102/2102/2102 2103/2103/2103 
f 2102/2102/2102 2104/2104/2104 2103/2103/2103 
f 2105/2105/2105 2106/2106/2106 2107/2107/2107 
f 2108/2108/2108 2105/2105/2105 2107/2107/2107 
f 2109/2109/2109 2110/2110/2110 2111/2111/2111 
f 2109/2109/2109 2111/2111/2111 2112/2112/2112 
f 2113/2113/2113 2114/2114/2114 2115/2115/2115 
f 2116/2116/2116 2113/2113/2113 2115/2115/2115 
f 2117/2117/2117 2118/2118/2118 2119/2119/2119 
f 2118/2118/2118 2117/2117/2117 2120/2120/2120 
f 2121/2121/2121 2122/2122/2122 2123/2123/2123 
f 2122/2122/2122 2121/2121/2121 2124/2124/2124 
f 2125/2125/2125 2126/2126/2126 2127/2127/2127 
f 2126/2126/2126 2125/2125/2125 2128/2128/2128 
f 2129/2129/2129 2130/2130/2130 2131/2131/2131 
f 2130/2130/2130 2132/2132/2132 2131/2131/2131 
f 2133/2133/2133 2134/2134/2134 2135/2135/2135 
f 2136/2136/2136 2133/2133/2133 2135/2135/2135 
f 2137/2137/2137 2138/2138/2138 2139/2139/2139 
f 2138/2138/2138 2140/2140/2140 2139/2139/2139 
f 2141/2141/2141 2142/2142/2142 2143/2143/2143 
f 2143/2143/2143 2142/2142/2142 2144/2144/2144 

g Union121

v 322 -9.53674e-07 448.5 
v 322 25 535.5 
v 322 -9.53674e-07 535.5 
v 322 25 448.5 
v 306 -9.53674e-07 464.5 
v 306 25 464.5 
v 306 -9.53674e-07 519.5 
v 306 25 519.5 
v 221 25 655.5 
v 221 -9.53674e-07 655.5 
v 221 25 633.5 
v 221 -9.53674e-07 633.5 
v 221 25 615.5 
v 221 -9.53674e-07 615.5 
v 221 25 593.5 
v 221 -9.53674e-07 593.5 
v 221 25 575.5 
v 221 -9.53674e-07 575.5 
v 221 25 553.5 
v 221 -9.53674e-07 553.5 
v 220 -9.53674e-07 518.5 
v 220 -9.53674e-07 498.5 
v 220 25 498.5 
v 220 25 518.5 
v 206 25 730.5 
v 206 -9.53674e-07 655.5 
v 206 25 655.5 
v 206 -9.53674e-07 730.5 
v 206 -9.53674e-07 633.5 
v 206 -9.53674e-07 615.5 
v 206 25 615.5 
v 206 25 633.5 
v 206 -9.53674e-07 593.5 
v 206 -9.53674e-07 575.5 
v 206 25 575.5 
v 206 25 593.5 
v 206 -9.53674e-07 553.5 
v 206 -9.53674e-07 534.5 
v 206 21 535.5 
v 206 21 534.5 
v 206 25 535.5 
v 206 25 553.5 
v 190 -9.53674e-07 654.5 
v 190 25 674.5 
v 190 -9.53674e-07 674.5 
v 190 25 654.5 
v 190 25 634.5 
v 190 -9.53674e-07 614.5 
v 190 25 614.5 
v 190 -9.53674e-07 634.5 
v 190 -9.53674e-07 574.5 
v 190 25 594.5 
v 190 -9.53674e-07 594.5 
v 190 25 574.5 
v 190 -9.53674e-07 534.5 
v 190 25 554.5 
v 190 -9.53674e-07 554.5 
v 190 25 534.5 
v 190 25 729.5 
v 190 -9.53674e-07 729.5 
v 190 25 709.5 
v 190 -9.53674e-07 709.5 
v 183 25 498.5 
v 183 -9.53674e-07 498.5 
v 183 25 464.5 
v 183 -9.53674e-07 464.5 
v 175 -9.53674e-07 654.5 
v 175 -9.53674e-07 634.5 
v 175 25 654.5 
v 175 25 634.5 
v 175 25 614.5 
v 175 -9.53674e-07 594.5 
v 175 25 594.5 
v 175 -9.53674e-07 614.5 
v 175 -9.53674e-07 574.5 
v 175 -9.53674e-07 554.5 
v 175 25 574.5 
v 175 25 554.5 
v 167 -9.53674e-07 449.5 
v 167 25 499.5 
v 167 -9.53674e-07 499.5 
v 167 25 449.5 
v 129 -9.53674e-07 509.5 
v 129 -9.53674e-07 499.5 
v 129 25 509.5 
v 129 25 499.5 
v 129 -9.53674e-07 498.5 
v 129 -9.53674e-07 478.5 
v 129 25 498.5 
v 129 25 478.5 
v 129 25 525.5 
v 129 -9.53674e-07 524.5 
v 129 25 524.5 
v 129 -9.53674e-07 525.5 
v 129 25 534.5 
v 129 -9.53674e-07 534.5 
v 128 21 673.5 
v 128 25 674.5 
v 128 21 674.5 
v 128 25 673.5 
v 128 25 710.5 
v 128 21 709.5 
v 128 25 709.5 
v 128 21 710.5 
v 101 25 567.5 
v 101 -9.53674e-07 525.5 
v 101 25 525.5 
v 101 -9.53674e-07 567.5 
v 87 21 674.5 
v 87 0 673.5 
v 87 21 673.5 
v 87 0 674.5 
v 87 0 709.5 
v 87 21 709.5 
v 87 0 710.5 
v 87 21 710.5 
v 81 3.14713e-05 673.5 
v 81 -9.53674e-07 628.5 
v 81 25 673.5 
v 81 25 628.5 
v 81 0 710.5 
v 81 25 710.5 
v 81 -9.53674e-07 735.5 
v 81 25 735.5 
v 80 25 566.5 
v 80 -9.53674e-07 566.5 
v 80 25 524.5 
v 80 -9.53674e-07 524.5 
v 80 25 509.5 
v 80 -9.53674e-07 479.5 
v 80 25 479.5 
v 80 -9.53674e-07 509.5 
v 65 25 719.5 
v 65 -9.53674e-07 719.5 
v 65 25 644.5 
v 65 -9.53674e-07 644.5 
v 64 25 719.5 
v 64 -9.53674e-07 718.5 
v 64 25 718.5 
v 64 -9.53674e-07 719.5 
v 61 25 541.5 
v 61 -9.53674e-07 540.5 
v 61 25 540.5 
v 61 -9.53674e-07 541.5 
v 61 -9.53674e-07 525.5 
v 61 25 525.5 
v 47 -9.53674e-07 524.5 
v 47 25 524.5 
v 47 -9.53674e-07 540.5 
v 47 25 540.5 
v 24 -9.53674e-07 525.5 
v 24 25 541.5 
v 24 -9.53674e-07 541.5 
v 24 25 525.5 
v 14 25 628.5 
v 14 -9.53674e-07 628.5 
v 14 25 597.5 
v 14 -9.53674e-07 597.5 
v 10 25 540.5 
v 10 -9.53674e-07 540.5 
v 10 25 524.5 
v 10 -9.53674e-07 524.5 
v -9 25 597.5 
v -9 -9.53674e-07 525.5 
v -9 25 525.5 
v -9 -9.53674e-07 597.5 
v -25 17 628.5 
v -25 17 629.5 
v -25 -9.53674e-07 629.5 
v -25 25 598.5 
v -25 25 628.5 
v -25 -9.53674e-07 598.5 
v -25 17 597.5 
v -25 17 598.5 
v -25 -9.53674e-07 525.5 
v -25 25 525.5 
v -25 25 597.5 
v -25 -9.53674e-07 524.5 
v -25 25 524.5 
v -40 25 524.5 
v -40 21 524.5 
v -40 21 509.5 
v -40 25 509.5 
v -58 -9.53674e-07 718.5 
v -58 -9.53674e-07 645.5 
v -58 25 718.5 
v -58 25 645.5 
v -74 -9.53674e-07 734.5 
v -74 -9.53674e-07 629.5 
v -74 25 629.5 
v -74 25 734.5 
v 205 25 654.5 
v 206 25 730.5 
v 206 25 655.5 
v 221 25 655.5 
v 205 25 729.5 
v 220 25 654.5 
v 190 25 729.5 
v 220 25 634.5 
v 189 25 730.5 
v 221 25 633.5 
v 189 25 710.5 
v 206 25 633.5 
v 190 25 709.5 
v 205 25 634.5 
v 128 25 709.5 
v 205 25 614.5 
v 128 25 710.5 
v 81 25 709.5 
v 81 25 710.5 
v 206 25 615.5 
v 206 25 614.5 
v 221 25 615.5 
v 220 25 614.5 
v 221 25 593.5 
v 220 25 594.5 
v 206 25 593.5 
v 205 25 594.5 
v 205 25 574.5 
v 206 25 575.5 
v 220 25 574.5 
v 221 25 575.5 
v 221 25 553.5 
v 220 25 554.5 
v 206 25 553.5 
v 205 25 554.5 
v 205 25 534.5 
v 206 25 535.5 
v 322 25 535.5 
v 321 25 534.5 
v 321 25 449.5 
v 322 25 448.5 
v 166 25 448.5 
v 167 25 449.5 
v 167 25 499.5 
v 166 25 498.5 
v 129 25 499.5 
v 129 25 498.5 
v 128 25 479.5 
v 129 25 509.5 
v 128 25 509.5 
v 129 25 478.5 
v 80 25 479.5 
v 79 25 478.5 
v 80 25 509.5 
v 79 25 508.5 
v -40 25 509.5 
v -41 25 508.5 
v -40 25 524.5 
v -41 25 525.5 
v -25 25 525.5 
v -25 25 524.5 
v -26 25 525.5 
v -25 25 597.5 
v -26 25 598.5 
v 14 25 597.5 
v 13 25 598.5 
v 14 25 628.5 
v 13 25 628.5 
v 80 25 629.5 
v 81 25 628.5 
v -10 25 628.5 
v 81 25 673.5 
v -10 25 629.5 
v 80 25 674.5 
v -25 25 628.5 
v 128 25 674.5 
v 128 25 673.5 
v 189 25 673.5 
v 190 25 674.5 
v 189 25 655.5 
v 190 25 654.5 
v 175 25 654.5 
v 174 25 655.5 
v 175 25 634.5 
v 174 25 633.5 
v 189 25 633.5 
v 190 25 634.5 
v 189 25 615.5 
v 190 25 614.5 
v 175 25 614.5 
v 174 25 615.5 
v 175 25 594.5 
v 174 25 593.5 
v 189 25 593.5 
v 190 25 594.5 
v 189 25 575.5 
v 190 25 574.5 
v 175 25 574.5 
v 174 25 575.5 
v 175 25 554.5 
v 174 25 553.5 
v 189 25 553.5 
v 190 25 554.5 
v 189 25 535.5 
v 190 25 534.5 
v 129 25 534.5 
v 128 25 535.5 
v 128 25 525.5 
v 129 25 525.5 
v 100 25 524.5 
v 129 25 524.5 
v 101 25 525.5 
v 101 25 567.5 
v 100 25 566.5 
v 79 25 567.5 
v 79 25 566.5 
v 80 25 566.5 
v 79 25 525.5 
v 80 25 524.5 
v 60 25 524.5 
v 61 25 525.5 
v 60 25 525.5 
v 61 25 540.5 
v 60 25 540.5 
v 61 25 541.5 
v 47 25 540.5 
v 46 25 541.5 
v 46 25 525.5 
v 47 25 524.5 
v 23 25 524.5 
v 24 25 525.5 
v 24 25 541.5 
v 23 25 540.5 
v 10 25 540.5 
v 9 25 541.5 
v 9 25 525.5 
v 10 25 524.5 
v -10 25 524.5 
v -10 25 525.5 
v -10 25 597.5 
v -9 25 597.5 
v -9 25 525.5 
v 80 25 710.5 
v 80 25 734.5 
v 81 25 735.5 
v -74 25 734.5 
v -75 25 735.5 
v -74 25 629.5 
v -75 25 628.5 
v -25 25 629.5 
v -26 25 628.5 
v -25 25 598.5 
v 64 25 645.5 
v 65 25 719.5 
v 65 25 644.5 
v 64 25 719.5 
v -59 25 644.5 
v -58 25 645.5 
v -59 25 719.5 
v -58 25 718.5 
v 64 25 718.5 
v 305 25 465.5 
v 305 25 518.5 
v 306 25 464.5 
v 306 25 519.5 
v 183 25 464.5 
v 183 25 465.5 
v 220 25 518.5 
v 219 25 519.5 
v 220 25 498.5 
v 219 25 499.5 
v 183 25 498.5 
v 182 25 464.5 
v 182 25 499.5 
v -75 25 735.5 
v 81 -9.53674e-07 735.5 
v 81 25 735.5 
v -75 -9.53674e-07 735.5 
v 189 25 730.5 
v 206 -9.53674e-07 730.5 
v 206 25 730.5 
v 189 -9.53674e-07 730.5 
v 64 25 719.5 
v 65 -9.53674e-07 719.5 
v 65 25 719.5 
v 64 -9.53674e-07 719.5 
v -59 25 719.5 
v -59 -9.53674e-07 719.5 
v 128 -9.53674e-07 710.5 
v 189 -9.53674e-07 710.5 
v 189 25 710.5 
v 128 25 710.5 
v 87 21 710.5 
v 128 21 710.5 
v 81 25 710.5 
v 87 0 710.5 
v 81 0 710.5 
v 128 25 674.5 
v 190 -9.53674e-07 674.5 
v 190 25 674.5 
v 128 -9.53674e-07 674.5 
v 87 21 674.5 
v 128 21 674.5 
v 80 25 674.5 
v 87 0 674.5 
v 80 -9.53674e-07 674.5 
v 206 -9.53674e-07 655.5 
v 221 -9.53674e-07 655.5 
v 206 25 655.5 
v 221 25 655.5 
v 174 25 655.5 
v 189 -9.53674e-07 655.5 
v 189 25 655.5 
v 174 -9.53674e-07 655.5 
v 64 -9.53674e-07 645.5 
v -58 25 645.5 
v -58 -9.53674e-07 645.5 
v 64 25 645.5 
v 205 -9.53674e-07 634.5 
v 220 -9.53674e-07 634.5 
v 220 25 634.5 
v 205 25 634.5 
v 175 -9.53674e-07 634.5 
v 190 -9.53674e-07 634.5 
v 175 25 634.5 
v 190 25 634.5 
v -10 25 629.5 
v 80 -9.53674e-07 629.5 
v 80 25 629.5 
v -10 17 629.5 
v -10 -9.53674e-07 629.5 
v -25 25 629.5 
v -25 17 629.5 
v -74 25 629.5 
v -25 -9.53674e-07 629.5 
v -74 -9.53674e-07 629.5 
v 206 -9.53674e-07 615.5 
v 221 -9.53674e-07 615.5 
v 206 25 615.5 
v 221 25 615.5 
v 174 -9.53674e-07 615.5 
v 189 -9.53674e-07 615.5 
v 174 25 615.5 
v 189 25 615.5 
v -25 -9.53674e-07 598.5 
v -26 25 598.5 
v -26 -9.53674e-07 598.5 
v -25 17 598.5 
v -10 17 598.5 
v 13 25 598.5 
v -10 -9.53674e-07 598.5 
v 13 -9.53674e-07 598.5 
v -9 -9.53674e-07 597.5 
v -10 25 597.5 
v -10 -9.53674e-07 597.5 
v -9 25 597.5 
v 175 -9.53674e-07 594.5 
v 190 -9.53674e-07 594.5 
v 175 25 594.5 
v 190 25 594.5 
v 205 25 594.5 
v 220 -9.53674e-07 594.5 
v 220 25 594.5 
v 205 -9.53674e-07 594.5 
v 206 -9.53674e-07 575.5 
v 221 -9.53674e-07 575.5 
v 206 25 575.5 
v 221 25 575.5 
v 174 -9.53674e-07 575.5 
v 189 -9.53674e-07 575.5 
v 174 25 575.5 
v 189 25 575.5 
v 79 25 567.5 
v 101 -9.53674e-07 567.5 
v 101 25 567.5 
v 79 -9.53674e-07 567.5 
v 79 -9.53674e-07 566.5 
v 80 -9.53674e-07 566.5 
v 79 25 566.5 
v 80 25 566.5 
v 175 -9.53674e-07 554.5 
v 190 -9.53674e-07 554.5 
v 175 25 554.5 
v 190 25 554.5 
v 205 25 554.5 
v 220 -9.53674e-07 554.5 
v 220 25 554.5 
v 205 -9.53674e-07 554.5 
v 46 25 541.5 
v 61 -9.53674e-07 541.5 
v 61 25 541.5 
v 46 -9.53674e-07 541.5 
v 9 -9.53674e-07 541.5 
v 24 -9.53674e-07 541.5 
v 9 25 541.5 
v 24 25 541.5 
v 128 25 535.5 
v 189 -9.53674e-07 535.5 
v 189 25 535.5 
v 128 -9.53674e-07 535.5 
v 230 -9.53674e-07 535.5 
v 322 -9.53674e-07 535.5 
v 230 21 535.5 
v 322 25 535.5 
v 206 25 535.5 
v 206 21 535.5 
v 101 -9.53674e-07 525.5 
v 128 25 525.5 
v 101 25 525.5 
v 128 -9.53674e-07 525.5 
v 61 -9.53674e-07 525.5 
v 79 25 525.5 
v 61 25 525.5 
v 79 -9.53674e-07 525.5 
v 46 25 525.5 
v 24 25 525.5 
v 24 -9.53674e-07 525.5 
v 46 -9.53674e-07 525.5 
v -10 -9.53674e-07 525.5 
v 9 25 525.5 
v -10 25 525.5 
v 9 -9.53674e-07 525.5 
v -41 -9.53674e-07 525.5 
v -25 -9.53674e-07 525.5 
v -41 25 525.5 
v -25 25 525.5 
v 219 25 519.5 
v 306 -9.53674e-07 519.5 
v 306 25 519.5 
v 219 -9.53674e-07 519.5 
v 128 -9.53674e-07 509.5 
v 129 -9.53674e-07 509.5 
v 128 25 509.5 
v 129 25 509.5 
v 79 -9.53674e-07 509.5 
v 80 -9.53674e-07 509.5 
v 79 21 509.5 
v 80 25 509.5 
v -40 25 509.5 
v -40 21 509.5 
v 182 -9.53674e-07 499.5 
v 219 -9.53674e-07 499.5 
v 182 25 499.5 
v 219 25 499.5 
v 129 25 499.5 
v 167 -9.53674e-07 499.5 
v 167 25 499.5 
v 129 -9.53674e-07 499.5 
v 80 25 479.5 
v 128 -9.53674e-07 479.5 
v 128 25 479.5 
v 80 -9.53674e-07 479.5 
v 183 25 465.5 
v 305 -9.53674e-07 465.5 
v 305 25 465.5 
v 183 -9.53674e-07 465.5 
v 321 -9.53674e-07 449.5 
v 321 25 449.5 
v 167 -9.53674e-07 449.5 
v 167 25 449.5 
v -75 -9.53674e-07 628.5 
v -75 -9.53674e-07 735.5 
v -75 25 735.5 
v -75 25 628.5 
v -59 -9.53674e-07 644.5 
v -59 -9.53674e-07 719.5 
v -59 25 719.5 
v -59 25 644.5 
v -41 21 508.5 
v -41 21 524.5 
v -41 25 508.5 
v -41 25 525.5 
v -41 -9.53674e-07 525.5 
v -41 -9.53674e-07 524.5 
v -26 25 525.5 
v -26 -9.53674e-07 598.5 
v -26 25 598.5 
v -26 -9.53674e-07 525.5 
v -26 -9.53674e-07 628.5 
v -26 25 628.5 
v -10 17 628.5 
v -10 -9.53674e-07 629.5 
v -10 17 629.5 
v -10 -9.53674e-07 628.5 
v -10 25 524.5 
v -10 -9.53674e-07 525.5 
v -10 25 525.5 
v -10 -9.53674e-07 524.5 
v -10 -9.53674e-07 597.5 
v -10 25 597.5 
v -10 -9.53674e-07 598.5 
v -10 17 597.5 
v -10 17 598.5 
v 9 -9.53674e-07 525.5 
v 9 -9.53674e-07 541.5 
v 9 25 541.5 
v 9 25 525.5 
v 13 25 598.5 
v 13 -9.53674e-07 628.5 
v 13 25 628.5 
v 13 -9.53674e-07 598.5 
v 23 -9.53674e-07 524.5 
v 23 -9.53674e-07 540.5 
v 23 25 524.5 
v 23 25 540.5 
v 46 -9.53674e-07 525.5 
v 46 -9.53674e-07 541.5 
v 46 25 541.5 
v 46 25 525.5 
v 60 -9.53674e-07 524.5 
v 60 -9.53674e-07 525.5 
v 60 25 524.5 
v 60 25 525.5 
v 60 -9.53674e-07 540.5 
v 60 25 540.5 
v 64 -9.53674e-07 719.5 
v 64 25 645.5 
v 64 -9.53674e-07 645.5 
v 64 25 719.5 
v 79 -9.53674e-07 566.5 
v 79 -9.53674e-07 567.5 
v 79 25 566.5 
v 79 25 567.5 
v 79 25 525.5 
v 79 -9.53674e-07 525.5 
v 79 25 478.5 
v 79 -9.53674e-07 509.5 
v 79 21 508.5 
v 79 21 509.5 
v 79 25 508.5 
v 79 -9.53674e-07 478.5 
v 80 -9.53674e-07 629.5 
v 80 -9.53674e-07 674.5 
v 80 25 629.5 
v 80 25 674.5 
v 80 -9.53674e-07 710.5 
v 80 -9.53674e-07 734.5 
v 80 25 710.5 
v 80 25 734.5 
v 81 0 709.5 
v 81 0 710.5 
v 81 25 709.5 
v 81 25 710.5 
v 100 -9.53674e-07 524.5 
v 100 -9.53674e-07 566.5 
v 100 25 524.5 
v 100 25 566.5 
v 128 -9.53674e-07 709.5 
v 128 -9.53674e-07 710.5 
v 128 25 709.5 
v 128 25 710.5 
v 128 25 673.5 
v 128 -9.53674e-07 674.5 
v 128 25 674.5 
v 128 -9.53674e-07 673.5 
v 128 -9.53674e-07 479.5 
v 128 -9.53674e-07 509.5 
v 128 25 479.5 
v 128 25 509.5 
v 128 25 525.5 
v 128 -9.53674e-07 535.5 
v 128 25 535.5 
v 128 -9.53674e-07 525.5 
v 166 25 448.5 
v 166 -9.53674e-07 498.5 
v 166 25 498.5 
v 166 -9.53674e-07 448.5 
v 174 -9.53674e-07 633.5 
v 174 -9.53674e-07 655.5 
v 174 25 655.5 
v 174 25 633.5 
v 174 -9.53674e-07 593.5 
v 174 -9.53674e-07 615.5 
v 174 25 615.5 
v 174 25 593.5 
v 174 -9.53674e-07 553.5 
v 174 -9.53674e-07 575.5 
v 174 25 575.5 
v 174 25 553.5 
v 182 25 464.5 
v 182 -9.53674e-07 499.5 
v 182 25 499.5 
v 182 -9.53674e-07 464.5 
v 183 -9.53674e-07 464.5 
v 183 -9.53674e-07 465.5 
v 183 25 464.5 
v 183 25 465.5 
v 189 -9.53674e-07 655.5 
v 189 -9.53674e-07 673.5 
v 189 25 673.5 
v 189 25 655.5 
v 189 25 633.5 
v 189 25 615.5 
v 189 -9.53674e-07 615.5 
v 189 -9.53674e-07 633.5 
v 189 -9.53674e-07 575.5 
v 189 -9.53674e-07 593.5 
v 189 25 593.5 
v 189 25 575.5 
v 189 25 553.5 
v 189 25 535.5 
v 189 -9.53674e-07 535.5 
v 189 -9.53674e-07 553.5 
v 189 -9.53674e-07 710.5 
v 189 -9.53674e-07 730.5 
v 189 25 730.5 
v 189 25 710.5 
v 205 25 654.5 
v 205 -9.53674e-07 729.5 
v 205 25 729.5 
v 205 -9.53674e-07 654.5 
v 205 -9.53674e-07 614.5 
v 205 -9.53674e-07 634.5 
v 205 25 614.5 
v 205 25 634.5 
v 205 -9.53674e-07 574.5 
v 205 -9.53674e-07 594.5 
v 205 25 574.5 
v 205 25 594.5 
v 205 -9.53674e-07 534.5 
v 205 -9.53674e-07 554.5 
v 205 25 534.5 
v 205 25 554.5 
v 219 -9.53674e-07 499.5 
v 219 -9.53674e-07 519.5 
v 219 25 519.5 
v 219 25 499.5 
v 220 -9.53674e-07 634.5 
v 220 -9.53674e-07 654.5 
v 220 25 634.5 
v 220 25 654.5 
v 220 25 614.5 
v 220 25 594.5 
v 220 -9.53674e-07 614.5 
v 220 -9.53674e-07 594.5 
v 220 25 554.5 
v 220 -9.53674e-07 574.5 
v 220 25 574.5 
v 220 -9.53674e-07 554.5 
v 230 -9.53674e-07 534.5 
v 230 -9.53674e-07 535.5 
v 230 21 534.5 
v 230 21 535.5 
v 305 -9.53674e-07 465.5 
v 305 -9.53674e-07 518.5 
v 305 25 465.5 
v 305 25 518.5 
v 321 -9.53674e-07 449.5 
v 321 -9.53674e-07 534.5 
v 321 25 449.5 
v 321 25 534.5 
v 205 -9.53674e-07 729.5 
v 206 -9.53674e-07 655.5 
v 206 -9.53674e-07 730.5 
v 189 -9.53674e-07 730.5 
v 205 -9.53674e-07 654.5 
v 190 -9.53674e-07 729.5 
v 220 -9.53674e-07 654.5 
v 189 -9.53674e-07 710.5 
v 221 -9.53674e-07 655.5 
v 190 -9.53674e-07 709.5 
v 128 -9.53674e-07 710.5 
v 128 -9.53674e-07 709.5 
v 220 -9.53674e-07 634.5 
v 221 -9.53674e-07 633.5 
v 205 -9.53674e-07 634.5 
v 206 -9.53674e-07 633.5 
v 206 -9.53674e-07 615.5 
v 206 -9.53674e-07 614.5 
v 205 -9.53674e-07 614.5 
v 220 -9.53674e-07 614.5 
v 221 -9.53674e-07 615.5 
v 220 -9.53674e-07 594.5 
v 221 -9.53674e-07 593.5 
v 205 -9.53674e-07 594.5 
v 206 -9.53674e-07 593.5 
v 206 -9.53674e-07 575.5 
v 205 -9.53674e-07 574.5 
v 220 -9.53674e-07 574.5 
v 221 -9.53674e-07 575.5 
v 220 -9.53674e-07 554.5 
v 221 -9.53674e-07 553.5 
v 205 -9.53674e-07 554.5 
v 206 -9.53674e-07 553.5 
v 206 -9.53674e-07 534.5 
v 205 -9.53674e-07 534.5 
v 175 -9.53674e-07 654.5 
v 174 -9.53674e-07 633.5 
v 175 -9.53674e-07 634.5 
v 174 -9.53674e-07 655.5 
v 189 -9.53674e-07 633.5 
v 190 -9.53674e-07 654.5 
v 190 -9.53674e-07 634.5 
v 189 -9.53674e-07 655.5 
v 190 -9.53674e-07 614.5 
v 189 -9.53674e-07 673.5 
v 189 -9.53674e-07 615.5 
v 190 -9.53674e-07 674.5 
v 128 -9.53674e-07 674.5 
v 128 -9.53674e-07 673.5 
v 174 -9.53674e-07 615.5 
v 175 -9.53674e-07 614.5 
v 174 -9.53674e-07 593.5 
v 175 -9.53674e-07 594.5 
v 189 -9.53674e-07 593.5 
v 190 -9.53674e-07 594.5 
v 190 -9.53674e-07 574.5 
v 189 -9.53674e-07 575.5 
v 174 -9.53674e-07 575.5 
v 175 -9.53674e-07 574.5 
v 174 -9.53674e-07 553.5 
v 175 -9.53674e-07 554.5 
v 189 -9.53674e-07 553.5 
v 190 -9.53674e-07 554.5 
v 190 -9.53674e-07 534.5 
v 189 -9.53674e-07 535.5 
v 129 -9.53674e-07 534.5 
v 128 -9.53674e-07 535.5 
v 129 -9.53674e-07 525.5 
v 128 -9.53674e-07 525.5 
v 129 -9.53674e-07 524.5 
v 101 -9.53674e-07 525.5 
v 100 -9.53674e-07 524.5 
v 100 -9.53674e-07 566.5 
v 101 -9.53674e-07 567.5 
v 79 -9.53674e-07 567.5 
v 79 -9.53674e-07 566.5 
v 80 -9.53674e-07 566.5 
v 79 -9.53674e-07 525.5 
v 80 -9.53674e-07 524.5 
v 61 -9.53674e-07 525.5 
v 60 -9.53674e-07 525.5 
v 60 -9.53674e-07 524.5 
v 60 -9.53674e-07 540.5 
v 61 -9.53674e-07 540.5 
v 46 -9.53674e-07 541.5 
v 61 -9.53674e-07 541.5 
v 47 -9.53674e-07 540.5 
v 46 -9.53674e-07 525.5 
v 47 -9.53674e-07 524.5 
v 24 -9.53674e-07 525.5 
v 23 -9.53674e-07 524.5 
v 23 -9.53674e-07 540.5 
v 24 -9.53674e-07 541.5 
v 9 -9.53674e-07 541.5 
v 10 -9.53674e-07 540.5 
v 9 -9.53674e-07 525.5 
v 10 -9.53674e-07 524.5 
v -10 -9.53674e-07 525.5 
v -10 -9.53674e-07 524.5 
v -9 -9.53674e-07 525.5 
v -10 -9.53674e-07 597.5 
v -9 -9.53674e-07 597.5 
v 14 -9.53674e-07 597.5 
v -10 -9.53674e-07 598.5 
v 13 -9.53674e-07 598.5 
v 14 -9.53674e-07 628.5 
v 13 -9.53674e-07 628.5 
v -10 -9.53674e-07 629.5 
v -10 -9.53674e-07 628.5 
v 81 -9.53674e-07 628.5 
v 80 -9.53674e-07 629.5 
v 80 -9.53674e-07 674.5 
v 81 3.14713e-05 673.5 
v 87 0 673.5 
v 87 0 674.5 
v 87 0 709.5 
v 81 0 710.5 
v 81 0 709.5 
v 87 0 710.5 
v 80 -9.53674e-07 734.5 
v 80 -9.53674e-07 710.5 
v 81 -9.53674e-07 735.5 
v -75 -9.53674e-07 735.5 
v -74 -9.53674e-07 734.5 
v -74 -9.53674e-07 629.5 
v -75 -9.53674e-07 628.5 
v -25 -9.53674e-07 629.5 
v -26 -9.53674e-07 628.5 
v -25 -9.53674e-07 598.5 
v -26 -9.53674e-07 598.5 
v -25 -9.53674e-07 525.5 
v -26 -9.53674e-07 525.5 
v -41 -9.53674e-07 525.5 
v -25 -9.53674e-07 524.5 
v -41 -9.53674e-07 524.5 
v 65 -9.53674e-07 719.5 
v 64 -9.53674e-07 719.5 
v 64 -9.53674e-07 645.5 
v 65 -9.53674e-07 644.5 
v -58 -9.53674e-07 645.5 
v -59 -9.53674e-07 644.5 
v -58 -9.53674e-07 718.5 
v -59 -9.53674e-07 719.5 
v 64 -9.53674e-07 718.5 
v 321 -9.53674e-07 534.5 
v 230 -9.53674e-07 535.5 
v 230 -9.53674e-07 534.5 
v 322 -9.53674e-07 535.5 
v 322 -9.53674e-07 448.5 
v 321 -9.53674e-07 449.5 
v 166 -9.53674e-07 448.5 
v 167 -9.53674e-07 449.5 
v 166 -9.53674e-07 498.5 
v 167 -9.53674e-07 499.5 
v 129 -9.53674e-07 499.5 
v 129 -9.53674e-07 498.5 
v 128 -9.53674e-07 509.5 
v 129 -9.53674e-07 509.5 
v 129 -9.53674e-07 478.5 
v 128 -9.53674e-07 479.5 
v 79 -9.53674e-07 478.5 
v 80 -9.53674e-07 479.5 
v 79 -9.53674e-07 509.5 
v 80 -9.53674e-07 509.5 
v 306 -9.53674e-07 519.5 
v 305 -9.53674e-07 518.5 
v 305 -9.53674e-07 465.5 
v 220 -9.53674e-07 518.5 
v 306 -9.53674e-07 464.5 
v 183 -9.53674e-07 465.5 
v 219 -9.53674e-07 519.5 
v 183 -9.53674e-07 464.5 
v 220 -9.53674e-07 498.5 
v 219 -9.53674e-07 499.5 
v 182 -9.53674e-07 499.5 
v 182 -9.53674e-07 464.5 
v 183 -9.53674e-07 498.5 
v -10 17 628.5 
v -10 17 629.5 
v -25 17 629.5 
v -25 17 628.5 
v -10 17 597.5 
v -10 17 598.5 
v -25 17 598.5 
v -25 17 597.5 
v 128 21 673.5 
v 128 21 674.5 
v 87 21 674.5 
v 87 21 673.5 
v 128 21 709.5 
v 87 21 710.5 
v 87 21 709.5 
v 128 21 710.5 
v 230 21 534.5 
v 230 21 535.5 
v 206 21 535.5 
v 206 21 534.5 
v -41 21 508.5 
v 79 21 509.5 
v -40 21 509.5 
v 79 21 508.5 
v -41 21 524.5 
v -40 21 524.5 
v 166 -9.53674e-07 448.5 
v 322 25 448.5 
v 322 -9.53674e-07 448.5 
v 166 25 448.5 
v 306 25 464.5 
v 306 -9.53674e-07 464.5 
v 183 -9.53674e-07 464.5 
v 183 25 464.5 
v 182 -9.53674e-07 464.5 
v 182 25 464.5 
v 129 25 478.5 
v 129 -9.53674e-07 478.5 
v 79 -9.53674e-07 478.5 
v 79 25 478.5 
v 220 25 498.5 
v 183 -9.53674e-07 498.5 
v 183 25 498.5 
v 220 -9.53674e-07 498.5 
v 166 -9.53674e-07 498.5 
v 129 -9.53674e-07 498.5 
v 166 25 498.5 
v 129 25 498.5 
v 79 25 508.5 
v 79 21 508.5 
v -41 21 508.5 
v -41 25 508.5 
v 305 -9.53674e-07 518.5 
v 220 -9.53674e-07 518.5 
v 305 25 518.5 
v 220 25 518.5 
v 129 25 524.5 
v 129 -9.53674e-07 524.5 
v 100 -9.53674e-07 524.5 
v 100 25 524.5 
v 80 25 524.5 
v 80 -9.53674e-07 524.5 
v 60 -9.53674e-07 524.5 
v 60 25 524.5 
v 23 -9.53674e-07 524.5 
v 47 25 524.5 
v 47 -9.53674e-07 524.5 
v 23 25 524.5 
v 10 25 524.5 
v -10 -9.53674e-07 524.5 
v -10 25 524.5 
v 10 -9.53674e-07 524.5 
v -25 25 524.5 
v -41 -9.53674e-07 524.5 
v -40 21 524.5 
v -41 21 524.5 
v -40 25 524.5 
v -25 -9.53674e-07 524.5 
v -9 25 525.5 
v -10 -9.53674e-07 525.5 
v -10 25 525.5 
v -9 -9.53674e-07 525.5 
v -25 25 525.5 
v -26 -9.53674e-07 525.5 
v -26 25 525.5 
v -25 -9.53674e-07 525.5 
v 205 -9.53674e-07 534.5 
v 206 21 534.5 
v 206 -9.53674e-07 534.5 
v 205 25 534.5 
v 321 25 534.5 
v 230 21 534.5 
v 321 -9.53674e-07 534.5 
v 230 -9.53674e-07 534.5 
v 129 25 534.5 
v 190 25 534.5 
v 129 -9.53674e-07 534.5 
v 190 -9.53674e-07 534.5 
v 47 25 540.5 
v 60 -9.53674e-07 540.5 
v 47 -9.53674e-07 540.5 
v 60 25 540.5 
v 23 -9.53674e-07 540.5 
v 10 -9.53674e-07 540.5 
v 10 25 540.5 
v 23 25 540.5 
v 189 25 553.5 
v 174 -9.53674e-07 553.5 
v 174 25 553.5 
v 189 -9.53674e-07 553.5 
v 221 25 553.5 
v 206 -9.53674e-07 553.5 
v 206 25 553.5 
v 221 -9.53674e-07 553.5 
v 100 -9.53674e-07 566.5 
v 79 -9.53674e-07 566.5 
v 100 25 566.5 
v 79 25 566.5 
v 220 25 574.5 
v 205 -9.53674e-07 574.5 
v 205 25 574.5 
v 220 -9.53674e-07 574.5 
v 175 -9.53674e-07 574.5 
v 190 25 574.5 
v 190 -9.53674e-07 574.5 
v 175 25 574.5 
v 189 25 593.5 
v 174 -9.53674e-07 593.5 
v 174 25 593.5 
v 189 -9.53674e-07 593.5 
v 221 25 593.5 
v 206 -9.53674e-07 593.5 
v 206 25 593.5 
v 221 -9.53674e-07 593.5 
v 14 25 597.5 
v -25 17 597.5 
v -25 25 597.5 
v -10 17 597.5 
v -10 -9.53674e-07 597.5 
v 14 -9.53674e-07 597.5 
v -25 25 598.5 
v -25 -9.53674e-07 598.5 
v -26 -9.53674e-07 598.5 
v -26 25 598.5 
v 206 25 614.5 
v 205 -9.53674e-07 614.5 
v 205 25 614.5 
v 206 -9.53674e-07 614.5 
v 220 25 614.5 
v 220 -9.53674e-07 614.5 
v 190 25 614.5 
v 175 -9.53674e-07 614.5 
v 175 25 614.5 
v 190 -9.53674e-07 614.5 
v 81 -9.53674e-07 628.5 
v 14 -9.53674e-07 628.5 
v 14 25 628.5 
v 81 25 628.5 
v -10 17 628.5 
v 13 -9.53674e-07 628.5 
v -10 -9.53674e-07 628.5 
v -10 25 628.5 
v 13 25 628.5 
v -25 17 628.5 
v -25 25 628.5 
v -26 25 628.5 
v -75 -9.53674e-07 628.5 
v -75 25 628.5 
v -26 -9.53674e-07 628.5 
v 206 -9.53674e-07 633.5 
v 221 25 633.5 
v 221 -9.53674e-07 633.5 
v 206 25 633.5 
v 189 25 633.5 
v 174 -9.53674e-07 633.5 
v 174 25 633.5 
v 189 -9.53674e-07 633.5 
v -59 -9.53674e-07 644.5 
v 65 25 644.5 
v 65 -9.53674e-07 644.5 
v -59 25 644.5 
v 220 -9.53674e-07 654.5 
v 205 -9.53674e-07 654.5 
v 205 25 654.5 
v 220 25 654.5 
v 190 25 654.5 
v 175 -9.53674e-07 654.5 
v 175 25 654.5 
v 190 -9.53674e-07 654.5 
v 189 25 673.5 
v 189 -9.53674e-07 673.5 
v 128 -9.53674e-07 673.5 
v 128 25 673.5 
v 128 21 673.5 
v 87 21 673.5 
v 81 25 673.5 
v 81 3.14713e-05 673.5 
v 87 0 673.5 
v 190 25 709.5 
v 190 -9.53674e-07 709.5 
v 128 -9.53674e-07 709.5 
v 128 25 709.5 
v 128 21 709.5 
v 87 21 709.5 
v 81 25 709.5 
v 81 0 709.5 
v 87 0 709.5 
v 81 25 710.5 
v 81 0 710.5 
v 80 25 710.5 
v 80 -9.53674e-07 710.5 
v 64 25 718.5 
v 64 -9.53674e-07 718.5 
v -58 25 718.5 
v -58 -9.53674e-07 718.5 
v 205 -9.53674e-07 729.5 
v 190 25 729.5 
v 205 25 729.5 
v 190 -9.53674e-07 729.5 
v 80 -9.53674e-07 734.5 
v -74 -9.53674e-07 734.5 
v 80 25 734.5 
v -74 25 734.5 

vn 1 0 0 
vn 1 0 0 
vn 1 0 0 
vn 1 0 0 
vn 1 0 0 
vn 1 0 0 
vn 1 0 0 
vn 1 0 0 
vn 1 0 0 
vn 1 0 0 
vn 1 0 0 
vn 1 0 0 
vn 1 0 0 
vn 1 0 0 
vn 1 0 0 
vn 1 0 0 
vn 1 0 0 
vn 1 0 0 
vn 1 0 0 
vn 1 0 0 
vn 1 0 0 
vn 1 0 0 
vn 1 0 0 
vn 1 0 0 
vn 1 0 0 
vn 1 0 0 
vn 1 0 0 
vn 1 0 0 
vn 1 0 0 
vn 1 0 0 
vn 1 0 0 
vn 1 0 0 
vn 1 0 0 
vn 1 0 0 
vn 1 0 0 
vn 1 0 0 
vn 1 0 0 
vn 1 0 0 
vn 1 0 0 
vn 1 0 0 
vn 1 0 0 
vn 1 0 0 
vn 1 0 0 
vn 1 0 0 
vn 1 0 0 
vn 1 0 0 
vn 1 0 0 
vn 1 0 0 
vn 1 0 0 
vn 1 0 0 
vn 1 0 0 
vn 1 0 0 
vn 1 0 0 
vn 1 0 0 
vn 1 0 0 
vn 1 0 0 
vn 1 0 0 
vn 1 0 0 
vn 1 0 0 
vn 1 0 0 
vn 1 0 0 
vn 1 0 0 
vn 1 0 0 
vn 1 0 0 
vn 1 0 0 
vn 1 0 0 
vn 1 0 0 
vn 1 0 0 
vn 1 0 0 
vn 1 0 0 
vn 1 0 0 
vn 1 0 0 
vn 1 0 0 
vn 1 0 0 
vn 1 0 0 
vn 1 0 0 
vn 1 0 0 
vn 1 0 0 
vn 1 0 0 
vn 1 0 0 
vn 1 0 0 
vn 1 0 0 
vn 1 0 0 
vn 1 0 0 
vn 1 0 0 
vn 1 0 0 
vn 1 0 0 
vn 1 0 0 
vn 1 0 0 
vn 1 0 0 
vn 1 0 0 
vn 1 0 0 
vn 1 0 0 
vn 1 0 0 
vn 1 0 0 
vn 1 0 0 
vn 1 0 0 
vn 1 0 0 
vn 1 0 0 
vn 1 0 0 
vn 1 0 0 
vn 1 0 0 
vn 1 0 0 
vn 1 0 0 
vn 1 0 0 
vn 1 0 0 
vn 1 0 0 
vn 1 0 0 
vn 1 0 0 
vn 1 0 0 
vn 1 0 0 
vn 1 0 0 
vn 1 0 0 
vn 1 0 0 
vn 1 0 0 
vn 1 0 0 
vn 1 0 0 
vn 1 0 0 
vn 1 0 0 
vn 1 0 0 
vn 1 0 0 
vn 1 0 0 
vn 1 0 0 
vn 1 0 0 
vn 1 0 0 
vn 1 0 0 
vn 1 0 0 
vn 1 0 0 
vn 1 0 0 
vn 1 0 0 
vn 1 0 0 
vn 1 0 0 
vn 1 0 0 
vn 1 0 0 
vn 1 0 0 
vn 1 0 0 
vn 1 0 0 
vn 1 0 0 
vn 1 0 0 
vn 1 0 0 
vn 1 0 0 
vn 1 0 0 
vn 1 0 0 
vn 1 0 0 
vn 1 0 0 
vn 1 0 0 
vn 1 0 0 
vn 1 0 0 
vn 1 0 0 
vn 1 0 0 
vn 1 0 0 
vn 1 0 0 
vn 1 0 0 
vn 1 0 0 
vn 1 0 0 
vn 1 0 0 
vn 1 0 0 
vn 1 0 0 
vn 1 0 0 
vn 1 0 0 
vn 1 0 0 
vn 1 0 0 
vn 1 0 0 
vn 1 0 0 
vn 1 0 0 
vn 1 0 0 
vn 1 0 0 
vn 1 0 0 
vn 1 0 0 
vn 1 0 0 
vn 1 0 0 
vn 1 0 0 
vn 1 0 0 
vn 1 0 0 
vn 1 0 0 
vn 1 0 0 
vn 1 0 0 
vn 1 0 0 
vn 1 0 0 
vn 1 0 0 
vn 1 0 0 
vn 1 0 0 
vn 1 0 0 
vn 1 0 0 
vn 1 0 0 
vn 1 0 0 
vn 1 0 0 
vn 1 0 0 
vn 1 0 0 
vn 1 0 0 
vn 1 0 0 
vn 0 1 0 
vn 0 1 0 
vn 0 1 0 
vn 0 1 0 
vn 0 1 0 
vn 0 1 0 
vn 0 1 0 
vn 0 1 0 
vn 0 1 0 
vn 0 1 0 
vn 0 1 0 
vn 0 1 0 
vn 0 1 0 
vn 0 1 0 
vn 0 1 0 
vn 0 1 0 
vn 0 1 0 
vn 0 1 0 
vn 0 1 0 
vn 0 1 0 
vn 0 1 0 
vn 0 1 0 
vn 0 1 0 
vn 0 1 0 
vn 0 1 0 
vn 0 1 0 
vn 0 1 0 
vn 0 1 0 
vn 0 1 0 
vn 0 1 0 
vn 0 1 0 
vn 0 1 0 
vn 0 1 0 
vn 0 1 0 
vn 0 1 0 
vn 0 1 0 
vn 0 1 0 
vn 0 1 0 
vn 0 1 0 
vn 0 1 0 
vn 0 1 0 
vn 0 1 0 
vn 0 1 0 
vn 0 1 0 
vn 0 1 0 
vn 0 1 0 
vn 0 1 0 
vn 0 1 0 
vn 0 1 0 
vn 0 1 0 
vn 0 1 0 
vn 0 1 0 
vn 0 1 0 
vn 0 1 0 
vn 0 1 0 
vn 0 1 0 
vn 0 1 0 
vn 0 1 0 
vn 0 1 0 
vn 0 1 0 
vn 0 1 0 
vn 0 1 0 
vn 0 1 0 
vn 0 1 0 
vn 0 1 0 
vn 0 1 0 
vn 0 1 0 
vn 0 1 0 
vn 0 1 0 
vn 0 1 0 
vn 0 1 0 
vn 0 1 0 
vn 0 1 0 
vn 0 1 0 
vn 0 1 0 
vn 0 1 0 
vn 0 1 0 
vn 0 1 0 
vn 0 1 0 
vn 0 1 0 
vn 0 1 0 
vn 0 1 0 
vn 0 1 0 
vn 0 1 0 
vn 0 1 0 
vn 0 1 0 
vn 0 1 0 
vn 0 1 0 
vn 0 1 0 
vn 0 1 0 
vn 0 1 0 
vn 0 1 0 
vn 0 1 0 
vn 0 1 0 
vn 0 1 0 
vn 0 1 0 
vn 0 1 0 
vn 0 1 0 
vn 0 1 0 
vn 0 1 0 
vn 0 1 0 
vn 0 1 0 
vn 0 1 0 
vn 0 1 0 
vn 0 1 0 
vn 0 1 0 
vn 0 1 0 
vn 0 1 0 
vn 0 1 0 
vn 0 1 0 
vn 0 1 0 
vn 0 1 0 
vn 0 1 0 
vn 0 1 0 
vn 0 1 0 
vn 0 1 0 
vn 0 1 0 
vn 0 1 0 
vn 0 1 0 
vn 0 1 0 
vn 0 1 0 
vn 0 1 0 
vn 0 1 0 
vn 0 1 0 
vn 0 1 0 
vn 0 1 0 
vn 0 1 0 
vn 0 1 0 
vn 0 1 0 
vn 0 1 0 
vn 0 1 0 
vn 0 1 0 
vn 0 1 0 
vn 0 1 0 
vn 0 1 0 
vn 0 1 0 
vn 0 1 0 
vn 0 1 0 
vn 0 1 0 
vn 0 1 0 
vn 0 1 0 
vn 0 1 0 
vn 0 1 0 
vn 0 1 0 
vn 0 1 0 
vn 0 1 0 
vn 0 1 0 
vn 0 1 0 
vn 0 1 0 
vn 0 1 0 
vn 0 1 0 
vn 0 1 0 
vn 0 1 0 
vn 0 1 0 
vn 0 1 0 
vn 0 1 0 
vn 0 1 0 
vn 0 1 0 
vn 0 1 0 
vn 0 1 0 
vn 0 1 0 
vn 0 1 0 
vn 0 1 0 
vn 0 1 0 
vn 0 1 0 
vn 0 1 0 
vn 0 1 0 
vn 0 1 0 
vn 0 1 0 
vn 0 1 0 
vn 0 1 0 
vn 0 1 0 
vn 0 1 0 
vn 0 1 0 
vn 0 0 1 
vn 0 0 1 
vn 0 0 1 
vn 0 0 1 
vn 0 0 1 
vn 0 0 1 
vn 0 0 1 
vn 0 0 1 
vn 0 0 1 
vn 0 0 1 
vn 0 0 1 
vn 0 0 1 
vn 0 0 1 
vn 0 0 1 
vn 0 0 1 
vn 0 0 1 
vn 0 0 1 
vn 0 0 1 
vn 0 0 1 
vn 0 0 1 
vn 0 0 1 
vn 0 0 1 
vn 0 0 1 
vn 0 0 1 
vn 0 0 1 
vn 0 0 1 
vn 0 0 1 
vn 0 0 1 
vn 0 0 1 
vn 0 0 1 
vn 0 0 1 
vn 0 0 1 
vn 0 0 1 
vn 0 0 1 
vn 0 0 1 
vn 0 0 1 
vn 0 0 1 
vn 0 0 1 
vn 0 0 1 
vn 0 0 1 
vn 0 0 1 
vn 0 0 1 
vn 0 0 1 
vn 0 0 1 
vn 0 0 1 
vn 0 0 1 
vn 0 0 1 
vn 0 0 1 
vn 0 0 1 
vn 0 0 1 
vn 0 0 1 
vn 0 0 1 
vn 0 0 1 
vn 0 0 1 
vn 0 0 1 
vn 0 0 1 
vn 0 0 1 
vn 0 0 1 
vn 0 0 1 
vn 0 0 1 
vn 0 0 1 
vn 0 0 1 
vn 0 0 1 
vn 0 0 1 
vn 0 0 1 
vn 0 0 1 
vn 0 0 1 
vn 0 0 1 
vn 0 0 1 
vn 0 0 1 
vn 0 0 1 
vn 0 0 1 
vn 0 0 1 
vn 0 0 1 
vn 0 0 1 
vn 0 0 1 
vn 0 0 1 
vn 0 0 1 
vn 0 0 1 
vn 0 0 1 
vn 0 0 1 
vn 0 0 1 
vn 0 0 1 
vn 0 0 1 
vn 0 0 1 
vn 0 0 1 
vn 0 0 1 
vn 0 0 1 
vn 0 0 1 
vn 0 0 1 
vn 0 0 1 
vn 0 0 1 
vn 0 0 1 
vn 0 0 1 
vn 0 0 1 
vn 0 0 1 
vn 0 0 1 
vn 0 0 1 
vn 0 0 1 
vn 0 0 1 
vn 0 0 1 
vn 0 0 1 
vn 0 0 1 
vn 0 0 1 
vn 0 0 1 
vn 0 0 1 
vn 0 0 1 
vn 0 0 1 
vn 0 0 1 
vn 0 0 1 
vn 0 0 1 
vn 0 0 1 
vn 0 0 1 
vn 0 0 1 
vn 0 0 1 
vn 0 0 1 
vn 0 0 1 
vn 0 0 1 
vn 0 0 1 
vn 0 0 1 
vn 0 0 1 
vn 0 0 1 
vn 0 0 1 
vn 0 0 1 
vn 0 0 1 
vn 0 0 1 
vn 0 0 1 
vn 0 0 1 
vn 0 0 1 
vn 0 0 1 
vn 0 0 1 
vn 0 0 1 
vn 0 0 1 
vn 0 0 1 
vn 0 0 1 
vn 0 0 1 
vn 0 0 1 
vn 0 0 1 
vn 0 0 1 
vn 0 0 1 
vn 0 0 1 
vn 0 0 1 
vn 0 0 1 
vn 0 0 1 
vn 0 0 1 
vn 0 0 1 
vn 0 0 1 
vn 0 0 1 
vn 0 0 1 
vn 0 0 1 
vn 0 0 1 
vn 0 0 1 
vn 0 0 1 
vn 0 0 1 
vn 0 0 1 
vn 0 0 1 
vn 0 0 1 
vn 0 0 1 
vn 0 0 1 
vn 0 0 1 
vn 0 0 1 
vn 0 0 1 
vn 0 0 1 
vn 0 0 1 
vn 0 0 1 
vn 0 0 1 
vn 0 0 1 
vn 0 0 1 
vn 0 0 1 
vn 0 0 1 
vn 0 0 1 
vn 0 0 1 
vn 0 0 1 
vn 0 0 1 
vn 0 0 1 
vn 0 0 1 
vn 0 0 1 
vn 0 0 1 
vn 0 0 1 
vn 0 0 1 
vn 0 0 1 
vn 0 0 1 
vn 0 0 1 
vn 0 0 1 
vn 0 0 1 
vn 0 0 1 
vn -1 0 0 
vn -1 0 0 
vn -1 0 0 
vn -1 0 0 
vn -1 0 0 
vn -1 0 0 
vn -1 0 0 
vn -1 0 0 
vn -1 0 0 
vn -1 0 0 
vn -1 0 0 
vn -1 0 0 
vn -1 0 0 
vn -1 0 0 
vn -1 0 0 
vn -1 0 0 
vn -1 0 0 
vn -1 0 0 
vn -1 0 0 
vn -1 0 0 
vn -1 0 0 
vn -1 0 0 
vn -1 0 0 
vn -1 0 0 
vn -1 0 0 
vn -1 0 0 
vn -1 0 0 
vn -1 0 0 
vn -1 0 0 
vn -1 0 0 
vn -1 0 0 
vn -1 0 0 
vn -1 0 0 
vn -1 0 0 
vn -1 0 0 
vn -1 0 0 
vn -1 0 0 
vn -1 0 0 
vn -1 0 0 
vn -1 0 0 
vn -1 0 0 
vn -1 0 0 
vn -1 0 0 
vn -1 0 0 
vn -1 0 0 
vn -1 0 0 
vn -1 0 0 
vn -1 0 0 
vn -1 0 0 
vn -1 0 0 
vn -1 0 0 
vn -1 0 0 
vn -1 0 0 
vn -1 0 0 
vn -1 0 0 
vn -1 0 0 
vn -1 0 0 
vn -1 0 0 
vn -1 0 0 
vn -1 0 0 
vn -1 0 0 
vn -1 0 0 
vn -1 0 0 
vn -1 0 0 
vn -1 0 0 
vn -1 0 0 
vn -1 0 0 
vn -1 0 0 
vn -1 0 0 
vn -1 0 0 
vn -1 0 0 
vn -1 0 0 
vn -1 0 0 
vn -1 0 0 
vn -1 0 0 
vn -1 0 0 
vn -1 0 0 
vn -1 0 0 
vn -1 0 0 
vn -1 0 0 
vn -1 0 0 
vn -1 0 0 
vn -1 0 0 
vn -1 0 0 
vn -1 0 0 
vn -1 0 0 
vn -1 0 0 
vn -1 0 0 
vn -1 0 0 
vn -1 0 0 
vn -1 0 0 
vn -1 0 0 
vn -1 0 0 
vn -1 0 0 
vn -1 0 0 
vn -1 0 0 
vn -1 0 0 
vn -1 0 0 
vn -1 0 0 
vn -1 0 0 
vn -1 0 0 
vn -1 0 0 
vn -1 0 0 
vn -1 0 0 
vn -1 0 0 
vn -1 0 0 
vn -1 0 0 
vn -1 0 0 
vn -1 0 0 
vn -1 0 0 
vn -1 0 0 
vn -1 0 0 
vn -1 0 0 
vn -1 0 0 
vn -1 0 0 
vn -1 0 0 
vn -1 0 0 
vn -1 0 0 
vn -1 0 0 
vn -1 0 0 
vn -1 0 0 
vn -1 0 0 
vn -1 0 0 
vn -1 0 0 
vn -1 0 0 
vn -1 0 0 
vn -1 0 0 
vn -1 0 0 
vn -1 0 0 
vn -1 0 0 
vn -1 0 0 
vn -1 0 0 
vn -1 0 0 
vn -1 0 0 
vn -1 0 0 
vn -1 0 0 
vn -1 0 0 
vn -1 0 0 
vn -1 0 0 
vn -1 0 0 
vn -1 0 0 
vn -1 0 0 
vn -1 0 0 
vn -1 0 0 
vn -1 0 0 
vn -1 0 0 
vn -1 0 0 
vn -1 0 0 
vn -1 0 0 
vn -1 0 0 
vn -1 0 0 
vn -1 0 0 
vn -1 0 0 
vn -1 0 0 
vn -1 0 0 
vn -1 0 0 
vn -1 0 0 
vn -1 0 0 
vn -1 0 0 
vn -1 0 0 
vn -1 0 0 
vn -1 0 0 
vn -1 0 0 
vn -1 0 0 
vn -1 0 0 
vn -1 0 0 
vn -1 0 0 
vn -1 0 0 
vn -1 0 0 
vn -1 0 0 
vn -1 0 0 
vn -1 0 0 
vn -1 0 0 
vn -1 0 0 
vn -1 0 0 
vn -1 0 0 
vn -1 0 0 
vn -1 0 0 
vn -1 0 0 
vn -1 0 0 
vn -1 0 0 
vn -1 0 0 
vn -1 0 0 
vn -1 0 0 
vn -1 0 0 
vn -1 0 0 
vn -1 0 0 
vn -1 0 0 
vn -1 0 0 
vn -1 0 0 
vn -1 0 0 
vn 0 -1 0 
vn 0 -1 0 
vn 0 -1 0 
vn 0 -1 0 
vn 0 -1 0 
vn 0 -1 0 
vn 0 -1 0 
vn 0 -1 0 
vn 0 -1 0 
vn 0 -1 0 
vn 0 -1 0 
vn 0 -1 0 
vn 0 -1 0 
vn 0 -1 0 
vn 0 -1 0 
vn 0 -1 0 
vn 0 -1 0 
vn 0 -1 0 
vn 0 -1 0 
vn 0 -1 0 
vn 0 -1 0 
vn 0 -1 0 
vn 0 -1 0 
vn 0 -1 0 
vn 0 -1 0 
vn 0 -1 0 
vn 0 -1 0 
vn 0 -1 0 
vn 0 -1 0 
vn 0 -1 0 
vn 0 -1 0 
vn 0 -1 0 
vn 0 -1 0 
vn 0 -1 0 
vn 0 -1 0 
vn 0 -1 0 
vn 0 -1 0 
vn 0 -1 0 
vn 0 -1 0 
vn 0 -1 0 
vn 0 -1 0 
vn 0 -1 0 
vn 0 -1 0 
vn 0 -1 0 
vn 0 -1 0 
vn 0 -1 0 
vn 0 -1 0 
vn 0 -1 0 
vn 0 -1 0 
vn 0 -1 0 
vn 0 -1 0 
vn 0 -1 0 
vn 0 -1 0 
vn 0 -1 0 
vn 0 -1 0 
vn 0 -1 0 
vn 0 -1 0 
vn 0 -1 0 
vn 0 -1 0 
vn 0 -1 0 
vn 0 -1 0 
vn 0 -1 0 
vn 0 -1 0 
vn 0 -1 0 
vn 0 -1 0 
vn 0 -1 0 
vn 0 -1 0 
vn 0 -1 0 
vn 0 -1 0 
vn 0 -1 0 
vn 0 -1 0 
vn 0 -1 0 
vn 0 -1 0 
vn 0 -1 0 
vn 0 -1 0 
vn 0 -1 0 
vn 0 -1 0 
vn 0 -1 0 
vn 0 -1 0 
vn 0 -1 0 
vn 0 -1 0 
vn 0 -1 0 
vn 0 -1 0 
vn 0 -1 0 
vn 0 -1 0 
vn 0 -1 0 
vn 0 -1 0 
vn 0 -1 0 
vn 0 -1 0 
vn 0 -1 0 
vn 0 -1 0 
vn 0 -1 0 
vn 0 -1 0 
vn 0 -1 0 
vn 0 -1 0 
vn 0 -1 0 
vn 0 -1 0 
vn 0 -1 0 
vn 0 -1 0 
vn 0 -1 0 
vn 0 -1 0 
vn 0 -1 0 
vn 0 -1 0 
vn 0 -1 0 
vn 0 -1 0 
vn 0 -1 0 
vn 0 -1 0 
vn 0 -1 0 
vn 0 -1 0 
vn 0 -1 0 
vn 0 -1 0 
vn 0 -1 0 
vn 0 -1 0 
vn 0 -1 0 
vn 0 -1 0 
vn 0 -1 0 
vn 0 -1 0 
vn 0 -1 0 
vn 0 -1 0 
vn 0 -1 0 
vn 0 -1 0 
vn 0 -1 0 
vn 0 -1 0 
vn 0 -1 0 
vn 0 -1 0 
vn 0 -1 0 
vn 0 -1 0 
vn 0 -1 0 
vn 0 -1 0 
vn 0 -1 0 
vn 0 -1 0 
vn 0 -1 0 
vn 0 -1 0 
vn 0 -1 0 
vn 0 -1 0 
vn 0 -1 0 
vn 0 -1 0 
vn 0 -1 0 
vn 0 -1 0 
vn 0 -1 0 
vn 0 -1 0 
vn 0 -1 0 
vn 0 -1 0 
vn 0 -1 0 
vn 0 -1 0 
vn 0 -1 0 
vn 0 -1 0 
vn 0 -1 0 
vn 0 -1 0 
vn 0 -1 0 
vn 0 -1 0 
vn 0 -1 0 
vn 0 -1 0 
vn 0 -1 0 
vn 0 -1 0 
vn 0 -1 0 
vn 0 -1 0 
vn 0 -1 0 
vn 0 -1 0 
vn 0 -1 0 
vn 0 -1 0 
vn 0 -1 0 
vn 0 -1 0 
vn 0 -1 0 
vn 0 -1 0 
vn 0 -1 0 
vn 0 -1 0 
vn 0 -1 0 
vn 0 -1 0 
vn 0 -1 0 
vn 0 -1 0 
vn 0 -1 0 
vn 0 -1 0 
vn 0 -1 0 
vn 0 -1 0 
vn 0 -1 0 
vn 0 -1 0 
vn 0 -1 0 
vn 0 -1 0 
vn 0 -1 0 
vn 0 -1 0 
vn 0 -1 0 
vn 0 -1 0 
vn 0 -1 0 
vn 0 -1 0 
vn 0 -1 0 
vn 0 -1 0 
vn 0 -1 0 
vn 0 -1 0 
vn 0 -1 0 
vn 0 -1 0 
vn 0 -1 0 
vn 0 -1 0 
vn 0 -1 0 
vn 0 -1 0 
vn 0 -1 0 
vn 0 -1 0 
vn 0 -1 0 
vn 0 -1 0 
vn 0 -1 0 
vn 0 -1 0 
vn 0 -1 0 
vn 0 -1 0 
vn 0 0 -1 
vn 0 0 -1 
vn 0 0 -1 
vn 0 0 -1 
vn 0 0 -1 
vn 0 0 -1 
vn 0 0 -1 
vn 0 0 -1 
vn 0 0 -1 
vn 0 0 -1 
vn 0 0 -1 
vn 0 0 -1 
vn 0 0 -1 
vn 0 0 -1 
vn 0 0 -1 
vn 0 0 -1 
vn 0 0 -1 
vn 0 0 -1 
vn 0 0 -1 
vn 0 0 -1 
vn 0 0 -1 
vn 0 0 -1 
vn 0 0 -1 
vn 0 0 -1 
vn 0 0 -1 
vn 0 0 -1 
vn 0 0 -1 
vn 0 0 -1 
vn 0 0 -1 
vn 0 0 -1 
vn 0 0 -1 
vn 0 0 -1 
vn 0 0 -1 
vn 0 0 -1 
vn 0 0 -1 
vn 0 0 -1 
vn 0 0 -1 
vn 0 0 -1 
vn 0 0 -1 
vn 0 0 -1 
vn 0 0 -1 
vn 0 0 -1 
vn 0 0 -1 
vn 0 0 -1 
vn 0 0 -1 
vn 0 0 -1 
vn 0 0 -1 
vn 0 0 -1 
vn 0 0 -1 
vn 0 0 -1 
vn 0 0 -1 
vn 0 0 -1 
vn 0 0 -1 
vn 0 0 -1 
vn 0 0 -1 
vn 0 0 -1 
vn 0 0 -1 
vn 0 0 -1 
vn 0 0 -1 
vn 0 0 -1 
vn 0 0 -1 
vn 0 0 -1 
vn 0 0 -1 
vn 0 0 -1 
vn 0 0 -1 
vn 0 0 -1 
vn 0 0 -1 
vn 0 0 -1 
vn 0 0 -1 
vn 0 0 -1 
vn 0 0 -1 
vn 0 0 -1 
vn 0 0 -1 
vn 0 0 -1 
vn 0 0 -1 
vn 0 0 -1 
vn 0 0 -1 
vn 0 0 -1 
vn 0 0 -1 
vn 0 0 -1 
vn 0 0 -1 
vn 0 0 -1 
vn 0 0 -1 
vn 0 0 -1 
vn 0 0 -1 
vn 0 0 -1 
vn 0 0 -1 
vn 0 0 -1 
vn 0 0 -1 
vn 0 0 -1 
vn 0 0 -1 
vn 0 0 -1 
vn 0 0 -1 
vn 0 0 -1 
vn 0 0 -1 
vn 0 0 -1 
vn 0 0 -1 
vn 0 0 -1 
vn 0 0 -1 
vn 0 0 -1 
vn 0 0 -1 
vn 0 0 -1 
vn 0 0 -1 
vn 0 0 -1 
vn 0 0 -1 
vn 0 0 -1 
vn 0 0 -1 
vn 0 0 -1 
vn 0 0 -1 
vn 0 0 -1 
vn 0 0 -1 
vn 0 0 -1 
vn 0 0 -1 
vn 0 0 -1 
vn 0 0 -1 
vn 0 0 -1 
vn 0 0 -1 
vn 0 0 -1 
vn 0 0 -1 
vn 0 0 -1 
vn 0 0 -1 
vn 0 0 -1 
vn 0 0 -1 
vn 0 0 -1 
vn 0 0 -1 
vn 0 0 -1 
vn 0 0 -1 
vn 0 0 -1 
vn 0 0 -1 
vn 0 0 -1 
vn 0 0 -1 
vn 0 0 -1 
vn 0 0 -1 
vn 0 0 -1 
vn 0 0 -1 
vn 0 0 -1 
vn 0 0 -1 
vn 0 0 -1 
vn 0 0 -1 
vn 0 0 -1 
vn 0 0 -1 
vn 0 0 -1 
vn 0 0 -1 
vn 0 0 -1 
vn 0 0 -1 
vn 0 0 -1 
vn 0 0 -1 
vn 0 0 -1 
vn 0 0 -1 
vn 0 0 -1 
vn 0 0 -1 
vn 0 0 -1 
vn 0 0 -1 
vn 0 0 -1 
vn 0 0 -1 
vn 0 0 -1 
vn 0 0 -1 
vn 0 0 -1 
vn 0 0 -1 
vn 0 0 -1 
vn 0 0 -1 
vn 0 0 -1 
vn 0 0 -1 
vn 0 0 -1 
vn 0 0 -1 
vn 0 0 -1 
vn 0 0 -1 
vn 0 0 -1 
vn 0 0 -1 
vn 0 0 -1 
vn 0 0 -1 
vn 0 0 -1 
vn 0 0 -1 
vn 0 0 -1 
vn 0 0 -1 
vn 0 0 -1 
vn 0 0 -1 
vn 0 0 -1 
vn 0 0 -1 
vn 0 0 -1 
vn 0 0 -1 
vn 0 0 -1 
vn 0 0 -1 
vn 0 0 -1 
vn 0 0 -1 
vn 0 0 -1 
vn 0 0 -1 
vn 0 0 -1 
vn 0 0 -1 
vn 0 0 -1 
vn 0 0 -1 
vn 0 0 -1 
vn 0 0 -1 
vn 0 0 -1 
vn 0 0 -1 
vn 0 0 -1 
vn 0 0 -1 

vt 67.9375 -32.5625 
vt 57.0625 -29.4375 
vt 57.0625 -32.5625 
vt 67.9375 -29.4375 
vt 65.9375 -32.5625 
vt 65.9375 -29.4375 
vt 59.0625 -32.5625 
vt 59.0625 -29.4375 
vt 42.0625 -29.4375 
vt 42.0625 -32.5625 
vt 44.8125 -29.4375 
vt 44.8125 -32.5625 
vt 47.0625 -29.4375 
vt 47.0625 -32.5625 
vt 49.8125 -29.4375 
vt 49.8125 -32.5625 
vt 52.0625 -29.4375 
vt 52.0625 -32.5625 
vt 54.8125 -29.4375 
vt 54.8125 -32.5625 
vt 59.1875 -32.5625 
vt 61.6875 -32.5625 
vt 61.6875 -29.4375 
vt 59.1875 -29.4375 
vt 32.6875 -29.4375 
vt 42.0625 -32.5625 
vt 42.0625 -29.4375 
vt 32.6875 -32.5625 
vt 44.8125 -32.5625 
vt 47.0625 -32.5625 
vt 47.0625 -29.4375 
vt 44.8125 -29.4375 
vt 49.8125 -32.5625 
vt 52.0625 -32.5625 
vt 52.0625 -29.4375 
vt 49.8125 -29.4375 
vt 54.8125 -32.5625 
vt 57.1875 -32.5625 
vt 57.0625 -29.9375 
vt 57.1875 -29.9375 
vt 57.0625 -29.4375 
vt 54.8125 -29.4375 
vt 42.1875 -32.5625 
vt 39.6875 -29.4375 
vt 39.6875 -32.5625 
vt 42.1875 -29.4375 
vt 44.6875 -29.4375 
vt 47.1875 -32.5625 
vt 47.1875 -29.4375 
vt 44.6875 -32.5625 
vt 52.1875 -32.5625 
vt 49.6875 -29.4375 
vt 49.6875 -32.5625 
vt 52.1875 -29.4375 
vt 57.1875 -32.5625 
vt 54.6875 -29.4375 
vt 54.6875 -32.5625 
vt 57.1875 -29.4375 
vt 32.8125 -29.4375 
vt 32.8125 -32.5625 
vt 35.3125 -29.4375 
vt 35.3125 -32.5625 
vt 61.6875 -29.4375 
vt 61.6875 -32.5625 
vt 65.9375 -29.4375 
vt 65.9375 -32.5625 
vt 42.1875 -32.5625 
vt 44.6875 -32.5625 
vt 42.1875 -29.4375 
vt 44.6875 -29.4375 
vt 47.1875 -29.4375 
vt 49.6875 -32.5625 
vt 49.6875 -29.4375 
vt 47.1875 -32.5625 
vt 52.1875 -32.5625 
vt 54.6875 -32.5625 
vt 52.1875 -29.4375 
vt 54.6875 -29.4375 
vt 67.8125 -32.5625 
vt 61.5625 -29.4375 
vt 61.5625 -32.5625 
vt 67.8125 -29.4375 
vt 60.3125 -32.5625 
vt 61.5625 -32.5625 
vt 60.3125 -29.4375 
vt 61.5625 -29.4375 
vt 61.6875 -32.5625 
vt 64.1875 -32.5625 
vt 61.6875 -29.4375 
vt 64.1875 -29.4375 
vt 58.3125 -29.4375 
vt 58.4375 -32.5625 
vt 58.4375 -29.4375 
vt 58.3125 -32.5625 
vt 57.1875 -29.4375 
vt 57.1875 -32.5625 
vt 39.8125 -29.9375 
vt 39.6875 -29.4375 
vt 39.6875 -29.9375 
vt 39.8125 -29.4375 
vt 35.1875 -29.4375 
vt 35.3125 -29.9375 
vt 35.3125 -29.4375 
vt 35.1875 -29.9375 
vt 53.0625 -29.4375 
vt 58.3125 -32.5625 
vt 58.3125 -29.4375 
vt 53.0625 -32.5625 
vt 39.6875 -29.9375 
vt 39.8125 -32.5625 
vt 39.8125 -29.9375 
vt 39.6875 -32.5625 
vt 35.3125 -32.5625 
vt 35.3125 -29.9375 
vt 35.1875 -32.5625 
vt 35.1875 -29.9375 
vt 39.8125 -32.5625 
vt 45.4375 -32.5625 
vt 39.8125 -29.4375 
vt 45.4375 -29.4375 
vt 35.1875 -32.5625 
vt 35.1875 -29.4375 
vt 32.0625 -32.5625 
vt 32.0625 -29.4375 
vt 53.1875 -29.4375 
vt 53.1875 -32.5625 
vt 58.4375 -29.4375 
vt 58.4375 -32.5625 
vt 60.3125 -29.4375 
vt 64.0625 -32.5625 
vt 64.0625 -29.4375 
vt 60.3125 -32.5625 
vt 34.0625 -29.4375 
vt 34.0625 -32.5625 
vt 43.4375 -29.4375 
vt 43.4375 -32.5625 
vt 34.0625 -29.4375 
vt 34.1875 -32.5625 
vt 34.1875 -29.4375 
vt 34.0625 -32.5625 
vt 56.3125 -29.4375 
vt 56.4375 -32.5625 
vt 56.4375 -29.4375 
vt 56.3125 -32.5625 
vt 58.3125 -32.5625 
vt 58.3125 -29.4375 
vt 58.4375 -32.5625 
vt 58.4375 -29.4375 
vt 56.4375 -32.5625 
vt 56.4375 -29.4375 
vt 58.3125 -32.5625 
vt 56.3125 -29.4375 
vt 56.3125 -32.5625 
vt 58.3125 -29.4375 
vt 45.4375 -29.4375 
vt 45.4375 -32.5625 
vt 49.3125 -29.4375 
vt 49.3125 -32.5625 
vt 56.4375 -29.4375 
vt 56.4375 -32.5625 
vt 58.4375 -29.4375 
vt 58.4375 -32.5625 
vt 49.3125 -29.4375 
vt 58.3125 -32.5625 
vt 58.3125 -29.4375 
vt 49.3125 -32.5625 
vt 45.4375 -30.4375 
vt 45.3125 -30.4375 
vt 45.3125 -32.5625 
vt 49.1875 -29.4375 
vt 45.4375 -29.4375 
vt 49.1875 -32.5625 
vt 49.3125 -30.4375 
vt 49.1875 -30.4375 
vt 58.3125 -32.5625 
vt 58.3125 -29.4375 
vt 49.3125 -29.4375 
vt 58.4375 -32.5625 
vt 58.4375 -29.4375 
vt 58.4375 -29.4375 
vt 58.4375 -29.9375 
vt 60.3125 -29.9375 
vt 60.3125 -29.4375 
vt 34.1875 -32.5625 
vt 43.3125 -32.5625 
vt 34.1875 -29.4375 
vt 43.3125 -29.4375 
vt 32.1875 -32.5625 
vt 45.3125 -32.5625 
vt 45.3125 -29.4375 
vt 32.1875 -29.4375 
vt 39.8125 -23.1875 
vt 39.6875 -13.6875 
vt 39.6875 -23.0625 
vt 37.8125 -23.0625 
vt 39.8125 -13.8125 
vt 37.9375 -23.1875 
vt 41.6875 -13.8125 
vt 37.9375 -25.6875 
vt 41.8125 -13.6875 
vt 37.8125 -25.8125 
vt 41.8125 -16.1875 
vt 39.6875 -25.8125 
vt 41.6875 -16.3125 
vt 39.8125 -25.6875 
vt 49.4375 -16.3125 
vt 39.8125 -28.1875 
vt 49.4375 -16.1875 
vt 55.3125 -16.3125 
vt 55.3125 -16.1875 
vt 39.6875 -28.0625 
vt 39.6875 -28.1875 
vt 37.8125 -28.0625 
vt 37.9375 -28.1875 
vt 37.8125 -30.8125 
vt 37.9375 -30.6875 
vt 39.6875 -30.8125 
vt 39.8125 -30.6875 
vt 39.8125 -33.1875 
vt 39.6875 -33.0625 
vt 37.9375 -33.1875 
vt 37.8125 -33.0625 
vt 37.8125 -35.8125 
vt 37.9375 -35.6875 
vt 39.6875 -35.8125 
vt 39.8125 -35.6875 
vt 39.8125 -38.1875 
vt 39.6875 -38.0625 
vt 25.1875 -38.0625 
vt 25.3125 -38.1875 
vt 25.3125 -48.8125 
vt 25.1875 -48.9375 
vt 44.6875 -48.9375 
vt 44.5625 -48.8125 
vt 44.5625 -42.5625 
vt 44.6875 -42.6875 
vt 49.3125 -42.5625 
vt 49.3125 -42.6875 
vt 49.4375 -45.0625 
vt 49.3125 -41.3125 
vt 49.4375 -41.3125 
vt 49.3125 -45.1875 
vt 55.4375 -45.0625 
vt 55.5625 -45.1875 
vt 55.4375 -41.3125 
vt 55.5625 -41.4375 
vt 70.4375 -41.3125 
vt 70.5625 -41.4375 
vt 70.4375 -39.4375 
vt 70.5625 -39.3125 
vt 68.5625 -39.3125 
vt 68.5625 -39.4375 
vt 68.6875 -39.3125 
vt 68.5625 -30.3125 
vt 68.6875 -30.1875 
vt 63.6875 -30.3125 
vt 63.8125 -30.1875 
vt 63.6875 -26.4375 
vt 63.8125 -26.4375 
vt 55.4375 -26.3125 
vt 55.3125 -26.4375 
vt 66.6875 -26.4375 
vt 55.3125 -20.8125 
vt 66.6875 -26.3125 
vt 55.4375 -20.6875 
vt 68.5625 -26.4375 
vt 49.4375 -20.6875 
vt 49.4375 -20.8125 
vt 41.8125 -20.8125 
vt 41.6875 -20.6875 
vt 41.8125 -23.0625 
vt 41.6875 -23.1875 
vt 43.5625 -23.1875 
vt 43.6875 -23.0625 
vt 43.5625 -25.6875 
vt 43.6875 -25.8125 
vt 41.8125 -25.8125 
vt 41.6875 -25.6875 
vt 41.8125 -28.0625 
vt 41.6875 -28.1875 
vt 43.5625 -28.1875 
vt 43.6875 -28.0625 
vt 43.5625 -30.6875 
vt 43.6875 -30.8125 
vt 41.8125 -30.8125 
vt 41.6875 -30.6875 
vt 41.8125 -33.0625 
vt 41.6875 -33.1875 
vt 43.5625 -33.1875 
vt 43.6875 -33.0625 
vt 43.5625 -35.6875 
vt 43.6875 -35.8125 
vt 41.8125 -35.8125 
vt 41.6875 -35.6875 
vt 41.8125 -38.0625 
vt 41.6875 -38.1875 
vt 49.3125 -38.1875 
vt 49.4375 -38.0625 
vt 49.4375 -39.3125 
vt 49.3125 -39.3125 
vt 52.9375 -39.4375 
vt 49.3125 -39.4375 
vt 52.8125 -39.3125 
vt 52.8125 -34.0625 
vt 52.9375 -34.1875 
vt 55.5625 -34.0625 
vt 55.5625 -34.1875 
vt 55.4375 -34.1875 
vt 55.5625 -39.3125 
vt 55.4375 -39.4375 
vt 57.9375 -39.4375 
vt 57.8125 -39.3125 
vt 57.9375 -39.3125 
vt 57.8125 -37.4375 
vt 57.9375 -37.4375 
vt 57.8125 -37.3125 
vt 59.5625 -37.4375 
vt 59.6875 -37.3125 
vt 59.6875 -39.3125 
vt 59.5625 -39.4375 
vt 62.5625 -39.4375 
vt 62.4375 -39.3125 
vt 62.4375 -37.3125 
vt 62.5625 -37.4375 
vt 64.1875 -37.4375 
vt 64.3125 -37.3125 
vt 64.3125 -39.3125 
vt 64.1875 -39.4375 
vt 66.6875 -39.4375 
vt 66.6875 -39.3125 
vt 66.6875 -30.3125 
vt 66.5625 -30.3125 
vt 66.5625 -39.3125 
vt 55.4375 -16.1875 
vt 55.4375 -13.1875 
vt 55.3125 -13.0625 
vt 74.6875 -13.1875 
vt 74.8125 -13.0625 
vt 74.6875 -26.3125 
vt 74.8125 -26.4375 
vt 68.5625 -26.3125 
vt 68.6875 -26.4375 
vt 68.5625 -30.1875 
vt 57.4375 -24.3125 
vt 57.3125 -15.0625 
vt 57.3125 -24.4375 
vt 57.4375 -15.0625 
vt 72.8125 -24.4375 
vt 72.6875 -24.3125 
vt 72.8125 -15.0625 
vt 72.6875 -15.1875 
vt 57.4375 -15.1875 
vt 27.3125 -46.8125 
vt 27.3125 -40.1875 
vt 27.1875 -46.9375 
vt 27.1875 -40.0625 
vt 42.5625 -46.9375 
vt 42.5625 -46.8125 
vt 37.9375 -40.1875 
vt 38.0625 -40.0625 
vt 37.9375 -42.6875 
vt 38.0625 -42.5625 
vt 42.5625 -42.6875 
vt 42.6875 -46.9375 
vt 42.6875 -42.5625 
vt 25.1875 -29.4375 
vt 44.6875 -32.5625 
vt 44.6875 -29.4375 
vt 25.1875 -32.5625 
vt 58.1875 -29.4375 
vt 60.3125 -32.5625 
vt 60.3125 -29.4375 
vt 58.1875 -32.5625 
vt 42.5625 -29.4375 
vt 42.6875 -32.5625 
vt 42.6875 -29.4375 
vt 42.5625 -32.5625 
vt 27.1875 -29.4375 
vt 27.1875 -32.5625 
vt 50.5625 -32.5625 
vt 58.1875 -32.5625 
vt 58.1875 -29.4375 
vt 50.5625 -29.4375 
vt 45.4375 -29.9375 
vt 50.5625 -29.9375 
vt 44.6875 -29.4375 
vt 45.4375 -32.5625 
vt 44.6875 -32.5625 
vt 50.5625 -29.4375 
vt 58.3125 -32.5625 
vt 58.3125 -29.4375 
vt 50.5625 -32.5625 
vt 45.4375 -29.9375 
vt 50.5625 -29.9375 
vt 44.5625 -29.4375 
vt 45.4375 -32.5625 
vt 44.5625 -32.5625 
vt 60.3125 -32.5625 
vt 62.1875 -32.5625 
vt 60.3125 -29.4375 
vt 62.1875 -29.4375 
vt 56.3125 -29.4375 
vt 58.1875 -32.5625 
vt 58.1875 -29.4375 
vt 56.3125 -32.5625 
vt 42.5625 -32.5625 
vt 27.3125 -29.4375 
vt 27.3125 -32.5625 
vt 42.5625 -29.4375 
vt 60.1875 -32.5625 
vt 62.0625 -32.5625 
vt 62.0625 -29.4375 
vt 60.1875 -29.4375 
vt 56.4375 -32.5625 
vt 58.3125 -32.5625 
vt 56.4375 -29.4375 
vt 58.3125 -29.4375 
vt 33.3125 -29.4375 
vt 44.5625 -32.5625 
vt 44.5625 -29.4375 
vt 33.3125 -30.4375 
vt 33.3125 -32.5625 
vt 31.4375 -29.4375 
vt 31.4375 -30.4375 
vt 25.3125 -29.4375 
vt 31.4375 -32.5625 
vt 25.3125 -32.5625 
vt 60.3125 -32.5625 
vt 62.1875 -32.5625 
vt 60.3125 -29.4375 
vt 62.1875 -29.4375 
vt 56.3125 -32.5625 
vt 58.1875 -32.5625 
vt 56.3125 -29.4375 
vt 58.1875 -29.4375 
vt 31.4375 -32.5625 
vt 31.3125 -29.4375 
vt 31.3125 -32.5625 
vt 31.4375 -30.4375 
vt 33.3125 -30.4375 
vt 36.1875 -29.4375 
vt 33.3125 -32.5625 
vt 36.1875 -32.5625 
vt 33.4375 -32.5625 
vt 33.3125 -29.4375 
vt 33.3125 -32.5625 
vt 33.4375 -29.4375 
vt 56.4375 -32.5625 
vt 58.3125 -32.5625 
vt 56.4375 -29.4375 
vt 58.3125 -29.4375 
vt 60.1875 -29.4375 
vt 62.0625 -32.5625 
vt 62.0625 -29.4375 
vt 60.1875 -32.5625 
vt 60.3125 -32.5625 
vt 62.1875 -32.5625 
vt 60.3125 -29.4375 
vt 62.1875 -29.4375 
vt 56.3125 -32.5625 
vt 58.1875 -32.5625 
vt 56.3125 -29.4375 
vt 58.1875 -29.4375 
vt 44.4375 -29.4375 
vt 47.1875 -32.5625 
vt 47.1875 -29.4375 
vt 44.4375 -32.5625 
vt 44.4375 -32.5625 
vt 44.5625 -32.5625 
vt 44.4375 -29.4375 
vt 44.5625 -29.4375 
vt 56.4375 -32.5625 
vt 58.3125 -32.5625 
vt 56.4375 -29.4375 
vt 58.3125 -29.4375 
vt 60.1875 -29.4375 
vt 62.0625 -32.5625 
vt 62.0625 -29.4375 
vt 60.1875 -32.5625 
vt 40.3125 -29.4375 
vt 42.1875 -32.5625 
vt 42.1875 -29.4375 
vt 40.3125 -32.5625 
vt 35.6875 -32.5625 
vt 37.5625 -32.5625 
vt 35.6875 -29.4375 
vt 37.5625 -29.4375 
vt 50.5625 -29.4375 
vt 58.1875 -32.5625 
vt 58.1875 -29.4375 
vt 50.5625 -32.5625 
vt 63.3125 -32.5625 
vt 74.8125 -32.5625 
vt 63.3125 -29.9375 
vt 74.8125 -29.4375 
vt 60.3125 -29.4375 
vt 60.3125 -29.9375 
vt 47.1875 -32.5625 
vt 50.5625 -29.4375 
vt 47.1875 -29.4375 
vt 50.5625 -32.5625 
vt 42.1875 -32.5625 
vt 44.4375 -29.4375 
vt 42.1875 -29.4375 
vt 44.4375 -32.5625 
vt 40.3125 -29.4375 
vt 37.5625 -29.4375 
vt 37.5625 -32.5625 
vt 40.3125 -32.5625 
vt 33.3125 -32.5625 
vt 35.6875 -29.4375 
vt 33.3125 -29.4375 
vt 35.6875 -32.5625 
vt 29.4375 -32.5625 
vt 31.4375 -32.5625 
vt 29.4375 -29.4375 
vt 31.4375 -29.4375 
vt 61.9375 -29.4375 
vt 72.8125 -32.5625 
vt 72.8125 -29.4375 
vt 61.9375 -32.5625 
vt 50.5625 -32.5625 
vt 50.6875 -32.5625 
vt 50.5625 -29.4375 
vt 50.6875 -29.4375 
vt 44.4375 -32.5625 
vt 44.5625 -32.5625 
vt 44.4375 -29.9375 
vt 44.5625 -29.4375 
vt 29.5625 -29.4375 
vt 29.5625 -29.9375 
vt 57.3125 -32.5625 
vt 61.9375 -32.5625 
vt 57.3125 -29.4375 
vt 61.9375 -29.4375 
vt 50.6875 -29.4375 
vt 55.4375 -32.5625 
vt 55.4375 -29.4375 
vt 50.6875 -32.5625 
vt 44.5625 -29.4375 
vt 50.5625 -32.5625 
vt 50.5625 -29.4375 
vt 44.5625 -32.5625 
vt 57.4375 -29.4375 
vt 72.6875 -32.5625 
vt 72.6875 -29.4375 
vt 57.4375 -32.5625 
vt 74.6875 -32.5625 
vt 74.6875 -29.4375 
vt 55.4375 -32.5625 
vt 55.4375 -29.4375 
vt 54.5625 -32.5625 
vt 67.9375 -32.5625 
vt 67.9375 -29.4375 
vt 54.5625 -29.4375 
vt 56.5625 -32.5625 
vt 65.9375 -32.5625 
vt 65.9375 -29.4375 
vt 56.5625 -29.4375 
vt 39.5625 -29.9375 
vt 41.5625 -29.9375 
vt 39.5625 -29.4375 
vt 41.6875 -29.4375 
vt 41.6875 -32.5625 
vt 41.5625 -32.5625 
vt 41.6875 -29.4375 
vt 50.8125 -32.5625 
vt 50.8125 -29.4375 
vt 41.6875 -32.5625 
vt 54.5625 -32.5625 
vt 54.5625 -29.4375 
vt 54.5625 -30.4375 
vt 54.6875 -32.5625 
vt 54.6875 -30.4375 
vt 54.5625 -32.5625 
vt 41.5625 -29.4375 
vt 41.6875 -32.5625 
vt 41.6875 -29.4375 
vt 41.5625 -32.5625 
vt 50.6875 -32.5625 
vt 50.6875 -29.4375 
vt 50.8125 -32.5625 
vt 50.6875 -30.4375 
vt 50.8125 -30.4375 
vt 41.6875 -32.5625 
vt 43.6875 -32.5625 
vt 43.6875 -29.4375 
vt 41.6875 -29.4375 
vt 50.8125 -29.4375 
vt 54.5625 -32.5625 
vt 54.5625 -29.4375 
vt 50.8125 -32.5625 
vt 41.5625 -32.5625 
vt 43.5625 -32.5625 
vt 41.5625 -29.4375 
vt 43.5625 -29.4375 
vt 41.6875 -32.5625 
vt 43.6875 -32.5625 
vt 43.6875 -29.4375 
vt 41.6875 -29.4375 
vt 41.5625 -32.5625 
vt 41.6875 -32.5625 
vt 41.5625 -29.4375 
vt 41.6875 -29.4375 
vt 43.5625 -32.5625 
vt 43.5625 -29.4375 
vt 65.9375 -32.5625 
vt 56.6875 -29.4375 
vt 56.6875 -32.5625 
vt 65.9375 -29.4375 
vt 46.8125 -32.5625 
vt 46.9375 -32.5625 
vt 46.8125 -29.4375 
vt 46.9375 -29.4375 
vt 41.6875 -29.4375 
vt 41.6875 -32.5625 
vt 35.8125 -29.4375 
vt 39.6875 -32.5625 
vt 39.5625 -29.9375 
vt 39.6875 -29.9375 
vt 39.5625 -29.4375 
vt 35.8125 -32.5625 
vt 54.6875 -32.5625 
vt 60.3125 -32.5625 
vt 54.6875 -29.4375 
vt 60.3125 -29.4375 
vt 64.8125 -32.5625 
vt 67.8125 -32.5625 
vt 64.8125 -29.4375 
vt 67.8125 -29.4375 
vt 64.6875 -32.5625 
vt 64.8125 -32.5625 
vt 64.6875 -29.4375 
vt 64.8125 -29.4375 
vt 41.5625 -32.5625 
vt 46.8125 -32.5625 
vt 41.5625 -29.4375 
vt 46.8125 -29.4375 
vt 64.6875 -32.5625 
vt 64.8125 -32.5625 
vt 64.6875 -29.4375 
vt 64.8125 -29.4375 
vt 60.1875 -29.4375 
vt 60.3125 -32.5625 
vt 60.3125 -29.4375 
vt 60.1875 -32.5625 
vt 35.9375 -32.5625 
vt 39.6875 -32.5625 
vt 35.9375 -29.4375 
vt 39.6875 -29.4375 
vt 41.6875 -29.4375 
vt 42.9375 -32.5625 
vt 42.9375 -29.4375 
vt 41.6875 -32.5625 
vt 32.0625 -29.4375 
vt 38.3125 -32.5625 
vt 38.3125 -29.4375 
vt 32.0625 -32.5625 
vt 55.1875 -32.5625 
vt 57.9375 -32.5625 
vt 57.9375 -29.4375 
vt 55.1875 -29.4375 
vt 50.1875 -32.5625 
vt 52.9375 -32.5625 
vt 52.9375 -29.4375 
vt 50.1875 -29.4375 
vt 45.1875 -32.5625 
vt 47.9375 -32.5625 
vt 47.9375 -29.4375 
vt 45.1875 -29.4375 
vt 34.0625 -29.4375 
vt 38.4375 -32.5625 
vt 38.4375 -29.4375 
vt 34.0625 -32.5625 
vt 34.0625 -32.5625 
vt 34.1875 -32.5625 
vt 34.0625 -29.4375 
vt 34.1875 -29.4375 
vt 57.9375 -32.5625 
vt 60.1875 -32.5625 
vt 60.1875 -29.4375 
vt 57.9375 -29.4375 
vt 55.1875 -29.4375 
vt 52.9375 -29.4375 
vt 52.9375 -32.5625 
vt 55.1875 -32.5625 
vt 47.9375 -32.5625 
vt 50.1875 -32.5625 
vt 50.1875 -29.4375 
vt 47.9375 -29.4375 
vt 45.1875 -29.4375 
vt 42.9375 -29.4375 
vt 42.9375 -32.5625 
vt 45.1875 -32.5625 
vt 64.8125 -32.5625 
vt 67.3125 -32.5625 
vt 67.3125 -29.4375 
vt 64.8125 -29.4375 
vt 57.8125 -29.4375 
vt 67.1875 -32.5625 
vt 67.1875 -29.4375 
vt 57.8125 -32.5625 
vt 52.8125 -32.5625 
vt 55.3125 -32.5625 
vt 52.8125 -29.4375 
vt 55.3125 -29.4375 
vt 47.8125 -32.5625 
vt 50.3125 -32.5625 
vt 47.8125 -29.4375 
vt 50.3125 -29.4375 
vt 42.8125 -32.5625 
vt 45.3125 -32.5625 
vt 42.8125 -29.4375 
vt 45.3125 -29.4375 
vt 38.4375 -32.5625 
vt 40.9375 -32.5625 
vt 40.9375 -29.4375 
vt 38.4375 -29.4375 
vt 55.3125 -32.5625 
vt 57.8125 -32.5625 
vt 55.3125 -29.4375 
vt 57.8125 -29.4375 
vt 52.8125 -29.4375 
vt 50.3125 -29.4375 
vt 52.8125 -32.5625 
vt 50.3125 -32.5625 
vt 45.3125 -29.4375 
vt 47.8125 -32.5625 
vt 47.8125 -29.4375 
vt 45.3125 -32.5625 
vt 42.8125 -32.5625 
vt 42.9375 -32.5625 
vt 42.8125 -29.9375 
vt 42.9375 -29.9375 
vt 34.1875 -32.5625 
vt 40.8125 -32.5625 
vt 34.1875 -29.4375 
vt 40.8125 -29.4375 
vt 32.1875 -32.5625 
vt 42.8125 -32.5625 
vt 32.1875 -29.4375 
vt 42.8125 -29.4375 
vt 60.1875 -13.8125 
vt 60.3125 -23.0625 
vt 60.3125 -13.6875 
vt 58.1875 -13.6875 
vt 60.1875 -23.1875 
vt 58.3125 -13.8125 
vt 62.0625 -23.1875 
vt 58.1875 -16.1875 
vt 62.1875 -23.0625 
vt 58.3125 -16.3125 
vt 50.5625 -16.1875 
vt 50.5625 -16.3125 
vt 62.0625 -25.6875 
vt 62.1875 -25.8125 
vt 60.1875 -25.6875 
vt 60.3125 -25.8125 
vt 60.3125 -28.0625 
vt 60.3125 -28.1875 
vt 60.1875 -28.1875 
vt 62.0625 -28.1875 
vt 62.1875 -28.0625 
vt 62.0625 -30.6875 
vt 62.1875 -30.8125 
vt 60.1875 -30.6875 
vt 60.3125 -30.8125 
vt 60.3125 -33.0625 
vt 60.1875 -33.1875 
vt 62.0625 -33.1875 
vt 62.1875 -33.0625 
vt 62.0625 -35.6875 
vt 62.1875 -35.8125 
vt 60.1875 -35.6875 
vt 60.3125 -35.8125 
vt 60.3125 -38.1875 
vt 60.1875 -38.1875 
vt 56.4375 -23.1875 
vt 56.3125 -25.8125 
vt 56.4375 -25.6875 
vt 56.3125 -23.0625 
vt 58.1875 -25.8125 
vt 58.3125 -23.1875 
vt 58.3125 -25.6875 
vt 58.1875 -23.0625 
vt 58.3125 -28.1875 
vt 58.1875 -20.8125 
vt 58.1875 -28.0625 
vt 58.3125 -20.6875 
vt 50.5625 -20.6875 
vt 50.5625 -20.8125 
vt 56.3125 -28.0625 
vt 56.4375 -28.1875 
vt 56.3125 -30.8125 
vt 56.4375 -30.6875 
vt 58.1875 -30.8125 
vt 58.3125 -30.6875 
vt 58.3125 -33.1875 
vt 58.1875 -33.0625 
vt 56.3125 -33.0625 
vt 56.4375 -33.1875 
vt 56.3125 -35.8125 
vt 56.4375 -35.6875 
vt 58.1875 -35.8125 
vt 58.3125 -35.6875 
vt 58.3125 -38.1875 
vt 58.1875 -38.0625 
vt 50.6875 -38.1875 
vt 50.5625 -38.0625 
vt 50.6875 -39.3125 
vt 50.5625 -39.3125 
vt 50.6875 -39.4375 
vt 47.1875 -39.3125 
vt 47.0625 -39.4375 
vt 47.0625 -34.1875 
vt 47.1875 -34.0625 
vt 44.4375 -34.0625 
vt 44.4375 -34.1875 
vt 44.5625 -34.1875 
vt 44.4375 -39.3125 
vt 44.5625 -39.4375 
vt 42.1875 -39.3125 
vt 42.0625 -39.3125 
vt 42.0625 -39.4375 
vt 42.0625 -37.4375 
vt 42.1875 -37.4375 
vt 40.3125 -37.3125 
vt 42.1875 -37.3125 
vt 40.4375 -37.4375 
vt 40.3125 -39.3125 
vt 40.4375 -39.4375 
vt 37.5625 -39.3125 
vt 37.4375 -39.4375 
vt 37.4375 -37.4375 
vt 37.5625 -37.3125 
vt 35.6875 -37.3125 
vt 35.8125 -37.4375 
vt 35.6875 -39.3125 
vt 35.8125 -39.4375 
vt 33.3125 -39.3125 
vt 33.3125 -39.4375 
vt 33.4375 -39.3125 
vt 33.3125 -30.3125 
vt 33.4375 -30.3125 
vt 36.3125 -30.3125 
vt 33.3125 -30.1875 
vt 36.1875 -30.1875 
vt 36.3125 -26.4375 
vt 36.1875 -26.4375 
vt 33.3125 -26.3125 
vt 33.3125 -26.4375 
vt 44.6875 -26.4375 
vt 44.5625 -26.3125 
vt 44.5625 -20.6875 
vt 44.6875 -20.8125 
vt 45.4375 -20.8125 
vt 45.4375 -20.6875 
vt 45.4375 -16.3125 
vt 44.6875 -16.1875 
vt 44.6875 -16.3125 
vt 45.4375 -16.1875 
vt 44.5625 -13.1875 
vt 44.5625 -16.1875 
vt 44.6875 -13.0625 
vt 25.1875 -13.0625 
vt 25.3125 -13.1875 
vt 25.3125 -26.3125 
vt 25.1875 -26.4375 
vt 31.4375 -26.3125 
vt 31.3125 -26.4375 
vt 31.4375 -30.1875 
vt 31.3125 -30.1875 
vt 31.4375 -39.3125 
vt 31.3125 -39.3125 
vt 29.4375 -39.3125 
vt 31.4375 -39.4375 
vt 29.4375 -39.4375 
vt 42.6875 -15.0625 
vt 42.5625 -15.0625 
vt 42.5625 -24.3125 
vt 42.6875 -24.4375 
vt 27.3125 -24.3125 
vt 27.1875 -24.4375 
vt 27.3125 -15.1875 
vt 27.1875 -15.0625 
vt 42.5625 -15.1875 
vt 74.6875 -38.1875 
vt 63.3125 -38.0625 
vt 63.3125 -38.1875 
vt 74.8125 -38.0625 
vt 74.8125 -48.9375 
vt 74.6875 -48.8125 
vt 55.3125 -48.9375 
vt 55.4375 -48.8125 
vt 55.3125 -42.6875 
vt 55.4375 -42.5625 
vt 50.6875 -42.5625 
vt 50.6875 -42.6875 
vt 50.5625 -41.3125 
vt 50.6875 -41.3125 
vt 50.6875 -45.1875 
vt 50.5625 -45.0625 
vt 44.4375 -45.1875 
vt 44.5625 -45.0625 
vt 44.4375 -41.3125 
vt 44.5625 -41.3125 
vt 72.8125 -40.0625 
vt 72.6875 -40.1875 
vt 72.6875 -46.8125 
vt 62.0625 -40.1875 
vt 72.8125 -46.9375 
vt 57.4375 -46.8125 
vt 61.9375 -40.0625 
vt 57.4375 -46.9375 
vt 62.0625 -42.6875 
vt 61.9375 -42.5625 
vt 57.3125 -42.5625 
vt 57.3125 -46.9375 
vt 57.4375 -42.6875 
vt 33.3125 -26.4375 
vt 33.3125 -26.3125 
vt 31.4375 -26.3125 
vt 31.4375 -26.4375 
vt 33.3125 -30.3125 
vt 33.3125 -30.1875 
vt 31.4375 -30.1875 
vt 31.4375 -30.3125 
vt 50.5625 -20.8125 
vt 50.5625 -20.6875 
vt 45.4375 -20.6875 
vt 45.4375 -20.8125 
vt 50.5625 -16.3125 
vt 45.4375 -16.1875 
vt 45.4375 -16.3125 
vt 50.5625 -16.1875 
vt 63.3125 -38.1875 
vt 63.3125 -38.0625 
vt 60.3125 -38.0625 
vt 60.3125 -38.1875 
vt 29.4375 -41.4375 
vt 44.4375 -41.3125 
vt 29.5625 -41.3125 
vt 44.4375 -41.4375 
vt 29.4375 -39.4375 
vt 29.5625 -39.4375 
vt 44.6875 -32.5625 
vt 25.1875 -29.4375 
vt 25.1875 -32.5625 
vt 44.6875 -29.4375 
vt 27.1875 -29.4375 
vt 27.1875 -32.5625 
vt 42.5625 -32.5625 
vt 42.5625 -29.4375 
vt 42.6875 -32.5625 
vt 42.6875 -29.4375 
vt 49.3125 -29.4375 
vt 49.3125 -32.5625 
vt 55.5625 -32.5625 
vt 55.5625 -29.4375 
vt 37.9375 -29.4375 
vt 42.5625 -32.5625 
vt 42.5625 -29.4375 
vt 37.9375 -32.5625 
vt 44.6875 -32.5625 
vt 49.3125 -32.5625 
vt 44.6875 -29.4375 
vt 49.3125 -29.4375 
vt 55.5625 -29.4375 
vt 55.5625 -29.9375 
vt 70.5625 -29.9375 
vt 70.5625 -29.4375 
vt 27.3125 -32.5625 
vt 37.9375 -32.5625 
vt 27.3125 -29.4375 
vt 37.9375 -29.4375 
vt 49.3125 -29.4375 
vt 49.3125 -32.5625 
vt 52.9375 -32.5625 
vt 52.9375 -29.4375 
vt 55.4375 -29.4375 
vt 55.4375 -32.5625 
vt 57.9375 -32.5625 
vt 57.9375 -29.4375 
vt 62.5625 -32.5625 
vt 59.5625 -29.4375 
vt 59.5625 -32.5625 
vt 62.5625 -29.4375 
vt 64.1875 -29.4375 
vt 66.6875 -32.5625 
vt 66.6875 -29.4375 
vt 64.1875 -32.5625 
vt 68.5625 -29.4375 
vt 70.5625 -32.5625 
vt 70.4375 -29.9375 
vt 70.5625 -29.9375 
vt 70.4375 -29.4375 
vt 68.5625 -32.5625 
vt 66.5625 -29.4375 
vt 66.6875 -32.5625 
vt 66.6875 -29.4375 
vt 66.5625 -32.5625 
vt 68.5625 -29.4375 
vt 68.6875 -32.5625 
vt 68.6875 -29.4375 
vt 68.5625 -32.5625 
vt 39.8125 -32.5625 
vt 39.6875 -29.9375 
vt 39.6875 -32.5625 
vt 39.8125 -29.4375 
vt 25.3125 -29.4375 
vt 36.6875 -29.9375 
vt 25.3125 -32.5625 
vt 36.6875 -32.5625 
vt 49.3125 -29.4375 
vt 41.6875 -29.4375 
vt 49.3125 -32.5625 
vt 41.6875 -32.5625 
vt 59.5625 -29.4375 
vt 57.9375 -32.5625 
vt 59.5625 -32.5625 
vt 57.9375 -29.4375 
vt 62.5625 -32.5625 
vt 64.1875 -32.5625 
vt 64.1875 -29.4375 
vt 62.5625 -29.4375 
vt 41.8125 -29.4375 
vt 43.6875 -32.5625 
vt 43.6875 -29.4375 
vt 41.8125 -32.5625 
vt 37.8125 -29.4375 
vt 39.6875 -32.5625 
vt 39.6875 -29.4375 
vt 37.8125 -32.5625 
vt 52.9375 -32.5625 
vt 55.5625 -32.5625 
vt 52.9375 -29.4375 
vt 55.5625 -29.4375 
vt 37.9375 -29.4375 
vt 39.8125 -32.5625 
vt 39.8125 -29.4375 
vt 37.9375 -32.5625 
vt 43.5625 -32.5625 
vt 41.6875 -29.4375 
vt 41.6875 -32.5625 
vt 43.5625 -29.4375 
vt 41.8125 -29.4375 
vt 43.6875 -32.5625 
vt 43.6875 -29.4375 
vt 41.8125 -32.5625 
vt 37.8125 -29.4375 
vt 39.6875 -32.5625 
vt 39.6875 -29.4375 
vt 37.8125 -32.5625 
vt 63.6875 -29.4375 
vt 68.5625 -30.4375 
vt 68.5625 -29.4375 
vt 66.6875 -30.4375 
vt 66.6875 -32.5625 
vt 63.6875 -32.5625 
vt 68.5625 -29.4375 
vt 68.5625 -32.5625 
vt 68.6875 -32.5625 
vt 68.6875 -29.4375 
vt 39.6875 -29.4375 
vt 39.8125 -32.5625 
vt 39.8125 -29.4375 
vt 39.6875 -32.5625 
vt 37.9375 -29.4375 
vt 37.9375 -32.5625 
vt 41.6875 -29.4375 
vt 43.5625 -32.5625 
vt 43.5625 -29.4375 
vt 41.6875 -32.5625 
vt 55.3125 -32.5625 
vt 63.6875 -32.5625 
vt 63.6875 -29.4375 
vt 55.3125 -29.4375 
vt 66.6875 -30.4375 
vt 63.8125 -32.5625 
vt 66.6875 -32.5625 
vt 66.6875 -29.4375 
vt 63.8125 -29.4375 
vt 68.5625 -30.4375 
vt 68.5625 -29.4375 
vt 68.6875 -29.4375 
vt 74.8125 -32.5625 
vt 74.8125 -29.4375 
vt 68.6875 -32.5625 
vt 39.6875 -32.5625 
vt 37.8125 -29.4375 
vt 37.8125 -32.5625 
vt 39.6875 -29.4375 
vt 41.8125 -29.4375 
vt 43.6875 -32.5625 
vt 43.6875 -29.4375 
vt 41.8125 -32.5625 
vt 72.8125 -32.5625 
vt 57.3125 -29.4375 
vt 57.3125 -32.5625 
vt 72.8125 -29.4375 
vt 37.9375 -32.5625 
vt 39.8125 -32.5625 
vt 39.8125 -29.4375 
vt 37.9375 -29.4375 
vt 41.6875 -29.4375 
vt 43.5625 -32.5625 
vt 43.5625 -29.4375 
vt 41.6875 -32.5625 
vt 41.8125 -29.4375 
vt 41.8125 -32.5625 
vt 49.4375 -32.5625 
vt 49.4375 -29.4375 
vt 49.4375 -29.9375 
vt 54.5625 -29.9375 
vt 55.3125 -29.4375 
vt 55.3125 -32.5625 
vt 54.5625 -32.5625 
vt 41.6875 -29.4375 
vt 41.6875 -32.5625 
vt 49.4375 -32.5625 
vt 49.4375 -29.4375 
vt 49.4375 -29.9375 
vt 54.5625 -29.9375 
vt 55.3125 -29.4375 
vt 55.3125 -32.5625 
vt 54.5625 -32.5625 
vt 55.3125 -29.4375 
vt 55.3125 -32.5625 
vt 55.4375 -29.4375 
vt 55.4375 -32.5625 
vt 57.4375 -29.4375 
vt 57.4375 -32.5625 
vt 72.6875 -29.4375 
vt 72.6875 -32.5625 
vt 39.8125 -32.5625 
vt 41.6875 -29.4375 
vt 39.8125 -29.4375 
vt 41.6875 -32.5625 
vt 55.4375 -32.5625 
vt 74.6875 -32.5625 
vt 55.4375 -29.4375 
vt 74.6875 -29.4375 

usemtl Union111Mtl

f 2145/2145/2145 2146/2146/2146 2147/2147/2147 
f 2146/2146/2146 2145/2145/2145 2148/2148/2148 
f 2149/2149/2149 2150/2150/2150 2151/2151/2151 
f 2151/2151/2151 2150/2150/2150 2152/2152/2152 
f 2153/2153/2153 2154/2154/2154 2155/2155/2155 
f 2156/2156/2156 2155/2155/2155 2154/2154/2154 
f 2157/2157/2157 2158/2158/2158 2159/2159/2159 
f 2160/2160/2160 2159/2159/2159 2158/2158/2158 
f 2161/2161/2161 2162/2162/2162 2163/2163/2163 
f 2164/2164/2164 2163/2163/2163 2162/2162/2162 
f 2165/2165/2165 2166/2166/2166 2167/2167/2167 
f 2168/2168/2168 2165/2165/2165 2167/2167/2167 
f 2169/2169/2169 2170/2170/2170 2171/2171/2171 
f 2170/2170/2170 2169/2169/2169 2172/2172/2172 
f 2173/2173/2173 2174/2174/2174 2175/2175/2175 
f 2173/2173/2173 2175/2175/2175 2176/2176/2176 
f 2177/2177/2177 2178/2178/2178 2179/2179/2179 
f 2180/2180/2180 2177/2177/2177 2179/2179/2179 
f 2181/2181/2181 2182/2182/2182 2183/2183/2183 
f 2183/2183/2183 2182/2182/2182 2184/2184/2184 
f 2181/2181/2181 2183/2183/2183 2185/2185/2185 
f 2186/2186/2186 2181/2181/2181 2185/2185/2185 
f 2187/2187/2187 2188/2188/2188 2189/2189/2189 
f 2188/2188/2188 2187/2187/2187 2190/2190/2190 
f 2191/2191/2191 2192/2192/2192 2193/2193/2193 
f 2192/2192/2192 2191/2191/2191 2194/2194/2194 
f 2195/2195/2195 2196/2196/2196 2197/2197/2197 
f 2196/2196/2196 2195/2195/2195 2198/2198/2198 
f 2199/2199/2199 2200/2200/2200 2201/2201/2201 
f 2200/2200/2200 2199/2199/2199 2202/2202/2202 
f 2203/2203/2203 2204/2204/2204 2205/2205/2205 
f 2206/2206/2206 2205/2205/2205 2204/2204/2204 
f 2207/2207/2207 2208/2208/2208 2209/2209/2209 
f 2208/2208/2208 2210/2210/2210 2209/2209/2209 
f 2211/2211/2211 2212/2212/2212 2213/2213/2213 
f 2213/2213/2213 2212/2212/2212 2214/2214/2214 
f 2215/2215/2215 2216/2216/2216 2217/2217/2217 
f 2218/2218/2218 2216/2216/2216 2215/2215/2215 
f 2219/2219/2219 2220/2220/2220 2221/2221/2221 
f 2221/2221/2221 2220/2220/2220 2222/2222/2222 
f 2223/2223/2223 2224/2224/2224 2225/2225/2225 
f 2224/2224/2224 2223/2223/2223 2226/2226/2226 
f 2227/2227/2227 2228/2228/2228 2229/2229/2229 
f 2229/2229/2229 2228/2228/2228 2230/2230/2230 
f 2231/2231/2231 2232/2232/2232 2233/2233/2233 
f 2233/2233/2233 2232/2232/2232 2234/2234/2234 
f 2235/2235/2235 2236/2236/2236 2237/2237/2237 
f 2236/2236/2236 2235/2235/2235 2238/2238/2238 
f 2239/2239/2239 2238/2238/2238 2235/2235/2235 
f 2238/2238/2238 2239/2239/2239 2240/2240/2240 
f 2241/2241/2241 2242/2242/2242 2243/2243/2243 
f 2242/2242/2242 2241/2241/2241 2244/2244/2244 
f 2245/2245/2245 2246/2246/2246 2247/2247/2247 
f 2246/2246/2246 2245/2245/2245 2248/2248/2248 
f 2249/2249/2249 2250/2250/2250 2251/2251/2251 
f 2250/2250/2250 2249/2249/2249 2252/2252/2252 
f 2253/2253/2253 2254/2254/2254 2255/2255/2255 
f 2254/2254/2254 2253/2253/2253 2256/2256/2256 
f 2257/2257/2257 2258/2258/2258 2259/2259/2259 
f 2259/2259/2259 2258/2258/2258 2260/2260/2260 
f 2261/2261/2261 2262/2262/2262 2263/2263/2263 
f 2263/2263/2263 2262/2262/2262 2264/2264/2264 
f 2265/2265/2265 2266/2266/2266 2267/2267/2267 
f 2267/2267/2267 2266/2266/2266 2268/2268/2268 
f 2269/2269/2269 2270/2270/2270 2271/2271/2271 
f 2272/2272/2272 2271/2271/2271 2270/2270/2270 
f 2273/2273/2273 2274/2274/2274 2275/2275/2275 
f 2274/2274/2274 2273/2273/2273 2276/2276/2276 
f 2277/2277/2277 2278/2278/2278 2279/2279/2279 
f 2280/2280/2280 2279/2279/2279 2278/2278/2278 
f 2281/2281/2281 2282/2282/2282 2283/2283/2283 
f 2282/2282/2282 2281/2281/2281 2284/2284/2284 
f 2285/2285/2285 2286/2286/2286 2287/2287/2287 
f 2286/2286/2286 2285/2285/2285 2288/2288/2288 
f 2289/2289/2289 2287/2287/2287 2286/2286/2286 
f 2289/2289/2289 2290/2290/2290 2287/2287/2287 
f 2291/2291/2291 2292/2292/2292 2293/2293/2293 
f 2294/2294/2294 2293/2293/2293 2292/2292/2292 
f 2295/2295/2295 2296/2296/2296 2297/2297/2297 
f 2296/2296/2296 2295/2295/2295 2298/2298/2298 
f 2299/2299/2299 2300/2300/2300 2301/2301/2301 
f 2302/2302/2302 2301/2301/2301 2300/2300/2300 
f 2303/2303/2303 2304/2304/2304 2305/2305/2305 
f 2306/2306/2306 2305/2305/2305 2304/2304/2304 
f 2307/2307/2307 2308/2308/2308 2309/2309/2309 
f 2308/2308/2308 2307/2307/2307 2310/2310/2310 
f 2311/2311/2311 2312/2312/2312 2313/2313/2313 
f 2311/2311/2311 2313/2313/2313 2314/2314/2314 
f 2314/2314/2314 2315/2315/2315 2311/2311/2311 
f 2316/2316/2316 2314/2314/2314 2313/2313/2313 
f 2316/2316/2316 2317/2317/2317 2318/2318/2318 
f 2317/2317/2317 2316/2316/2316 2319/2319/2319 
f 2317/2317/2317 2319/2319/2319 2320/2320/2320 
f 2321/2321/2321 2317/2317/2317 2320/2320/2320 
f 2322/2322/2322 2320/2320/2320 2319/2319/2319 
f 2320/2320/2320 2322/2322/2322 2323/2323/2323 
f 2324/2324/2324 2325/2325/2325 2326/2326/2326 
f 2324/2324/2324 2326/2326/2326 2327/2327/2327 
f 2328/2328/2328 2329/2329/2329 2330/2330/2330 
f 2330/2330/2330 2329/2329/2329 2331/2331/2331 
f 2332/2332/2332 2333/2333/2333 2334/2334/2334 
f 2335/2335/2335 2332/2332/2332 2334/2334/2334 
f 2336/2336/2336 2337/2337/2337 2338/2338/2338 
f 2338/2338/2338 2339/2339/2339 2336/2336/2336 
f 2336/2336/2336 2340/2340/2340 2337/2337/2337 
f 2339/2339/2339 2341/2341/2341 2336/2336/2336 
f 2340/2340/2340 2342/2342/2342 2337/2337/2337 
f 2343/2343/2343 2341/2341/2341 2339/2339/2339 
f 2344/2344/2344 2337/2337/2337 2342/2342/2342 
f 2343/2343/2343 2339/2339/2339 2345/2345/2345 
f 2346/2346/2346 2344/2344/2344 2342/2342/2342 
f 2343/2343/2343 2345/2345/2345 2347/2347/2347 
f 2346/2346/2346 2342/2342/2342 2348/2348/2348 
f 2349/2349/2349 2343/2343/2343 2347/2347/2347 
f 2348/2348/2348 2350/2350/2350 2346/2346/2346 
f 2351/2351/2351 2349/2349/2349 2347/2347/2347 
f 2352/2352/2352 2346/2346/2346 2350/2350/2350 
f 2350/2350/2350 2353/2353/2353 2352/2352/2352 
f 2353/2353/2353 2354/2354/2354 2352/2352/2352 
f 2355/2355/2355 2351/2351/2351 2347/2347/2347 
f 2351/2351/2351 2355/2355/2355 2356/2356/2356 
f 2355/2355/2355 2357/2357/2357 2356/2356/2356 
f 2356/2356/2356 2357/2357/2357 2358/2358/2358 
f 2357/2357/2357 2359/2359/2359 2358/2358/2358 
f 2358/2358/2358 2359/2359/2359 2360/2360/2360 
f 2359/2359/2359 2361/2361/2361 2360/2360/2360 
f 2362/2362/2362 2360/2360/2360 2361/2361/2361 
f 2363/2363/2363 2362/2362/2362 2361/2361/2361 
f 2363/2363/2363 2361/2361/2361 2364/2364/2364 
f 2363/2363/2363 2364/2364/2364 2365/2365/2365 
f 2364/2364/2364 2366/2366/2366 2365/2365/2365 
f 2365/2365/2365 2366/2366/2366 2367/2367/2367 
f 2368/2368/2368 2365/2365/2365 2367/2367/2367 
f 2367/2367/2367 2369/2369/2369 2368/2368/2368 
f 2370/2370/2370 2368/2368/2368 2369/2369/2369 
f 2371/2371/2371 2370/2370/2370 2369/2369/2369 
f 2371/2371/2371 2369/2369/2369 2372/2372/2372 
f 2372/2372/2372 2373/2373/2373 2371/2371/2371 
f 2373/2373/2373 2374/2374/2374 2371/2371/2371 
f 2375/2375/2375 2374/2374/2374 2373/2373/2373 
f 2375/2375/2375 2373/2373/2373 2376/2376/2376 
f 2375/2375/2375 2376/2376/2376 2377/2377/2377 
f 2378/2378/2378 2375/2375/2375 2377/2377/2377 
f 2377/2377/2377 2379/2379/2379 2378/2378/2378 
f 2377/2377/2377 2380/2380/2380 2379/2379/2379 
f 2381/2381/2381 2379/2379/2379 2380/2380/2380 
f 2381/2381/2381 2380/2380/2380 2382/2382/2382 
f 2383/2383/2383 2381/2381/2381 2382/2382/2382 
f 2383/2383/2383 2384/2384/2384 2381/2381/2381 
f 2385/2385/2385 2384/2384/2384 2383/2383/2383 
f 2383/2383/2383 2382/2382/2382 2386/2386/2386 
f 2383/2383/2383 2386/2386/2386 2387/2387/2387 
f 2388/2388/2388 2387/2387/2387 2386/2386/2386 
f 2388/2388/2388 2389/2389/2389 2387/2387/2387 
f 2388/2388/2388 2390/2390/2390 2389/2389/2389 
f 2391/2391/2391 2389/2389/2389 2390/2390/2390 
f 2392/2392/2392 2391/2391/2391 2390/2390/2390 
f 2392/2392/2392 2393/2393/2393 2391/2391/2391 
f 2394/2394/2394 2393/2393/2393 2392/2392/2392 
f 2395/2395/2395 2393/2393/2393 2394/2394/2394 
f 2395/2395/2395 2396/2396/2396 2393/2393/2393 
f 2397/2397/2397 2398/2398/2398 2395/2395/2395 
f 2399/2399/2399 2398/2398/2398 2397/2397/2397 
f 2399/2399/2399 2400/2400/2400 2398/2398/2398 
f 2399/2399/2399 2401/2401/2401 2400/2400/2400 
f 2401/2401/2401 2402/2402/2402 2400/2400/2400 
f 2403/2403/2403 2402/2402/2402 2401/2401/2401 
f 2404/2404/2404 2402/2402/2402 2403/2403/2403 
f 2404/2404/2404 2405/2405/2405 2402/2402/2402 
f 2404/2404/2404 2403/2403/2403 2406/2406/2406 
f 2404/2404/2404 2407/2407/2407 2405/2405/2405 
f 2408/2408/2408 2404/2404/2404 2406/2406/2406 
f 2404/2404/2404 2409/2409/2409 2407/2407/2407 
f 2410/2410/2410 2408/2408/2408 2406/2406/2406 
f 2409/2409/2409 2411/2411/2411 2407/2407/2407 
f 2411/2411/2411 2412/2412/2412 2407/2407/2407 
f 2413/2413/2413 2412/2412/2412 2411/2411/2411 
f 2411/2411/2411 2414/2414/2414 2413/2413/2413 
f 2415/2415/2415 2413/2413/2413 2414/2414/2414 
f 2415/2415/2415 2414/2414/2414 2416/2416/2416 
f 2415/2415/2415 2416/2416/2416 2417/2417/2417 
f 2418/2418/2418 2415/2415/2415 2417/2417/2417 
f 2418/2418/2418 2417/2417/2417 2419/2419/2419 
f 2420/2420/2420 2418/2418/2418 2419/2419/2419 
f 2421/2421/2421 2420/2420/2420 2419/2419/2419 
f 2419/2419/2419 2422/2422/2422 2421/2421/2421 
f 2423/2423/2423 2421/2421/2421 2422/2422/2422 
f 2423/2423/2423 2422/2422/2422 2424/2424/2424 
f 2423/2423/2423 2424/2424/2424 2425/2425/2425 
f 2426/2426/2426 2423/2423/2423 2425/2425/2425 
f 2426/2426/2426 2425/2425/2425 2427/2427/2427 
f 2428/2428/2428 2426/2426/2426 2427/2427/2427 
f 2429/2429/2429 2428/2428/2428 2427/2427/2427 
f 2427/2427/2427 2430/2430/2430 2429/2429/2429 
f 2429/2429/2429 2430/2430/2430 2431/2431/2431 
f 2431/2431/2431 2430/2430/2430 2432/2432/2432 
f 2431/2431/2431 2432/2432/2432 2433/2433/2433 
f 2434/2434/2434 2431/2431/2431 2433/2433/2433 
f 2434/2434/2434 2433/2433/2433 2435/2435/2435 
f 2436/2436/2436 2434/2434/2434 2435/2435/2435 
f 2437/2437/2437 2436/2436/2436 2435/2435/2435 
f 2435/2435/2435 2438/2438/2438 2437/2437/2437 
f 2439/2439/2439 2437/2437/2437 2438/2438/2438 
f 2439/2439/2439 2438/2438/2438 2440/2440/2440 
f 2440/2440/2440 2441/2441/2441 2439/2439/2439 
f 2442/2442/2442 2439/2439/2439 2441/2441/2441 
f 2441/2441/2441 2443/2443/2443 2442/2442/2442 
f 2441/2441/2441 2444/2444/2444 2443/2443/2443 
f 2443/2443/2443 2444/2444/2444 2445/2445/2445 
f 2446/2446/2446 2445/2445/2445 2444/2444/2444 
f 2443/2443/2443 2445/2445/2445 2447/2447/2447 
f 2445/2445/2445 2448/2448/2448 2447/2447/2447 
f 2445/2445/2445 2449/2449/2449 2448/2448/2448 
f 2450/2450/2450 2448/2448/2448 2449/2449/2449 
f 2451/2451/2451 2450/2450/2450 2449/2449/2449 
f 2451/2451/2451 2452/2452/2452 2453/2453/2453 
f 2453/2453/2453 2452/2452/2452 2454/2454/2454 
f 2454/2454/2454 2455/2455/2455 2453/2453/2453 
f 2456/2456/2456 2453/2453/2453 2455/2455/2455 
f 2455/2455/2455 2457/2457/2457 2456/2456/2456 
f 2457/2457/2457 2458/2458/2458 2456/2456/2456 
f 2458/2458/2458 2457/2457/2457 2459/2459/2459 
f 2460/2460/2460 2458/2458/2458 2459/2459/2459 
f 2460/2460/2460 2459/2459/2459 2461/2461/2461 
f 2462/2462/2462 2460/2460/2460 2461/2461/2461 
f 2463/2463/2463 2462/2462/2462 2461/2461/2461 
f 2463/2463/2463 2461/2461/2461 2464/2464/2464 
f 2463/2463/2463 2464/2464/2464 2465/2465/2465 
f 2466/2466/2466 2463/2463/2463 2465/2465/2465 
f 2465/2465/2465 2467/2467/2467 2466/2466/2466 
f 2465/2465/2465 2468/2468/2468 2467/2467/2467 
f 2467/2467/2467 2468/2468/2468 2469/2469/2469 
f 2469/2469/2469 2470/2470/2470 2467/2467/2467 
f 2471/2471/2471 2470/2470/2470 2469/2469/2469 
f 2471/2471/2471 2469/2469/2469 2472/2472/2472 
f 2471/2471/2471 2472/2472/2472 2473/2473/2473 
f 2474/2474/2474 2471/2471/2471 2473/2473/2473 
f 2475/2475/2475 2476/2476/2476 2474/2474/2474 
f 2474/2474/2474 2476/2476/2476 2477/2477/2477 
f 2478/2478/2478 2479/2479/2479 2354/2354/2354 
f 2480/2480/2480 2354/2354/2354 2479/2479/2479 
f 2480/2480/2480 2479/2479/2479 2481/2481/2481 
f 2482/2482/2482 2480/2480/2480 2481/2481/2481 
f 2482/2482/2482 2481/2481/2481 2483/2483/2483 
f 2484/2484/2484 2482/2482/2482 2483/2483/2483 
f 2483/2483/2483 2485/2485/2485 2484/2484/2484 
f 2485/2485/2485 2486/2486/2486 2484/2484/2484 
f 2486/2486/2486 2485/2485/2485 2410/2410/2410 
f 2408/2408/2408 2410/2410/2410 2485/2485/2485 
f 2410/2410/2410 2487/2487/2487 2486/2486/2486 
f 2399/2399/2399 2486/2486/2486 2487/2487/2487 
f 2488/2488/2488 2489/2489/2489 2490/2490/2490 
f 2491/2491/2491 2489/2489/2489 2488/2488/2488 
f 2488/2488/2488 2490/2490/2490 2492/2492/2492 
f 2493/2493/2493 2488/2488/2488 2492/2492/2492 
f 2492/2492/2492 2494/2494/2494 2493/2493/2493 
f 2494/2494/2494 2495/2495/2495 2493/2493/2493 
f 2494/2494/2494 2491/2491/2491 2495/2495/2495 
f 2491/2491/2491 2496/2496/2496 2495/2495/2495 
f 2497/2497/2497 2498/2498/2498 2499/2499/2499 
f 2500/2500/2500 2499/2499/2499 2498/2498/2498 
f 2499/2499/2499 2501/2501/2501 2497/2497/2497 
f 2502/2502/2502 2497/2497/2497 2501/2501/2501 
f 2500/2500/2500 2498/2498/2498 2503/2503/2503 
f 2504/2504/2504 2500/2500/2500 2503/2503/2503 
f 2504/2504/2504 2503/2503/2503 2505/2505/2505 
f 2506/2506/2506 2504/2504/2504 2505/2505/2505 
f 2506/2506/2506 2505/2505/2505 2507/2507/2507 
f 2508/2508/2508 2507/2507/2507 2501/2501/2501 
f 2509/2509/2509 2506/2506/2506 2507/2507/2507 
f 2509/2509/2509 2507/2507/2507 2508/2508/2508 
f 2510/2510/2510 2511/2511/2511 2512/2512/2512 
f 2513/2513/2513 2511/2511/2511 2510/2510/2510 
f 2514/2514/2514 2515/2515/2515 2516/2516/2516 
f 2517/2517/2517 2515/2515/2515 2514/2514/2514 
f 2518/2518/2518 2519/2519/2519 2520/2520/2520 
f 2521/2521/2521 2519/2519/2519 2518/2518/2518 
f 2522/2522/2522 2521/2521/2521 2518/2518/2518 
f 2523/2523/2523 2521/2521/2521 2522/2522/2522 
f 2524/2524/2524 2525/2525/2525 2526/2526/2526 
f 2526/2526/2526 2527/2527/2527 2524/2524/2524 
f 2528/2528/2528 2529/2529/2529 2527/2527/2527 
f 2530/2530/2530 2528/2528/2528 2527/2527/2527 
f 2530/2530/2530 2531/2531/2531 2528/2528/2528 
f 2532/2532/2532 2531/2531/2531 2530/2530/2530 
f 2533/2533/2533 2534/2534/2534 2535/2535/2535 
f 2536/2536/2536 2534/2534/2534 2533/2533/2533 
f 2537/2537/2537 2538/2538/2538 2533/2533/2533 
f 2539/2539/2539 2537/2537/2537 2533/2533/2533 
f 2539/2539/2539 2540/2540/2540 2537/2537/2537 
f 2541/2541/2541 2540/2540/2540 2539/2539/2539 
f 2542/2542/2542 2543/2543/2543 2544/2544/2544 
f 2544/2544/2544 2543/2543/2543 2545/2545/2545 
f 2546/2546/2546 2547/2547/2547 2548/2548/2548 
f 2549/2549/2549 2547/2547/2547 2546/2546/2546 
f 2550/2550/2550 2551/2551/2551 2552/2552/2552 
f 2551/2551/2551 2550/2550/2550 2553/2553/2553 
f 2554/2554/2554 2555/2555/2555 2556/2556/2556 
f 2554/2554/2554 2556/2556/2556 2557/2557/2557 
f 2558/2558/2558 2559/2559/2559 2560/2560/2560 
f 2560/2560/2560 2559/2559/2559 2561/2561/2561 
f 2562/2562/2562 2563/2563/2563 2564/2564/2564 
f 2563/2563/2563 2562/2562/2562 2565/2565/2565 
f 2566/2566/2566 2563/2563/2563 2565/2565/2565 
f 2567/2567/2567 2565/2565/2565 2562/2562/2562 
f 2565/2565/2565 2567/2567/2567 2568/2568/2568 
f 2569/2569/2569 2568/2568/2568 2567/2567/2567 
f 2569/2569/2569 2570/2570/2570 2568/2568/2568 
f 2571/2571/2571 2570/2570/2570 2569/2569/2569 
f 2572/2572/2572 2573/2573/2573 2574/2574/2574 
f 2574/2574/2574 2573/2573/2573 2575/2575/2575 
f 2576/2576/2576 2577/2577/2577 2578/2578/2578 
f 2578/2578/2578 2577/2577/2577 2579/2579/2579 
f 2580/2580/2580 2581/2581/2581 2582/2582/2582 
f 2581/2581/2581 2580/2580/2580 2583/2583/2583 
f 2583/2583/2583 2584/2584/2584 2581/2581/2581 
f 2585/2585/2585 2581/2581/2581 2584/2584/2584 
f 2584/2584/2584 2586/2586/2586 2585/2585/2585 
f 2586/2586/2586 2587/2587/2587 2585/2585/2585 
f 2588/2588/2588 2589/2589/2589 2590/2590/2590 
f 2589/2589/2589 2588/2588/2588 2591/2591/2591 
f 2592/2592/2592 2593/2593/2593 2594/2594/2594 
f 2594/2594/2594 2593/2593/2593 2595/2595/2595 
f 2596/2596/2596 2597/2597/2597 2598/2598/2598 
f 2599/2599/2599 2597/2597/2597 2596/2596/2596 
f 2600/2600/2600 2601/2601/2601 2602/2602/2602 
f 2602/2602/2602 2601/2601/2601 2603/2603/2603 
f 2604/2604/2604 2605/2605/2605 2606/2606/2606 
f 2606/2606/2606 2605/2605/2605 2607/2607/2607 
f 2608/2608/2608 2609/2609/2609 2610/2610/2610 
f 2611/2611/2611 2609/2609/2609 2608/2608/2608 
f 2612/2612/2612 2613/2613/2613 2614/2614/2614 
f 2614/2614/2614 2613/2613/2613 2615/2615/2615 
f 2616/2616/2616 2617/2617/2617 2618/2618/2618 
f 2618/2618/2618 2617/2617/2617 2619/2619/2619 
f 2620/2620/2620 2621/2621/2621 2622/2622/2622 
f 2623/2623/2623 2621/2621/2621 2620/2620/2620 
f 2624/2624/2624 2625/2625/2625 2626/2626/2626 
f 2627/2627/2627 2625/2625/2625 2624/2624/2624 
f 2628/2628/2628 2629/2629/2629 2630/2630/2630 
f 2630/2630/2630 2629/2629/2629 2631/2631/2631 
f 2632/2632/2632 2633/2633/2633 2634/2634/2634 
f 2633/2633/2633 2632/2632/2632 2635/2635/2635 
f 2636/2636/2636 2637/2637/2637 2638/2638/2638 
f 2638/2638/2638 2637/2637/2637 2639/2639/2639 
f 2640/2640/2640 2638/2638/2638 2639/2639/2639 
f 2640/2640/2640 2641/2641/2641 2638/2638/2638 
f 2642/2642/2642 2643/2643/2643 2644/2644/2644 
f 2643/2643/2643 2642/2642/2642 2645/2645/2645 
f 2646/2646/2646 2647/2647/2647 2648/2648/2648 
f 2646/2646/2646 2649/2649/2649 2647/2647/2647 
f 2650/2650/2650 2651/2651/2651 2652/2652/2652 
f 2652/2652/2652 2653/2653/2653 2650/2650/2650 
f 2654/2654/2654 2655/2655/2655 2656/2656/2656 
f 2654/2654/2654 2657/2657/2657 2655/2655/2655 
f 2658/2658/2658 2659/2659/2659 2660/2660/2660 
f 2660/2660/2660 2659/2659/2659 2661/2661/2661 
f 2662/2662/2662 2663/2663/2663 2664/2664/2664 
f 2665/2665/2665 2663/2663/2663 2662/2662/2662 
f 2666/2666/2666 2667/2667/2667 2668/2668/2668 
f 2668/2668/2668 2667/2667/2667 2669/2669/2669 
f 2670/2670/2670 2671/2671/2671 2672/2672/2672 
f 2672/2672/2672 2671/2671/2671 2673/2673/2673 
f 2672/2672/2672 2673/2673/2673 2674/2674/2674 
f 2675/2675/2675 2672/2672/2672 2674/2674/2674 
f 2676/2676/2676 2677/2677/2677 2678/2678/2678 
f 2678/2678/2678 2677/2677/2677 2679/2679/2679 
f 2680/2680/2680 2681/2681/2681 2682/2682/2682 
f 2683/2683/2683 2681/2681/2681 2680/2680/2680 
f 2684/2684/2684 2685/2685/2685 2686/2686/2686 
f 2687/2687/2687 2685/2685/2685 2684/2684/2684 
f 2688/2688/2688 2689/2689/2689 2690/2690/2690 
f 2691/2691/2691 2689/2689/2689 2688/2688/2688 
f 2692/2692/2692 2693/2693/2693 2694/2694/2694 
f 2693/2693/2693 2695/2695/2695 2694/2694/2694 
f 2696/2696/2696 2697/2697/2697 2698/2698/2698 
f 2696/2696/2696 2698/2698/2698 2699/2699/2699 
f 2700/2700/2700 2701/2701/2701 2702/2702/2702 
f 2703/2703/2703 2700/2700/2700 2702/2702/2702 
f 2704/2704/2704 2705/2705/2705 2706/2706/2706 
f 2706/2706/2706 2705/2705/2705 2707/2707/2707 
f 2705/2705/2705 2708/2708/2708 2707/2707/2707 
f 2709/2709/2709 2708/2708/2708 2705/2705/2705 
f 2710/2710/2710 2711/2711/2711 2712/2712/2712 
f 2713/2713/2713 2711/2711/2711 2710/2710/2710 
f 2711/2711/2711 2714/2714/2714 2712/2712/2712 
f 2712/2712/2712 2714/2714/2714 2715/2715/2715 
f 2716/2716/2716 2717/2717/2717 2718/2718/2718 
f 2719/2719/2719 2717/2717/2717 2716/2716/2716 
f 2720/2720/2720 2721/2721/2721 2722/2722/2722 
f 2723/2723/2723 2721/2721/2721 2720/2720/2720 
f 2721/2721/2721 2724/2724/2724 2722/2722/2722 
f 2722/2722/2722 2724/2724/2724 2725/2725/2725 
f 2724/2724/2724 2726/2726/2726 2727/2727/2727 
f 2727/2727/2727 2726/2726/2726 2728/2728/2728 
f 2729/2729/2729 2730/2730/2730 2731/2731/2731 
f 2732/2732/2732 2729/2729/2729 2731/2731/2731 
f 2733/2733/2733 2734/2734/2734 2735/2735/2735 
f 2736/2736/2736 2734/2734/2734 2733/2733/2733 
f 2737/2737/2737 2738/2738/2738 2739/2739/2739 
f 2739/2739/2739 2738/2738/2738 2740/2740/2740 
f 2741/2741/2741 2742/2742/2742 2743/2743/2743 
f 2744/2744/2744 2741/2741/2741 2743/2743/2743 
f 2745/2745/2745 2746/2746/2746 2747/2747/2747 
f 2747/2747/2747 2746/2746/2746 2748/2748/2748 
f 2749/2749/2749 2748/2748/2748 2746/2746/2746 
f 2749/2749/2749 2750/2750/2750 2748/2748/2748 
f 2751/2751/2751 2752/2752/2752 2753/2753/2753 
f 2754/2754/2754 2752/2752/2752 2751/2751/2751 
f 2755/2755/2755 2756/2756/2756 2757/2757/2757 
f 2757/2757/2757 2756/2756/2756 2758/2758/2758 
f 2759/2759/2759 2755/2755/2755 2757/2757/2757 
f 2760/2760/2760 2755/2755/2755 2759/2759/2759 
f 2761/2761/2761 2762/2762/2762 2763/2763/2763 
f 2762/2762/2762 2764/2764/2764 2763/2763/2763 
f 2761/2761/2761 2763/2763/2763 2765/2765/2765 
f 2766/2766/2766 2762/2762/2762 2761/2761/2761 
f 2767/2767/2767 2768/2768/2768 2769/2769/2769 
f 2769/2769/2769 2768/2768/2768 2770/2770/2770 
f 2771/2771/2771 2772/2772/2772 2773/2773/2773 
f 2773/2773/2773 2772/2772/2772 2774/2774/2774 
f 2775/2775/2775 2776/2776/2776 2777/2777/2777 
f 2777/2777/2777 2776/2776/2776 2778/2778/2778 
f 2779/2779/2779 2780/2780/2780 2781/2781/2781 
f 2781/2781/2781 2780/2780/2780 2782/2782/2782 
f 2783/2783/2783 2784/2784/2784 2785/2785/2785 
f 2785/2785/2785 2784/2784/2784 2786/2786/2786 
f 2787/2787/2787 2788/2788/2788 2789/2789/2789 
f 2790/2790/2790 2788/2788/2788 2787/2787/2787 
f 2791/2791/2791 2792/2792/2792 2793/2793/2793 
f 2793/2793/2793 2792/2792/2792 2794/2794/2794 
f 2795/2795/2795 2796/2796/2796 2797/2797/2797 
f 2798/2798/2798 2796/2796/2796 2795/2795/2795 
f 2799/2799/2799 2800/2800/2800 2801/2801/2801 
f 2802/2802/2802 2800/2800/2800 2799/2799/2799 
f 2803/2803/2803 2804/2804/2804 2805/2805/2805 
f 2803/2803/2803 2805/2805/2805 2806/2806/2806 
f 2807/2807/2807 2808/2808/2808 2809/2809/2809 
f 2807/2807/2807 2809/2809/2809 2810/2810/2810 
f 2811/2811/2811 2812/2812/2812 2813/2813/2813 
f 2811/2811/2811 2813/2813/2813 2814/2814/2814 
f 2815/2815/2815 2816/2816/2816 2817/2817/2817 
f 2818/2818/2818 2816/2816/2816 2815/2815/2815 
f 2819/2819/2819 2820/2820/2820 2821/2821/2821 
f 2821/2821/2821 2820/2820/2820 2822/2822/2822 
f 2823/2823/2823 2824/2824/2824 2825/2825/2825 
f 2825/2825/2825 2826/2826/2826 2823/2823/2823 
f 2827/2827/2827 2828/2828/2828 2829/2829/2829 
f 2829/2829/2829 2830/2830/2830 2827/2827/2827 
f 2831/2831/2831 2832/2832/2832 2833/2833/2833 
f 2833/2833/2833 2834/2834/2834 2831/2831/2831 
f 2835/2835/2835 2836/2836/2836 2837/2837/2837 
f 2837/2837/2837 2838/2838/2838 2835/2835/2835 
f 2839/2839/2839 2840/2840/2840 2841/2841/2841 
f 2842/2842/2842 2839/2839/2839 2841/2841/2841 
f 2843/2843/2843 2844/2844/2844 2845/2845/2845 
f 2846/2846/2846 2844/2844/2844 2843/2843/2843 
f 2847/2847/2847 2848/2848/2848 2849/2849/2849 
f 2849/2849/2849 2848/2848/2848 2850/2850/2850 
f 2851/2851/2851 2852/2852/2852 2853/2853/2853 
f 2853/2853/2853 2852/2852/2852 2854/2854/2854 
f 2855/2855/2855 2856/2856/2856 2857/2857/2857 
f 2857/2857/2857 2856/2856/2856 2858/2858/2858 
f 2859/2859/2859 2860/2860/2860 2861/2861/2861 
f 2859/2859/2859 2861/2861/2861 2862/2862/2862 
f 2863/2863/2863 2864/2864/2864 2865/2865/2865 
f 2865/2865/2865 2864/2864/2864 2866/2866/2866 
f 2867/2867/2867 2868/2868/2868 2869/2869/2869 
f 2869/2869/2869 2868/2868/2868 2870/2870/2870 
f 2871/2871/2871 2872/2872/2872 2873/2873/2873 
f 2874/2874/2874 2872/2872/2872 2871/2871/2871 
f 2875/2875/2875 2876/2876/2876 2877/2877/2877 
f 2877/2877/2877 2876/2876/2876 2878/2878/2878 
f 2879/2879/2879 2880/2880/2880 2881/2881/2881 
f 2881/2881/2881 2880/2880/2880 2882/2882/2882 
f 2883/2883/2883 2884/2884/2884 2885/2885/2885 
f 2885/2885/2885 2884/2884/2884 2886/2886/2886 
f 2887/2887/2887 2888/2888/2888 2889/2889/2889 
f 2889/2889/2889 2890/2890/2890 2887/2887/2887 
f 2888/2888/2888 2887/2887/2887 2891/2891/2891 
f 2887/2887/2887 2890/2890/2890 2892/2892/2892 
f 2893/2893/2893 2888/2888/2888 2891/2891/2891 
f 2892/2892/2892 2890/2890/2890 2894/2894/2894 
f 2895/2895/2895 2888/2888/2888 2893/2893/2893 
f 2892/2892/2892 2894/2894/2894 2896/2896/2896 
f 2896/2896/2896 2894/2894/2894 2897/2897/2897 
f 2896/2896/2896 2897/2897/2897 2898/2898/2898 
f 2895/2895/2895 2893/2893/2893 2899/2899/2899 
f 2895/2895/2895 2899/2899/2899 2900/2900/2900 
f 2899/2899/2899 2901/2901/2901 2900/2900/2900 
f 2900/2900/2900 2901/2901/2901 2902/2902/2902 
f 2901/2901/2901 2903/2903/2903 2902/2902/2902 
f 2901/2901/2901 2904/2904/2904 2903/2903/2903 
f 2904/2904/2904 2901/2901/2901 2905/2905/2905 
f 2903/2903/2903 2904/2904/2904 2906/2906/2906 
f 2907/2907/2907 2903/2903/2903 2906/2906/2906 
f 2907/2907/2907 2906/2906/2906 2908/2908/2908 
f 2907/2907/2907 2908/2908/2908 2909/2909/2909 
f 2909/2909/2909 2908/2908/2908 2910/2910/2910 
f 2909/2909/2909 2910/2910/2910 2911/2911/2911 
f 2911/2911/2911 2910/2910/2910 2912/2912/2912 
f 2913/2913/2913 2912/2912/2912 2910/2910/2910 
f 2912/2912/2912 2913/2913/2913 2914/2914/2914 
f 2915/2915/2915 2912/2912/2912 2914/2914/2914 
f 2915/2915/2915 2914/2914/2914 2916/2916/2916 
f 2915/2915/2915 2916/2916/2916 2917/2917/2917 
f 2917/2917/2917 2916/2916/2916 2918/2918/2918 
f 2917/2917/2917 2918/2918/2918 2919/2919/2919 
f 2919/2919/2919 2918/2918/2918 2920/2920/2920 
f 2920/2920/2920 2918/2918/2918 2921/2921/2921 
f 2922/2922/2922 2923/2923/2923 2924/2924/2924 
f 2922/2922/2922 2925/2925/2925 2923/2923/2923 
f 2926/2926/2926 2924/2924/2924 2923/2923/2923 
f 2927/2927/2927 2925/2925/2925 2922/2922/2922 
f 2928/2928/2928 2924/2924/2924 2926/2926/2926 
f 2927/2927/2927 2929/2929/2929 2925/2925/2925 
f 2930/2930/2930 2928/2928/2928 2926/2926/2926 
f 2927/2927/2927 2931/2931/2931 2929/2929/2929 
f 2930/2930/2930 2926/2926/2926 2932/2932/2932 
f 2927/2927/2927 2933/2933/2933 2931/2931/2931 
f 2931/2931/2931 2933/2933/2933 2934/2934/2934 
f 2931/2931/2931 2934/2934/2934 2935/2935/2935 
f 2930/2930/2930 2932/2932/2932 2936/2936/2936 
f 2930/2930/2930 2936/2936/2936 2937/2937/2937 
f 2936/2936/2936 2938/2938/2938 2937/2937/2937 
f 2938/2938/2938 2939/2939/2939 2937/2937/2937 
f 2940/2940/2940 2939/2939/2939 2938/2938/2938 
f 2941/2941/2941 2939/2939/2939 2940/2940/2940 
f 2942/2942/2942 2941/2941/2941 2940/2940/2940 
f 2942/2942/2942 2940/2940/2940 2943/2943/2943 
f 2942/2942/2942 2943/2943/2943 2944/2944/2944 
f 2942/2942/2942 2944/2944/2944 2945/2945/2945 
f 2944/2944/2944 2946/2946/2946 2945/2945/2945 
f 2945/2945/2945 2946/2946/2946 2947/2947/2947 
f 2948/2948/2948 2947/2947/2947 2946/2946/2946 
f 2948/2948/2948 2949/2949/2949 2947/2947/2947 
f 2950/2950/2950 2949/2949/2949 2948/2948/2948 
f 2950/2950/2950 2948/2948/2948 2951/2951/2951 
f 2950/2950/2950 2951/2951/2951 2952/2952/2952 
f 2951/2951/2951 2953/2953/2953 2952/2952/2952 
f 2953/2953/2953 2954/2954/2954 2952/2952/2952 
f 2954/2954/2954 2953/2953/2953 2955/2955/2955 
f 2956/2956/2956 2954/2954/2954 2955/2955/2955 
f 2956/2956/2956 2955/2955/2955 2957/2957/2957 
f 2956/2956/2956 2957/2957/2957 2958/2958/2958 
f 2957/2957/2957 2959/2959/2959 2958/2958/2958 
f 2960/2960/2960 2959/2959/2959 2957/2957/2957 
f 2960/2960/2960 2961/2961/2961 2959/2959/2959 
f 2959/2959/2959 2961/2961/2961 2962/2962/2962 
f 2963/2963/2963 2962/2962/2962 2964/2964/2964 
f 2963/2963/2963 2964/2964/2964 2965/2965/2965 
f 2966/2966/2966 2965/2965/2965 2964/2964/2964 
f 2965/2965/2965 2966/2966/2966 2967/2967/2967 
f 2965/2965/2965 2967/2967/2967 2968/2968/2968 
f 2966/2966/2966 2969/2969/2969 2967/2967/2967 
f 2969/2969/2969 2966/2966/2966 2970/2970/2970 
f 2970/2970/2970 2971/2971/2971 2969/2969/2969 
f 2972/2972/2972 2971/2971/2971 2970/2970/2970 
f 2969/2969/2969 2971/2971/2971 2973/2973/2973 
f 2971/2971/2971 2974/2974/2974 2973/2973/2973 
f 2973/2973/2973 2974/2974/2974 2975/2975/2975 
f 2975/2975/2975 2974/2974/2974 2976/2976/2976 
f 2976/2976/2976 2977/2977/2977 2975/2975/2975 
f 2977/2977/2977 2976/2976/2976 2978/2978/2978 
f 2978/2978/2978 2976/2976/2976 2979/2979/2979 
f 2979/2979/2979 2980/2980/2980 2978/2978/2978 
f 2978/2978/2978 2980/2980/2980 2981/2981/2981 
f 2980/2980/2980 2982/2982/2982 2981/2981/2981 
f 2981/2981/2981 2982/2982/2982 2983/2983/2983 
f 2983/2983/2983 2982/2982/2982 2984/2984/2984 
f 2983/2983/2983 2984/2984/2984 2985/2985/2985 
f 2986/2986/2986 2987/2987/2987 2984/2984/2984 
f 2988/2988/2988 2987/2987/2987 2986/2986/2986 
f 2989/2989/2989 2990/2990/2990 2987/2987/2987 
f 2991/2991/2991 2990/2990/2990 2989/2989/2989 
f 2992/2992/2992 2991/2991/2991 2989/2989/2989 
f 2992/2992/2992 2993/2993/2993 2991/2991/2991 
f 2992/2992/2992 2994/2994/2994 2993/2993/2993 
f 2994/2994/2994 2995/2995/2995 2993/2993/2993 
f 2996/2996/2996 2994/2994/2994 2992/2992/2992 
f 2997/2997/2997 2994/2994/2994 2996/2996/2996 
f 2996/2996/2996 2998/2998/2998 2997/2997/2997 
f 2999/2999/2999 2998/2998/2998 2996/2996/2996 
f 3000/3000/3000 2998/2998/2998 2999/2999/2999 
f 3001/3001/3001 2998/2998/2998 3000/3000/3000 
f 3002/3002/3002 3003/3003/3003 3004/3004/3004 
f 3005/3005/3005 3003/3003/3003 3002/3002/3002 
f 3003/3003/3003 3006/3006/3006 3007/3007/3007 
f 3008/3008/3008 3006/3006/3006 3003/3003/3003 
f 3006/3006/3006 3008/3008/3008 3009/3009/3009 
f 3010/3010/3010 3006/3006/3006 3009/3009/3009 
f 3010/3010/3010 3009/3009/3009 3011/3011/3011 
f 3011/3011/3011 3009/3009/3009 3012/3012/3012 
f 3012/3012/3012 3013/3013/3013 3011/3011/3011 
f 3014/3014/3014 3013/3013/3013 3012/3012/3012 
f 3013/3013/3013 3014/3014/3014 3015/3015/3015 
f 3015/3015/3015 3014/3014/3014 3016/3016/3016 
f 3015/3015/3015 3016/3016/3016 3017/3017/3017 
f 3017/3017/3017 3016/3016/3016 3018/3018/3018 
f 3017/3017/3017 3019/3019/3019 3020/3020/3020 
f 3020/3020/3020 3019/3019/3019 3021/3021/3021 
f 3022/3022/3022 3023/3023/3023 3024/3024/3024 
f 3025/3025/3025 3022/3022/3022 3024/3024/3024 
f 3024/3024/3024 3026/3026/3026 3025/3025/3025 
f 3026/3026/3026 3027/3027/3027 3025/3025/3025 
f 3027/3027/3027 3026/3026/3026 3028/3028/3028 
f 3028/3028/3028 3029/3029/3029 3027/3027/3027 
f 3030/3030/3030 3023/3023/3023 3029/3029/3029 
f 3030/3030/3030 3029/3029/3029 3028/3028/3028 
f 3031/3031/3031 3032/3032/3032 3033/3033/3033 
f 3034/3034/3034 3032/3032/3032 3031/3031/3031 
f 3031/3031/3031 3035/3035/3035 3034/3034/3034 
f 3035/3035/3035 3031/3031/3031 3036/3036/3036 
f 3035/3035/3035 3036/3036/3036 3037/3037/3037 
f 3037/3037/3037 3036/3036/3036 3038/3038/3038 
f 3038/3038/3038 3039/3039/3039 3037/3037/3037 
f 3040/3040/3040 3039/3039/3039 3038/3038/3038 
f 3040/3040/3040 3041/3041/3041 3039/3039/3039 
f 3039/3039/3039 3041/3041/3041 3042/3042/3042 
f 3041/3041/3041 3043/3043/3043 3042/3042/3042 
f 3044/3044/3044 3043/3043/3043 3041/3041/3041 
f 3042/3042/3042 3043/3043/3043 3045/3045/3045 
f 3045/3045/3045 3043/3043/3043 3046/3046/3046 
f 3045/3045/3045 3046/3046/3046 3047/3047/3047 
f 3047/3047/3047 3046/3046/3046 3048/3048/3048 
f 3048/3048/3048 3049/3049/3049 3047/3047/3047 
f 3050/3050/3050 3049/3049/3049 3048/3048/3048 
f 3051/3051/3051 3052/3052/3052 3053/3053/3053 
f 3051/3051/3051 3054/3054/3054 3052/3052/3052 
f 3051/3051/3051 3053/3053/3053 3055/3055/3055 
f 3055/3055/3055 3053/3053/3053 3056/3056/3056 
f 3054/3054/3054 3051/3051/3051 3057/3057/3057 
f 3055/3055/3055 3056/3056/3056 3058/3058/3058 
f 3054/3054/3054 3057/3057/3057 3059/3059/3059 
f 3059/3059/3059 3057/3057/3057 3060/3060/3060 
f 3059/3059/3059 3060/3060/3060 3061/3061/3061 
f 3058/3058/3058 3061/3061/3061 3062/3062/3062 
f 3059/3059/3059 3061/3061/3061 3063/3063/3063 
f 3063/3063/3063 3061/3061/3061 3058/3058/3058 
f 3064/3064/3064 3065/3065/3065 3066/3066/3066 
f 3064/3064/3064 3066/3066/3066 3067/3067/3067 
f 3068/3068/3068 3069/3069/3069 3070/3070/3070 
f 3068/3068/3068 3070/3070/3070 3071/3071/3071 
f 3072/3072/3072 3073/3073/3073 3074/3074/3074 
f 3072/3072/3072 3074/3074/3074 3075/3075/3075 
f 3076/3076/3076 3077/3077/3077 3078/3078/3078 
f 3076/3076/3076 3079/3079/3079 3077/3077/3077 
f 3080/3080/3080 3081/3081/3081 3082/3082/3082 
f 3080/3080/3080 3082/3082/3082 3083/3083/3083 
f 3084/3084/3084 3085/3085/3085 3086/3086/3086 
f 3087/3087/3087 3085/3085/3085 3084/3084/3084 
f 3084/3084/3084 3086/3086/3086 3088/3088/3088 
f 3088/3088/3088 3086/3086/3086 3089/3089/3089 
f 3090/3090/3090 3091/3091/3091 3092/3092/3092 
f 3091/3091/3091 3090/3090/3090 3093/3093/3093 
f 3094/3094/3094 3095/3095/3095 3096/3096/3096 
f 3094/3094/3094 3096/3096/3096 3097/3097/3097 
f 3097/3097/3097 3096/3096/3096 3098/3098/3098 
f 3097/3097/3097 3098/3098/3098 3099/3099/3099 
f 3100/3100/3100 3101/3101/3101 3102/3102/3102 
f 3100/3100/3100 3102/3102/3102 3103/3103/3103 
f 3104/3104/3104 3105/3105/3105 3106/3106/3106 
f 3107/3107/3107 3105/3105/3105 3104/3104/3104 
f 3108/3108/3108 3109/3109/3109 3110/3110/3110 
f 3110/3110/3110 3109/3109/3109 3111/3111/3111 
f 3112/3112/3112 3113/3113/3113 3114/3114/3114 
f 3112/3112/3112 3114/3114/3114 3115/3115/3115 
f 3116/3116/3116 3117/3117/3117 3118/3118/3118 
f 3118/3118/3118 3117/3117/3117 3119/3119/3119 
f 3120/3120/3120 3121/3121/3121 3122/3122/3122 
f 3120/3120/3120 3122/3122/3122 3123/3123/3123 
f 3124/3124/3124 3125/3125/3125 3126/3126/3126 
f 3124/3124/3124 3126/3126/3126 3127/3127/3127 
f 3128/3128/3128 3129/3129/3129 3130/3130/3130 
f 3129/3129/3129 3128/3128/3128 3131/3131/3131 
f 3132/3132/3132 3133/3133/3133 3134/3134/3134 
f 3133/3133/3133 3132/3132/3132 3135/3135/3135 
f 3136/3136/3136 3137/3137/3137 3138/3138/3138 
f 3137/3137/3137 3139/3139/3139 3138/3138/3138 
f 3138/3138/3138 3140/3140/3140 3136/3136/3136 
f 3137/3137/3137 3136/3136/3136 3141/3141/3141 
f 3142/3142/3142 3143/3143/3143 3144/3144/3144 
f 3143/3143/3143 3142/3142/3142 3145/3145/3145 
f 3146/3146/3146 3147/3147/3147 3148/3148/3148 
f 3147/3147/3147 3146/3146/3146 3149/3149/3149 
f 3150/3150/3150 3151/3151/3151 3152/3152/3152 
f 3151/3151/3151 3150/3150/3150 3153/3153/3153 
f 3154/3154/3154 3151/3151/3151 3153/3153/3153 
f 3154/3154/3154 3155/3155/3155 3151/3151/3151 
f 3154/3154/3154 3156/3156/3156 3155/3155/3155 
f 3156/3156/3156 3157/3157/3157 3155/3155/3155 
f 3158/3158/3158 3159/3159/3159 3160/3160/3160 
f 3160/3160/3160 3159/3159/3159 3161/3161/3161 
f 3162/3162/3162 3163/3163/3163 3164/3164/3164 
f 3165/3165/3165 3163/3163/3163 3162/3162/3162 
f 3166/3166/3166 3167/3167/3167 3168/3168/3168 
f 3166/3166/3166 3168/3168/3168 3169/3169/3169 
f 3170/3170/3170 3171/3171/3171 3172/3172/3172 
f 3170/3170/3170 3173/3173/3173 3171/3171/3171 
f 3174/3174/3174 3175/3175/3175 3176/3176/3176 
f 3174/3174/3174 3177/3177/3177 3175/3175/3175 
f 3178/3178/3178 3179/3179/3179 3180/3180/3180 
f 3180/3180/3180 3179/3179/3179 3181/3181/3181 
f 3182/3182/3182 3183/3183/3183 3184/3184/3184 
f 3183/3183/3183 3182/3182/3182 3185/3185/3185 
f 3186/3186/3186 3187/3187/3187 3188/3188/3188 
f 3187/3187/3187 3186/3186/3186 3189/3189/3189 
f 3190/3190/3190 3191/3191/3191 3192/3192/3192 
f 3193/3193/3193 3191/3191/3191 3190/3190/3190 
f 3194/3194/3194 3195/3195/3195 3196/3196/3196 
f 3194/3194/3194 3197/3197/3197 3195/3195/3195 
f 3198/3198/3198 3199/3199/3199 3200/3200/3200 
f 3201/3201/3201 3199/3199/3199 3198/3198/3198 
f 3198/3198/3198 3202/3202/3202 3201/3201/3201 
f 3202/3202/3202 3198/3198/3198 3203/3203/3203 
f 3204/3204/3204 3205/3205/3205 3206/3206/3206 
f 3204/3204/3204 3206/3206/3206 3207/3207/3207 
f 3208/3208/3208 3209/3209/3209 3210/3210/3210 
f 3209/3209/3209 3208/3208/3208 3211/3211/3211 
f 3212/3212/3212 3211/3211/3211 3208/3208/3208 
f 3211/3211/3211 3212/3212/3212 3213/3213/3213 
f 3214/3214/3214 3215/3215/3215 3216/3216/3216 
f 3215/3215/3215 3214/3214/3214 3217/3217/3217 
f 3218/3218/3218 3219/3219/3219 3220/3220/3220 
f 3221/3221/3221 3218/3218/3218 3220/3220/3220 
f 3222/3222/3222 3223/3223/3223 3224/3224/3224 
f 3222/3222/3222 3225/3225/3225 3223/3223/3223 
f 3225/3225/3225 3226/3226/3226 3223/3223/3223 
f 3222/3222/3222 3227/3227/3227 3225/3225/3225 
f 3225/3225/3225 3227/3227/3227 3228/3228/3228 
f 3229/3229/3229 3230/3230/3230 3231/3231/3231 
f 3230/3230/3230 3229/3229/3229 3232/3232/3232 
f 3233/3233/3233 3234/3234/3234 3235/3235/3235 
f 3234/3234/3234 3233/3233/3233 3236/3236/3236 
f 3237/3237/3237 3238/3238/3238 3239/3239/3239 
f 3240/3240/3240 3238/3238/3238 3237/3237/3237 
f 3241/3241/3241 3242/3242/3242 3243/3243/3243 
f 3242/3242/3242 3241/3241/3241 3244/3244/3244 
f 3245/3245/3245 3246/3246/3246 3247/3247/3247 
f 3248/3248/3248 3245/3245/3245 3247/3247/3247 
f 3249/3249/3249 3250/3250/3250 3251/3251/3251 
f 3250/3250/3250 3249/3249/3249 3252/3252/3252 
f 3253/3253/3253 3254/3254/3254 3255/3255/3255 
f 3253/3253/3253 3255/3255/3255 3256/3256/3256 
f 3256/3256/3256 3257/3257/3257 3258/3258/3258 
f 3259/3259/3259 3256/3256/3256 3258/3258/3258 
f 3258/3258/3258 3260/3260/3260 3259/3259/3259 
f 3260/3260/3260 3258/3258/3258 3261/3261/3261 
f 3262/3262/3262 3263/3263/3263 3264/3264/3264 
f 3262/3262/3262 3264/3264/3264 3265/3265/3265 
f 3265/3265/3265 3266/3266/3266 3267/3267/3267 
f 3268/3268/3268 3265/3265/3265 3267/3267/3267 
f 3267/3267/3267 3269/3269/3269 3268/3268/3268 
f 3267/3267/3267 3270/3270/3270 3269/3269/3269 
f 3271/3271/3271 3272/3272/3272 3273/3273/3273 
f 3272/3272/3272 3274/3274/3274 3273/3273/3273 
f 3275/3275/3275 3276/3276/3276 3277/3277/3277 
f 3276/3276/3276 3278/3278/3278 3277/3277/3277 
f 3279/3279/3279 3280/3280/3280 3281/3281/3281 
f 3279/3279/3279 3282/3282/3282 3280/3280/3280 
f 3283/3283/3283 3284/3284/3284 3285/3285/3285 
f 3285/3285/3285 3284/3284/3284 3286/3286/3286 

g Union51

v 118 13 494.5 
v 118 11 494.5 
v 118 11 479.5 
v 118 13 479.5 
v 115 11 494.5 
v 109 9 494.5 
v 112 7 494.5 
v 106 5 494.5 
v 115 11 479.5 
v 112 7 479.5 
v 109 9 479.5 
v 106 5 479.5 
v 115 9 479.5 
v 115 11 494.5 
v 115 9 494.5 
v 115 11 479.5 
v 112 9 479.5 
v 112 9 494.5 
v 112 7 479.5 
v 112 7 494.5 
v 109 5 479.5 
v 109 7 494.5 
v 109 5 494.5 
v 109 7 479.5 
v 106 5 479.5 
v 106 5 494.5 
v 106 3 479.5 
v 106 3 494.5 
v 103 1 479.5 
v 103 3 494.5 
v 103 1 494.5 
v 103 3 479.5 
v 118 13 494.5 
v 118 13 479.5 
v 100 1 494.5 
v 100 3 479.5 
v 115 13 494.5 
v 115 11 494.5 
v 109 9 494.5 
v 109 7 494.5 
v 106 5 494.5 
v 103 3 494.5 
v 115 13 479.5 
v 115 11 479.5 
v 109 7 479.5 
v 109 9 479.5 
v 106 5 479.5 
v 103 3 479.5 
v 115 13 479.5 
v 118 13 494.5 
v 118 13 479.5 
v 115 13 494.5 
v 115 11 494.5 
v 112 11 479.5 
v 112 11 494.5 
v 115 11 479.5 
v 109 9 494.5 
v 112 9 494.5 
v 109 9 479.5 
v 112 9 479.5 
v 109 7 479.5 
v 106 7 479.5 
v 109 7 494.5 
v 106 7 494.5 
v 103 5 494.5 
v 106 5 494.5 
v 103 5 479.5 
v 106 5 479.5 
v 103 3 494.5 
v 100 3 479.5 
v 100 3 494.5 
v 103 3 479.5 
v 118 13 494.5 
v 118 11 494.5 
v 118 13 494.5 
v 115 13 494.5 
v 118 11 494.5 
v 115 11 494.5 
v 112 11 494.5 
v 115 9 494.5 
v 112 9 494.5 
v 109 9 494.5 
v 112 7 494.5 
v 109 7 494.5 
v 106 7 494.5 
v 109 5 494.5 
v 106 5 494.5 
v 103 5 494.5 
v 106 3 494.5 
v 103 3 494.5 
v 100 3 494.5 
v 103 1 494.5 
v 100 1 494.5 
v 100 1 479.5 
v 100 1 494.5 
v 100 3 479.5 
v 100 3 494.5 
v 115 13 494.5 
v 115 11 494.5 
v 109 9 494.5 
v 109 7 494.5 
v 106 5 494.5 
v 115 13 479.5 
v 115 11 479.5 
v 109 7 479.5 
v 109 9 479.5 
v 106 5 479.5 
v 103 5 494.5 
v 103 5 479.5 
v 103 3 494.5 
v 103 3 479.5 
v 106 7 479.5 
v 106 5 494.5 
v 106 7 494.5 
v 106 5 479.5 
v 109 7 479.5 
v 109 7 494.5 
v 109 9 479.5 
v 109 9 494.5 
v 112 11 479.5 
v 112 9 494.5 
v 112 11 494.5 
v 112 9 479.5 
v 115 11 479.5 
v 115 11 494.5 
v 115 13 479.5 
v 115 13 494.5 
v 118 11 494.5 
v 118 11 479.5 
v 100 1 494.5 
v 100 3 479.5 
v 115 11 494.5 
v 109 9 494.5 
v 112 7 494.5 
v 109 7 494.5 
v 106 5 494.5 
v 103 3 494.5 
v 115 11 479.5 
v 112 7 479.5 
v 109 7 479.5 
v 109 9 479.5 
v 106 5 479.5 
v 103 3 479.5 
v 103 1 479.5 
v 103 1 494.5 
v 100 1 494.5 
v 100 1 479.5 
v 106 3 479.5 
v 103 3 494.5 
v 103 3 479.5 
v 106 3 494.5 
v 106 5 494.5 
v 109 5 479.5 
v 109 5 494.5 
v 106 5 479.5 
v 112 7 479.5 
v 112 7 494.5 
v 109 7 494.5 
v 109 7 479.5 
v 112 9 494.5 
v 115 9 479.5 
v 115 9 494.5 
v 112 9 479.5 
v 118 11 479.5 
v 115 11 494.5 
v 115 11 479.5 
v 118 11 494.5 
v 118 11 479.5 
v 118 13 479.5 
v 115 13 479.5 
v 118 13 479.5 
v 115 11 479.5 
v 118 11 479.5 
v 112 11 479.5 
v 112 9 479.5 
v 115 9 479.5 
v 112 7 479.5 
v 109 7 479.5 
v 109 9 479.5 
v 106 7 479.5 
v 106 5 479.5 
v 109 5 479.5 
v 106 3 479.5 
v 103 3 479.5 
v 103 5 479.5 
v 100 1 479.5 
v 100 3 479.5 
v 103 1 479.5 

vn 1 0 0 
vn 1 0 0 
vn 1 0 0 
vn 1 0 0 
vn 0 0 1 
vn 0 0 1 
vn 0 0 1 
vn 0 0 1 
vn 0 0 -1 
vn 0 0 -1 
vn 0 0 -1 
vn 0 0 -1 
vn 1 0 0 
vn 1 0 0 
vn 1 0 0 
vn 1 0 0 
vn 1 0 0 
vn 1 0 0 
vn 1 0 0 
vn 1 0 0 
vn 1 0 0 
vn 1 0 0 
vn 1 0 0 
vn 1 0 0 
vn 1 0 0 
vn 1 0 0 
vn 1 0 0 
vn 1 0 0 
vn 1 0 0 
vn 1 0 0 
vn 1 0 0 
vn 1 0 0 
vn 1 0 0 
vn 1 0 0 
vn -1 0 0 
vn -1 0 0 
vn 0 0 1 
vn 0 0 1 
vn 0 0 1 
vn 0 0 1 
vn 0 0 1 
vn 0 0 1 
vn 0 0 -1 
vn 0 0 -1 
vn 0 0 -1 
vn 0 0 -1 
vn 0 0 -1 
vn 0 0 -1 
vn 0 1 0 
vn 0 1 0 
vn 0 1 0 
vn 0 1 0 
vn 0 1 0 
vn 0 1 0 
vn 0 1 0 
vn 0 1 0 
vn 0 1 0 
vn 0 1 0 
vn 0 1 0 
vn 0 1 0 
vn 0 1 0 
vn 0 1 0 
vn 0 1 0 
vn 0 1 0 
vn 0 1 0 
vn 0 1 0 
vn 0 1 0 
vn 0 1 0 
vn 0 1 0 
vn 0 1 0 
vn 0 1 0 
vn 0 1 0 
vn 1 0 0 
vn 1 0 0 
vn 0 0 1 
vn 0 0 1 
vn 0 0 1 
vn 0 0 1 
vn 0 0 1 
vn 0 0 1 
vn 0 0 1 
vn 0 0 1 
vn 0 0 1 
vn 0 0 1 
vn 0 0 1 
vn 0 0 1 
vn 0 0 1 
vn 0 0 1 
vn 0 0 1 
vn 0 0 1 
vn 0 0 1 
vn 0 0 1 
vn 0 0 1 
vn -1 0 0 
vn -1 0 0 
vn -1 0 0 
vn -1 0 0 
vn 0 0 1 
vn 0 0 1 
vn 0 0 1 
vn 0 0 1 
vn 0 0 1 
vn 0 0 -1 
vn 0 0 -1 
vn 0 0 -1 
vn 0 0 -1 
vn 0 0 -1 
vn -1 0 0 
vn -1 0 0 
vn -1 0 0 
vn -1 0 0 
vn -1 0 0 
vn -1 0 0 
vn -1 0 0 
vn -1 0 0 
vn -1 0 0 
vn -1 0 0 
vn -1 0 0 
vn -1 0 0 
vn -1 0 0 
vn -1 0 0 
vn -1 0 0 
vn -1 0 0 
vn -1 0 0 
vn -1 0 0 
vn -1 0 0 
vn -1 0 0 
vn 1 0 0 
vn 1 0 0 
vn -1 0 0 
vn -1 0 0 
vn 0 0 1 
vn 0 0 1 
vn 0 0 1 
vn 0 0 1 
vn 0 0 1 
vn 0 0 1 
vn 0 0 -1 
vn 0 0 -1 
vn 0 0 -1 
vn 0 0 -1 
vn 0 0 -1 
vn 0 0 -1 
vn 0 -1 0 
vn 0 -1 0 
vn 0 -1 0 
vn 0 -1 0 
vn 0 -1 0 
vn 0 -1 0 
vn 0 -1 0 
vn 0 -1 0 
vn 0 -1 0 
vn 0 -1 0 
vn 0 -1 0 
vn 0 -1 0 
vn 0 -1 0 
vn 0 -1 0 
vn 0 -1 0 
vn 0 -1 0 
vn 0 -1 0 
vn 0 -1 0 
vn 0 -1 0 
vn 0 -1 0 
vn 0 -1 0 
vn 0 -1 0 
vn 0 -1 0 
vn 0 -1 0 
vn 1 0 0 
vn 1 0 0 
vn 0 0 -1 
vn 0 0 -1 
vn 0 0 -1 
vn 0 0 -1 
vn 0 0 -1 
vn 0 0 -1 
vn 0 0 -1 
vn 0 0 -1 
vn 0 0 -1 
vn 0 0 -1 
vn 0 0 -1 
vn 0 0 -1 
vn 0 0 -1 
vn 0 0 -1 
vn 0 0 -1 
vn 0 0 -1 
vn 0 0 -1 
vn 0 0 -1 
vn 0 0 -1 

vt 45.0625 -36.25 
vt 45.0625 -36.5 
vt 46.9375 -36.5 
vt 46.9375 -36.25 
vt 45.0625 -36.5 
vt 45.0625 -36.75 
vt 45.0625 -37 
vt 45.0625 -37.25 
vt 46.9375 -36.5 
vt 46.9375 -37 
vt 46.9375 -36.75 
vt 46.9375 -37.25 
vt 46.9375 -36.75 
vt 45.0625 -36.5 
vt 45.0625 -36.75 
vt 46.9375 -36.5 
vt 46.9375 -36.75 
vt 45.0625 -36.75 
vt 46.9375 -37 
vt 45.0625 -37 
vt 46.9375 -37.25 
vt 45.0625 -37 
vt 45.0625 -37.25 
vt 46.9375 -37 
vt 46.9375 -37.25 
vt 45.0625 -37.25 
vt 46.9375 -37.5 
vt 45.0625 -37.5 
vt 46.9375 -37.75 
vt 45.0625 -37.5 
vt 45.0625 -37.75 
vt 46.9375 -37.5 
vt 44.875 -36.0625 
vt 44.875 -37.9375 
vt 47.125 -36.0625 
vt 47.125 -37.9375 
vt 45.25 -36.0625 
vt 45.25 -36.0625 
vt 46 -36.0625 
vt 46 -36.0625 
vt 46.375 -36.0625 
vt 46.75 -36.0625 
vt 45.25 -37.9375 
vt 45.25 -37.9375 
vt 46 -37.9375 
vt 46 -37.9375 
vt 46.375 -37.9375 
vt 46.75 -37.9375 
vt 45.25 -37.9375 
vt 44.875 -36.0625 
vt 44.875 -37.9375 
vt 45.25 -36.0625 
vt 45.25 -36.0625 
vt 45.625 -37.9375 
vt 45.625 -36.0625 
vt 45.25 -37.9375 
vt 46 -36.0625 
vt 45.625 -36.0625 
vt 46 -37.9375 
vt 45.625 -37.9375 
vt 46 -37.9375 
vt 46.375 -37.9375 
vt 46 -36.0625 
vt 46.375 -36.0625 
vt 46.75 -36.0625 
vt 46.375 -36.0625 
vt 46.75 -37.9375 
vt 46.375 -37.9375 
vt 46.75 -36.0625 
vt 47.125 -37.9375 
vt 47.125 -36.0625 
vt 46.75 -37.9375 
vt 47.125 -36.25 
vt 47.125 -36.5 
vt 47.125 -36.25 
vt 46.75 -36.25 
vt 47.125 -36.5 
vt 46.75 -36.5 
vt 46.375 -36.5 
vt 46.75 -36.75 
vt 46.375 -36.75 
vt 46 -36.75 
vt 46.375 -37 
vt 46 -37 
vt 45.625 -37 
vt 46 -37.25 
vt 45.625 -37.25 
vt 45.25 -37.25 
vt 45.625 -37.5 
vt 45.25 -37.5 
vt 44.875 -37.5 
vt 45.25 -37.75 
vt 44.875 -37.75 
vt 45.0625 -37.75 
vt 46.9375 -37.75 
vt 45.0625 -37.5 
vt 46.9375 -37.5 
vt 46.9375 -36.25 
vt 46.9375 -36.5 
vt 46.9375 -36.75 
vt 46.9375 -37 
vt 46.9375 -37.25 
vt 45.0625 -36.25 
vt 45.0625 -36.5 
vt 45.0625 -37 
vt 45.0625 -36.75 
vt 45.0625 -37.25 
vt 46.9375 -37.25 
vt 45.0625 -37.25 
vt 46.9375 -37.5 
vt 45.0625 -37.5 
vt 45.0625 -37 
vt 46.9375 -37.25 
vt 46.9375 -37 
vt 45.0625 -37.25 
vt 45.0625 -37 
vt 46.9375 -37 
vt 45.0625 -36.75 
vt 46.9375 -36.75 
vt 45.0625 -36.5 
vt 46.9375 -36.75 
vt 46.9375 -36.5 
vt 45.0625 -36.75 
vt 45.0625 -36.5 
vt 46.9375 -36.5 
vt 45.0625 -36.25 
vt 46.9375 -36.25 
vt 47.125 -36.0625 
vt 47.125 -37.9375 
vt 44.875 -36.0625 
vt 44.875 -37.9375 
vt 46.75 -36.0625 
vt 46 -36.0625 
vt 46.375 -36.0625 
vt 46 -36.0625 
vt 45.625 -36.0625 
vt 45.25 -36.0625 
vt 46.75 -37.9375 
vt 46.375 -37.9375 
vt 46 -37.9375 
vt 46 -37.9375 
vt 45.625 -37.9375 
vt 45.25 -37.9375 
vt 45.25 -37.9375 
vt 45.25 -36.0625 
vt 44.875 -36.0625 
vt 44.875 -37.9375 
vt 45.625 -37.9375 
vt 45.25 -36.0625 
vt 45.25 -37.9375 
vt 45.625 -36.0625 
vt 45.625 -36.0625 
vt 46 -37.9375 
vt 46 -36.0625 
vt 45.625 -37.9375 
vt 46.375 -37.9375 
vt 46.375 -36.0625 
vt 46 -36.0625 
vt 46 -37.9375 
vt 46.375 -36.0625 
vt 46.75 -37.9375 
vt 46.75 -36.0625 
vt 46.375 -37.9375 
vt 47.125 -37.9375 
vt 46.75 -36.0625 
vt 46.75 -37.9375 
vt 47.125 -36.0625 
vt 44.875 -36.5 
vt 44.875 -36.25 
vt 45.25 -36.25 
vt 44.875 -36.25 
vt 45.25 -36.5 
vt 44.875 -36.5 
vt 45.625 -36.5 
vt 45.625 -36.75 
vt 45.25 -36.75 
vt 45.625 -37 
vt 46 -37 
vt 46 -36.75 
vt 46.375 -37 
vt 46.375 -37.25 
vt 46 -37.25 
vt 46.375 -37.5 
vt 46.75 -37.5 
vt 46.75 -37.25 
vt 47.125 -37.75 
vt 47.125 -37.5 
vt 46.75 -37.75 

usemtl Union111Mtl

f 3287/3287/3287 3288/3288/3288 3289/3289/3289 
f 3287/3287/3287 3289/3289/3289 3290/3290/3290 
f 3299/3299/3299 3300/3300/3300 3301/3301/3301 
f 3300/3300/3300 3299/3299/3299 3302/3302/3302 
f 3303/3303/3303 3304/3304/3304 3305/3305/3305 
f 3305/3305/3305 3304/3304/3304 3306/3306/3306 
f 3307/3307/3307 3308/3308/3308 3309/3309/3309 
f 3308/3308/3308 3307/3307/3307 3310/3310/3310 
f 3311/3311/3311 3312/3312/3312 3313/3313/3313 
f 3312/3312/3312 3314/3314/3314 3313/3313/3313 
f 3315/3315/3315 3316/3316/3316 3317/3317/3317 
f 3316/3316/3316 3315/3315/3315 3318/3318/3318 
f 3335/3335/3335 3336/3336/3336 3337/3337/3337 
f 3338/3338/3338 3336/3336/3336 3335/3335/3335 
f 3339/3339/3339 3340/3340/3340 3341/3341/3341 
f 3340/3340/3340 3339/3339/3339 3342/3342/3342 
f 3343/3343/3343 3344/3344/3344 3345/3345/3345 
f 3345/3345/3345 3344/3344/3344 3346/3346/3346 
f 3347/3347/3347 3348/3348/3348 3349/3349/3349 
f 3349/3349/3349 3348/3348/3348 3350/3350/3350 
f 3351/3351/3351 3352/3352/3352 3353/3353/3353 
f 3353/3353/3353 3352/3352/3352 3354/3354/3354 
f 3355/3355/3355 3356/3356/3356 3357/3357/3357 
f 3356/3356/3356 3355/3355/3355 3358/3358/3358 
f 3361/3361/3361 3362/3362/3362 3363/3363/3363 
f 3363/3363/3363 3362/3362/3362 3364/3364/3364 
f 3364/3364/3364 3365/3365/3365 3366/3366/3366 
f 3367/3367/3367 3366/3366/3366 3365/3365/3365 
f 3367/3367/3367 3368/3368/3368 3369/3369/3369 
f 3370/3370/3370 3369/3369/3369 3368/3368/3368 
f 3370/3370/3370 3371/3371/3371 3372/3372/3372 
f 3373/3373/3373 3372/3372/3372 3371/3371/3371 
f 3373/3373/3373 3374/3374/3374 3375/3375/3375 
f 3375/3375/3375 3374/3374/3374 3376/3376/3376 
f 3376/3376/3376 3377/3377/3377 3378/3378/3378 
f 3378/3378/3378 3377/3377/3377 3379/3379/3379 
f 3380/3380/3380 3381/3381/3381 3382/3382/3382 
f 3383/3383/3383 3382/3382/3382 3381/3381/3381 
f 3394/3394/3394 3395/3395/3395 3396/3396/3396 
f 3397/3397/3397 3396/3396/3396 3395/3395/3395 
f 3398/3398/3398 3399/3399/3399 3400/3400/3400 
f 3399/3399/3399 3398/3398/3398 3401/3401/3401 
f 3402/3402/3402 3403/3403/3403 3404/3404/3404 
f 3404/3404/3404 3403/3403/3403 3405/3405/3405 
f 3406/3406/3406 3407/3407/3407 3408/3408/3408 
f 3407/3407/3407 3406/3406/3406 3409/3409/3409 
f 3410/3410/3410 3411/3411/3411 3412/3412/3412 
f 3413/3413/3413 3412/3412/3412 3411/3411/3411 
f 3430/3430/3430 3431/3431/3431 3432/3432/3432 
f 3430/3430/3430 3432/3432/3432 3433/3433/3433 
f 3434/3434/3434 3435/3435/3435 3436/3436/3436 
f 3434/3434/3434 3437/3437/3437 3435/3435/3435 
f 3438/3438/3438 3439/3439/3439 3440/3440/3440 
f 3441/3441/3441 3439/3439/3439 3438/3438/3438 
f 3442/3442/3442 3443/3443/3443 3444/3444/3444 
f 3442/3442/3442 3444/3444/3444 3445/3445/3445 
f 3446/3446/3446 3447/3447/3447 3448/3448/3448 
f 3447/3447/3447 3446/3446/3446 3449/3449/3449 
f 3450/3450/3450 3451/3451/3451 3452/3452/3452 
f 3450/3450/3450 3453/3453/3453 3451/3451/3451 
f 3456/3456/3456 3457/3457/3457 3458/3458/3458 
f 3457/3457/3457 3459/3459/3459 3458/3458/3458 
f 3460/3460/3460 3458/3458/3458 3461/3461/3461 
f 3462/3462/3462 3461/3461/3461 3458/3458/3458 
f 3463/3463/3463 3464/3464/3464 3461/3461/3461 
f 3465/3465/3465 3461/3461/3461 3464/3464/3464 
f 3466/3466/3466 3464/3464/3464 3467/3467/3467 
f 3468/3468/3468 3467/3467/3467 3464/3464/3464 
f 3467/3467/3467 3469/3469/3469 3470/3470/3470 
f 3471/3471/3471 3467/3467/3467 3470/3470/3470 
f 3470/3470/3470 3472/3472/3472 3473/3473/3473 
f 3474/3474/3474 3472/3472/3472 3470/3470/3470 

g Part51

v 128 15 479.5 
v 128 15 509.5 
v 128 13 479.5 
v 128 13 509.5 
v 128 15 479.5 
v 118 15 479.5 
v 128 15 509.5 
v 118 15 509.5 
v 128 15 509.5 
v 118 15 509.5 
v 128 13 509.5 
v 118 13 509.5 
v 118 15 509.5 
v 118 15 479.5 
v 118 13 509.5 
v 118 13 479.5 
v 128 13 509.5 
v 118 13 509.5 
v 128 13 479.5 
v 118 13 479.5 
v 118 15 479.5 
v 128 15 479.5 
v 118 13 479.5 
v 128 13 479.5 

vn 1 0 0 
vn 1 0 0 
vn 1 0 0 
vn 1 0 0 
vn 0 1 0 
vn 0 1 0 
vn 0 1 0 
vn 0 1 0 
vn 0 0 1 
vn 0 0 1 
vn 0 0 1 
vn 0 0 1 
vn -1 0 0 
vn -1 0 0 
vn -1 0 0 
vn -1 0 0 
vn 0 -1 0 
vn 0 -1 0 
vn 0 -1 0 
vn 0 -1 0 
vn 0 0 -1 
vn 0 0 -1 
vn 0 0 -1 
vn 0 0 -1 

vt 33.875 -22.875 
vt 30.125 -22.875 
vt 33.875 -23.125 
vt 30.125 -23.125 
vt 31.375 -24.875 
vt 32.625 -24.875 
vt 31.375 -21.125 
vt 32.625 -21.125 
vt 32.625 -22.875 
vt 31.375 -22.875 
vt 32.625 -23.125 
vt 31.375 -23.125 
vt 33.875 -22.875 
vt 30.125 -22.875 
vt 33.875 -23.125 
vt 30.125 -23.125 
vt 32.625 -21.125 
vt 31.375 -21.125 
vt 32.625 -24.875 
vt 31.375 -24.875 
vt 32.625 -22.875 
vt 31.375 -22.875 
vt 32.625 -23.125 
vt 31.375 -23.125 

usemtl Union111Mtl

f 3475/3475/3475 3476/3476/3476 3477/3477/3477 
f 3477/3477/3477 3476/3476/3476 3478/3478/3478 
f 3479/3479/3479 3480/3480/3480 3481/3481/3481 
f 3481/3481/3481 3480/3480/3480 3482/3482/3482 
f 3483/3483/3483 3484/3484/3484 3485/3485/3485 
f 3485/3485/3485 3484/3484/3484 3486/3486/3486 
f 3487/3487/3487 3488/3488/3488 3489/3489/3489 
f 3489/3489/3489 3488/3488/3488 3490/3490/3490 
f 3491/3491/3491 3492/3492/3492 3493/3493/3493 
f 3493/3493/3493 3492/3492/3492 3494/3494/3494 
f 3495/3495/3495 3496/3496/3496 3497/3497/3497 
f 3497/3497/3497 3496/3496/3496 3498/3498/3498 

g Part11

v 167 25 499.5 
v 167 25 509.5 
v 167 9.53674e-07 499.5 
v 167 9.53674e-07 509.5 
v 167 25 499.5 
v 157 25 499.5 
v 167 25 509.5 
v 157 25 509.5 
v 167 25 509.5 
v 157 25 509.5 
v 167 9.53674e-07 509.5 
v 157 9.53674e-07 509.5 
v 157 25 509.5 
v 157 25 499.5 
v 157 9.53674e-07 509.5 
v 157 9.53674e-07 499.5 
v 167 9.53674e-07 509.5 
v 157 9.53674e-07 509.5 
v 167 9.53674e-07 499.5 
v 157 9.53674e-07 499.5 
v 157 25 499.5 
v 167 25 499.5 
v 157 9.53674e-07 499.5 
v 167 9.53674e-07 499.5 

vn 1 0 0 
vn 1 0 0 
vn 1 0 0 
vn 1 0 0 
vn 0 1 0 
vn 0 1 0 
vn 0 1 0 
vn 0 1 0 
vn 0 0 1 
vn 0 0 1 
vn 0 0 1 
vn 0 0 1 
vn -1 0 0 
vn -1 0 0 
vn -1 0 0 
vn -1 0 0 
vn 0 -1 0 
vn 0 -1 0 
vn 0 -1 0 
vn 0 -1 0 
vn 0 0 -1 
vn 0 0 -1 
vn 0 0 -1 
vn 0 0 -1 

vt 62.625 -15.4375 
vt 61.375 -15.4375 
vt 62.625 -18.5625 
vt 61.375 -18.5625 
vt 61.375 -17.625 
vt 62.625 -17.625 
vt 61.375 -16.375 
vt 62.625 -16.375 
vt 62.625 -15.4375 
vt 61.375 -15.4375 
vt 62.625 -18.5625 
vt 61.375 -18.5625 
vt 62.625 -15.4375 
vt 61.375 -15.4375 
vt 62.625 -18.5625 
vt 61.375 -18.5625 
vt 62.625 -16.375 
vt 61.375 -16.375 
vt 62.625 -17.625 
vt 61.375 -17.625 
vt 62.625 -15.4375 
vt 61.375 -15.4375 
vt 62.625 -18.5625 
vt 61.375 -18.5625 

usemtl Union111Mtl

f 3499/3499/3499 3500/3500/3500 3501/3501/3501 
f 3501/3501/3501 3500/3500/3500 3502/3502/3502 
f 3503/3503/3503 3504/3504/3504 3505/3505/3505 
f 3505/3505/3505 3504/3504/3504 3506/3506/3506 
f 3507/3507/3507 3508/3508/3508 3509/3509/3509 
f 3509/3509/3509 3508/3508/3508 3510/3510/3510 
f 3511/3511/3511 3512/3512/3512 3513/3513/3513 
f 3513/3513/3513 3512/3512/3512 3514/3514/3514 
f 3515/3515/3515 3516/3516/3516 3517/3517/3517 
f 3517/3517/3517 3516/3516/3516 3518/3518/3518 
f 3519/3519/3519 3520/3520/3520 3521/3521/3521 
f 3521/3521/3521 3520/3520/3520 3522/3522/3522 

g Union81

v 230 8.99949 535.5 
v 230 8.99949 534.5 
v 230 9.99949 535.5 
v 230 9.99949 534.5 
v 230 -0.000512123 535.5 
v 230 -0.000512123 534.5 
v 230 1.99949 535.5 
v 230 1.99949 534.5 
v 218 20.9995 535.5 
v 218 9.99949 534.5 
v 218 20.9995 534.5 
v 218 9.99949 535.5 
v 218 8.99949 534.5 
v 218 8.99949 535.5 
v 218 1.99949 534.5 
v 218 1.99949 535.5 
v 217 20.9995 535.5 
v 218 20.9995 534.5 
v 217 20.9995 534.5 
v 218 20.9995 535.5 
v 218 9.99949 534.5 
v 230 9.99949 535.5 
v 230 9.99949 534.5 
v 218 9.99949 535.5 
v 217 9.99949 535.5 
v 206 9.99949 534.5 
v 206 9.99949 535.5 
v 217 9.99949 534.5 
v 218 1.99949 534.5 
v 230 1.99949 535.5 
v 230 1.99949 534.5 
v 218 1.99949 535.5 
v 217 1.99949 534.5 
v 206 1.99949 534.5 
v 217 1.99949 535.5 
v 206 1.99949 535.5 
v 218 8.99949 535.5 
v 217 20.9995 535.5 
v 218 1.99949 535.5 
v 218 9.99949 535.5 
v 218 20.9995 535.5 
v 230 8.99949 535.5 
v 230 9.99949 535.5 
v 217 9.99949 535.5 
v 217 8.99949 535.5 
v 206 9.99949 535.5 
v 206 8.99949 535.5 
v 217 1.99949 535.5 
v 230 -0.000512123 535.5 
v 230 1.99949 535.5 
v 206 -0.000512123 535.5 
v 206 1.99949 535.5 
v 206 9.99949 535.5 
v 206 9.99949 534.5 
v 206 8.99949 535.5 
v 206 8.99949 534.5 
v 206 -0.000512123 534.5 
v 206 -0.000512123 535.5 
v 206 1.99949 534.5 
v 206 1.99949 535.5 
v 217 20.9995 534.5 
v 217 9.99949 535.5 
v 217 20.9995 535.5 
v 217 9.99949 534.5 
v 217 8.99949 535.5 
v 217 8.99949 534.5 
v 217 1.99949 535.5 
v 217 1.99949 534.5 
v 230 -0.000512123 534.5 
v 230 -0.000512123 535.5 
v 206 -0.000512123 535.5 
v 206 -0.000512123 534.5 
v 230 8.99949 535.5 
v 218 8.99949 535.5 
v 230 8.99949 534.5 
v 218 8.99949 534.5 
v 217 8.99949 534.5 
v 206 8.99949 535.5 
v 206 8.99949 534.5 
v 217 8.99949 535.5 
v 218 9.99949 534.5 
v 217 1.99949 534.5 
v 218 20.9995 534.5 
v 218 8.99949 534.5 
v 230 9.99949 534.5 
v 230 8.99949 534.5 
v 218 1.99949 534.5 
v 217 8.99949 534.5 
v 217 9.99949 534.5 
v 217 20.9995 534.5 
v 206 8.99949 534.5 
v 206 9.99949 534.5 
v 206 -0.000512123 534.5 
v 206 1.99949 534.5 
v 230 -0.000512123 534.5 
v 230 1.99949 534.5 

vn 1 0 0 
vn 1 0 0 
vn 1 0 0 
vn 1 0 0 
vn 1 0 0 
vn 1 0 0 
vn 1 0 0 
vn 1 0 0 
vn 1 0 0 
vn 1 0 0 
vn 1 0 0 
vn 1 0 0 
vn 1 0 0 
vn 1 0 0 
vn 1 0 0 
vn 1 0 0 
vn 0 1 0 
vn 0 1 0 
vn 0 1 0 
vn 0 1 0 
vn 0 1 0 
vn 0 1 0 
vn 0 1 0 
vn 0 1 0 
vn 0 1 0 
vn 0 1 0 
vn 0 1 0 
vn 0 1 0 
vn 0 1 0 
vn 0 1 0 
vn 0 1 0 
vn 0 1 0 
vn 0 1 0 
vn 0 1 0 
vn 0 1 0 
vn 0 1 0 
vn 0 0 1 
vn 0 0 1 
vn 0 0 1 
vn 0 0 1 
vn 0 0 1 
vn 0 0 1 
vn 0 0 1 
vn 0 0 1 
vn 0 0 1 
vn 0 0 1 
vn 0 0 1 
vn 0 0 1 
vn 0 0 1 
vn 0 0 1 
vn 0 0 1 
vn 0 0 1 
vn -1 0 0 
vn -1 0 0 
vn -1 0 0 
vn -1 0 0 
vn -1 0 0 
vn -1 0 0 
vn -1 0 0 
vn -1 0 0 
vn -1 0 0 
vn -1 0 0 
vn -1 0 0 
vn -1 0 0 
vn -1 0 0 
vn -1 0 0 
vn -1 0 0 
vn -1 0 0 
vn 0 -1 0 
vn 0 -1 0 
vn 0 -1 0 
vn 0 -1 0 
vn 0 -1 0 
vn 0 -1 0 
vn 0 -1 0 
vn 0 -1 0 
vn 0 -1 0 
vn 0 -1 0 
vn 0 -1 0 
vn 0 -1 0 
vn 0 0 -1 
vn 0 0 -1 
vn 0 0 -1 
vn 0 0 -1 
vn 0 0 -1 
vn 0 0 -1 
vn 0 0 -1 
vn 0 0 -1 
vn 0 0 -1 
vn 0 0 -1 
vn 0 0 -1 
vn 0 0 -1 
vn 0 0 -1 
vn 0 0 -1 
vn 0 0 -1 
vn 0 0 -1 

vt 31.9375 -25.1875 
vt 32.0625 -25.1875 
vt 31.9375 -25.0625 
vt 32.0625 -25.0625 
vt 31.9375 -26.3125 
vt 32.0625 -26.3125 
vt 31.9375 -26.0625 
vt 32.0625 -26.0625 
vt 31.9375 -23.6875 
vt 32.0625 -25.0625 
vt 32.0625 -23.6875 
vt 31.9375 -25.0625 
vt 32.0625 -25.1875 
vt 31.9375 -25.1875 
vt 32.0625 -26.0625 
vt 31.9375 -26.0625 
vt 32.125 -24.9375 
vt 32 -25.0625 
vt 32.125 -25.0625 
vt 32 -24.9375 
vt 32 -25.0625 
vt 30.5 -24.9375 
vt 30.5 -25.0625 
vt 32 -24.9375 
vt 32.125 -24.9375 
vt 33.5 -25.0625 
vt 33.5 -24.9375 
vt 32.125 -25.0625 
vt 32 -25.0625 
vt 30.5 -24.9375 
vt 30.5 -25.0625 
vt 32 -24.9375 
vt 32.125 -25.0625 
vt 33.5 -25.0625 
vt 32.125 -24.9375 
vt 33.5 -24.9375 
vt 32 -25.1875 
vt 31.875 -23.6875 
vt 32 -26.0625 
vt 32 -25.0625 
vt 32 -23.6875 
vt 33.5 -25.1875 
vt 33.5 -25.0625 
vt 31.875 -25.0625 
vt 31.875 -25.1875 
vt 30.5 -25.0625 
vt 30.5 -25.1875 
vt 31.875 -26.0625 
vt 33.5 -26.3125 
vt 33.5 -26.0625 
vt 30.5 -26.3125 
vt 30.5 -26.0625 
vt 32.0625 -25.0625 
vt 31.9375 -25.0625 
vt 32.0625 -25.1875 
vt 31.9375 -25.1875 
vt 31.9375 -26.3125 
vt 32.0625 -26.3125 
vt 31.9375 -26.0625 
vt 32.0625 -26.0625 
vt 31.9375 -23.6875 
vt 32.0625 -25.0625 
vt 32.0625 -23.6875 
vt 31.9375 -25.0625 
vt 32.0625 -25.1875 
vt 31.9375 -25.1875 
vt 32.0625 -26.0625 
vt 31.9375 -26.0625 
vt 33.5 -25.0625 
vt 33.5 -24.9375 
vt 30.5 -24.9375 
vt 30.5 -25.0625 
vt 33.5 -24.9375 
vt 32 -24.9375 
vt 33.5 -25.0625 
vt 32 -25.0625 
vt 31.875 -25.0625 
vt 30.5 -24.9375 
vt 30.5 -25.0625 
vt 31.875 -24.9375 
vt 32 -25.0625 
vt 32.125 -26.0625 
vt 32 -23.6875 
vt 32 -25.1875 
vt 30.5 -25.0625 
vt 30.5 -25.1875 
vt 32 -26.0625 
vt 32.125 -25.1875 
vt 32.125 -25.0625 
vt 32.125 -23.6875 
vt 33.5 -25.1875 
vt 33.5 -25.0625 
vt 33.5 -26.3125 
vt 33.5 -26.0625 
vt 30.5 -26.3125 
vt 30.5 -26.0625 

usemtl Union111Mtl

f 3523/3523/3523 3524/3524/3524 3525/3525/3525 
f 3525/3525/3525 3524/3524/3524 3526/3526/3526 
f 3527/3527/3527 3528/3528/3528 3529/3529/3529 
f 3529/3529/3529 3528/3528/3528 3530/3530/3530 
f 3531/3531/3531 3532/3532/3532 3533/3533/3533 
f 3534/3534/3534 3532/3532/3532 3531/3531/3531 
f 3535/3535/3535 3536/3536/3536 3537/3537/3537 
f 3537/3537/3537 3536/3536/3536 3538/3538/3538 
f 3539/3539/3539 3540/3540/3540 3541/3541/3541 
f 3539/3539/3539 3542/3542/3542 3540/3540/3540 
f 3543/3543/3543 3544/3544/3544 3545/3545/3545 
f 3546/3546/3546 3544/3544/3544 3543/3543/3543 
f 3547/3547/3547 3548/3548/3548 3549/3549/3549 
f 3550/3550/3550 3548/3548/3548 3547/3547/3547 
f 3551/3551/3551 3552/3552/3552 3553/3553/3553 
f 3554/3554/3554 3552/3552/3552 3551/3551/3551 
f 3555/3555/3555 3556/3556/3556 3557/3557/3557 
f 3557/3557/3557 3556/3556/3556 3558/3558/3558 
f 3559/3559/3559 3560/3560/3560 3561/3561/3561 
f 3562/3562/3562 3560/3560/3560 3559/3559/3559 
f 3563/3563/3563 3560/3560/3560 3562/3562/3562 
f 3559/3559/3559 3564/3564/3564 3562/3562/3562 
f 3562/3562/3562 3564/3564/3564 3565/3565/3565 
f 3566/3566/3566 3561/3561/3561 3560/3560/3560 
f 3567/3567/3567 3561/3561/3561 3566/3566/3566 
f 3566/3566/3566 3568/3568/3568 3567/3567/3567 
f 3569/3569/3569 3567/3567/3567 3568/3568/3568 
f 3570/3570/3570 3561/3561/3561 3567/3567/3567 
f 3570/3570/3570 3571/3571/3571 3561/3561/3561 
f 3561/3561/3561 3571/3571/3571 3572/3572/3572 
f 3570/3570/3570 3573/3573/3573 3571/3571/3571 
f 3570/3570/3570 3574/3574/3574 3573/3573/3573 
f 3575/3575/3575 3576/3576/3576 3577/3577/3577 
f 3578/3578/3578 3577/3577/3577 3576/3576/3576 
f 3579/3579/3579 3580/3580/3580 3581/3581/3581 
f 3582/3582/3582 3581/3581/3581 3580/3580/3580 
f 3583/3583/3583 3584/3584/3584 3585/3585/3585 
f 3586/3586/3586 3584/3584/3584 3583/3583/3583 
f 3587/3587/3587 3588/3588/3588 3589/3589/3589 
f 3588/3588/3588 3590/3590/3590 3589/3589/3589 
f 3591/3591/3591 3592/3592/3592 3593/3593/3593 
f 3594/3594/3594 3591/3591/3591 3593/3593/3593 
f 3595/3595/3595 3596/3596/3596 3597/3597/3597 
f 3598/3598/3598 3597/3597/3597 3596/3596/3596 
f 3599/3599/3599 3600/3600/3600 3601/3601/3601 
f 3602/3602/3602 3600/3600/3600 3599/3599/3599 
f 3603/3603/3603 3604/3604/3604 3605/3605/3605 
f 3606/3606/3606 3604/3604/3604 3603/3603/3603 
f 3603/3603/3603 3607/3607/3607 3606/3606/3606 
f 3608/3608/3608 3606/3606/3606 3607/3607/3607 
f 3609/3609/3609 3604/3604/3604 3606/3606/3606 
f 3610/3610/3610 3605/3605/3605 3604/3604/3604 
f 3611/3611/3611 3605/3605/3605 3610/3610/3610 
f 3605/3605/3605 3611/3611/3611 3612/3612/3612 
f 3610/3610/3610 3613/3613/3613 3611/3611/3611 
f 3611/3611/3611 3613/3613/3613 3614/3614/3614 
f 3604/3604/3604 3609/3609/3609 3615/3615/3615 
f 3616/3616/3616 3604/3604/3604 3615/3615/3615 
f 3609/3609/3609 3617/3617/3617 3615/3615/3615 
f 3609/3609/3609 3618/3618/3618 3617/3617/3617 

