# This file is brought to you by Roblox Corporation
# Generated by Roblox Studio

mtllib MakFloor1.mtl

g Union161

v 128 20.9999 331.5 
v 128 0.999872 330.5 
v 128 20.9999 330.5 
v 128 0.999872 331.5 
v 128 -0.000127792 331.5 
v 128 -0.000127792 330.5 
v 87 20.9999 331.5 
v 87 -0.000127792 330.5 
v 98 20.9999 330.5 
v 97 20.9999 331.5 
v 107 20.9999 330.5 
v 117 20.9999 330.5 
v 97 9.99987 330.5 
v 97 9.99987 331.5 
v 97 8.99987 331.5 
v 97 1.99987 331.5 
v 97 1.99987 330.5 
v 118 1.99987 331.5 
v 118 1.99987 330.5 
v 118 8.99987 331.5 
v 118 8.99987 330.5 
v 118 20.9999 331.5 
v 118 9.99987 331.5 
v 118 9.99987 330.5 
v 118 20.9999 330.5 
v 98 9.99987 331.5 
v 107 9.99987 331.5 
v 127 9.99987 330.5 
v 127 8.99987 331.5 
v 108 1.99987 331.5 
v 98 0.999872 331.5 
v 88 1.99987 331.5 
v 117 0.999872 330.5 
v 108 8.99987 330.5 
v 108 0.999872 330.5 
v 108 1.99987 330.5 
v 88 8.99987 330.5 
v 108 8.99987 331.5 
v 108 1.99987 331.5 
v 108 1.99987 330.5 
v 108 8.99987 330.5 
v 108 9.99987 331.5 
v 108 9.99987 330.5 
v 108 20.9999 331.5 
v 108 20.9999 330.5 
v 98 20.9999 330.5 
v 98 20.9999 331.5 
v 98 9.99987 330.5 
v 98 9.99987 331.5 
v 98 8.99987 330.5 
v 98 8.99987 331.5 
v 98 1.99987 330.5 
v 98 1.99987 331.5 
v 88 8.99987 330.5 
v 88 8.99987 331.5 
v 88 1.99987 330.5 
v 88 1.99987 331.5 
v 88 20.9999 330.5 
v 88 20.9999 331.5 
v 88 9.99987 330.5 
v 88 9.99987 331.5 
v 128 0.999872 331.5 
v 128 -0.000127792 331.5 
v 87 0.999872 330.5 
v 127 20.9999 331.5 
v 128 20.9999 331.5 
v 127 20.9999 330.5 
v 128 20.9999 330.5 
v 87 20.9999 330.5 
v 88 20.9999 331.5 
v 88 20.9999 330.5 
v 87 20.9999 331.5 
v 97 20.9999 330.5 
v 98 20.9999 331.5 
v 98 20.9999 330.5 
v 97 20.9999 331.5 
v 108 20.9999 330.5 
v 107 20.9999 330.5 
v 108 20.9999 331.5 
v 107 20.9999 331.5 
v 117 20.9999 330.5 
v 118 20.9999 331.5 
v 118 20.9999 330.5 
v 117 20.9999 331.5 
v 97 9.99987 331.5 
v 97 1.99987 331.5 
v 97 1.99987 330.5 
v 118 1.99987 331.5 
v 118 1.99987 330.5 
v 118 8.99987 330.5 
v 118 9.99987 331.5 
v 98 9.99987 330.5 
v 98 9.99987 331.5 
v 107 9.99987 331.5 
v 107 9.99987 330.5 
v 118 9.99987 331.5 
v 127 9.99987 331.5 
v 118 9.99987 330.5 
v 127 9.99987 330.5 
v 88 9.99987 331.5 
v 97 9.99987 331.5 
v 88 9.99987 330.5 
v 97 9.99987 330.5 
v 108 9.99987 331.5 
v 117 9.99987 331.5 
v 108 9.99987 330.5 
v 117 9.99987 330.5 
v 127 8.99987 331.5 
v 108 1.99987 331.5 
v 107 1.99987 331.5 
v 98 1.99987 331.5 
v 98 0.999872 331.5 
v 88 1.99987 331.5 
v 127 1.99987 330.5 
v 117 0.999872 330.5 
v 108 8.99987 330.5 
v 108 0.999872 330.5 
v 108 1.99987 330.5 
v 88 8.99987 330.5 
v 118 1.99987 331.5 
v 127 1.99987 331.5 
v 118 1.99987 330.5 
v 127 1.99987 330.5 
v 107 1.99987 331.5 
v 98 1.99987 330.5 
v 98 1.99987 331.5 
v 107 1.99987 330.5 
v 97 1.99987 331.5 
v 88 1.99987 330.5 
v 88 1.99987 331.5 
v 97 1.99987 330.5 
v 108 1.99987 330.5 
v 117 1.99987 331.5 
v 117 1.99987 330.5 
v 108 1.99987 331.5 
v 128 20.9999 330.5 
v 128 0.999872 331.5 
v 128 -0.000127792 331.5 
v 87 0.999872 330.5 
v 87 20.9999 331.5 
v 87 -0.000127792 330.5 
v 97 20.9999 331.5 
v 97 9.99987 330.5 
v 97 9.99987 331.5 
v 97 8.99987 331.5 
v 97 1.99987 331.5 
v 118 1.99987 331.5 
v 98 9.99987 331.5 
v 127 9.99987 331.5 
v 127 9.99987 330.5 
v 88 9.99987 331.5 
v 128 0.999872 331.5 
v 127 9.99987 331.5 
v 127 8.99987 331.5 
v 127 20.9999 331.5 
v 128 20.9999 331.5 
v 118 9.99987 331.5 
v 127 1.99987 331.5 
v 118 8.99987 331.5 
v 128 -0.000127792 331.5 
v 117 20.9999 331.5 
v 118 20.9999 331.5 
v 118 1.99987 331.5 
v 117 9.99987 331.5 
v 117 8.99987 331.5 
v 108 9.99987 331.5 
v 117 1.99987 331.5 
v 108 8.99987 331.5 
v 107 20.9999 331.5 
v 108 20.9999 331.5 
v 108 1.99987 331.5 
v 108 0.999872 331.5 
v 107 9.99987 331.5 
v 107 8.99987 331.5 
v 98 9.99987 331.5 
v 107 1.99987 331.5 
v 98 8.99987 331.5 
v 107 0.999872 331.5 
v 98 1.99987 331.5 
v 97 20.9999 331.5 
v 98 20.9999 331.5 
v 98 0.999872 331.5 
v 97 9.99987 331.5 
v 97 8.99987 331.5 
v 88 9.99987 331.5 
v 97 1.99987 331.5 
v 88 8.99987 331.5 
v 87 20.9999 331.5 
v 88 20.9999 331.5 
v 88 1.99987 331.5 
v 87 0.999872 331.5 
v 87 -0.000127792 331.5 
v 97 0.999872 331.5 
v 128 20.9999 330.5 
v 128 -0.000127792 331.5 
v 87 0.999872 330.5 
v 87 0.999872 331.5 
v 87 20.9999 330.5 
v 87 20.9999 331.5 
v 87 -0.000127792 330.5 
v 87 -0.000127792 331.5 
v 98 20.9999 330.5 
v 97 20.9999 331.5 
v 107 20.9999 330.5 
v 117 20.9999 330.5 
v 97 9.99987 330.5 
v 97 9.99987 331.5 
v 97 20.9999 330.5 
v 97 20.9999 331.5 
v 97 8.99987 331.5 
v 97 8.99987 330.5 
v 97 1.99987 331.5 
v 97 1.99987 330.5 
v 118 1.99987 331.5 
v 118 1.99987 330.5 
v 118 8.99987 331.5 
v 118 8.99987 330.5 
v 118 9.99987 331.5 
v 107 9.99987 331.5 
v 88 9.99987 331.5 
v 127 8.99987 331.5 
v 108 1.99987 331.5 
v 98 1.99987 331.5 
v 98 0.999872 331.5 
v 127 1.99987 330.5 
v 117 0.999872 330.5 
v 108 8.99987 330.5 
v 108 0.999872 330.5 
v 108 1.99987 330.5 
v 88 8.99987 330.5 
v 107 8.99987 331.5 
v 107 8.99987 330.5 
v 107 1.99987 331.5 
v 107 1.99987 330.5 
v 107 20.9999 331.5 
v 107 20.9999 330.5 
v 107 9.99987 331.5 
v 107 9.99987 330.5 
v 117 8.99987 330.5 
v 117 1.99987 330.5 
v 117 1.99987 331.5 
v 117 8.99987 331.5 
v 117 9.99987 330.5 
v 117 9.99987 331.5 
v 117 20.9999 330.5 
v 117 20.9999 331.5 
v 127 20.9999 331.5 
v 127 20.9999 330.5 
v 127 9.99987 331.5 
v 127 9.99987 330.5 
v 127 8.99987 331.5 
v 127 8.99987 330.5 
v 127 1.99987 331.5 
v 127 1.99987 330.5 
v 97 9.99987 331.5 
v 97 8.99987 331.5 
v 97 1.99987 330.5 
v 118 1.99987 331.5 
v 118 8.99987 330.5 
v 118 9.99987 331.5 
v 87 -0.000127792 330.5 
v 128 -0.000127792 330.5 
v 87 -0.000127792 331.5 
v 128 -0.000127792 331.5 
v 107 9.99987 331.5 
v 127 9.99987 330.5 
v 88 9.99987 331.5 
v 127 8.99987 331.5 
v 108 1.99987 331.5 
v 108 8.99987 330.5 
v 108 0.999872 330.5 
v 88 8.99987 330.5 
v 97 8.99987 331.5 
v 88 8.99987 331.5 
v 97 8.99987 330.5 
v 88 8.99987 330.5 
v 127 8.99987 330.5 
v 127 8.99987 331.5 
v 118 8.99987 331.5 
v 118 8.99987 330.5 
v 98 8.99987 331.5 
v 98 8.99987 330.5 
v 107 8.99987 330.5 
v 107 8.99987 331.5 
v 117 8.99987 330.5 
v 117 8.99987 331.5 
v 108 8.99987 331.5 
v 108 8.99987 330.5 
v 128 20.9999 330.5 
v 128 0.999872 331.5 
v 128 -0.000127792 331.5 
v 87 0.999872 330.5 
v 87 20.9999 331.5 
v 87 -0.000127792 330.5 
v 98 20.9999 330.5 
v 97 9.99987 331.5 
v 97 8.99987 331.5 
v 97 1.99987 331.5 
v 97 1.99987 330.5 
v 118 1.99987 330.5 
v 98 9.99987 331.5 
v 107 9.99987 331.5 
v 127 9.99987 331.5 
v 88 9.99987 331.5 
v 98 1.99987 331.5 
v 88 1.99987 331.5 
v 127 8.99987 330.5 
v 128 20.9999 330.5 
v 127 1.99987 330.5 
v 128 0.999872 330.5 
v 127 9.99987 330.5 
v 127 20.9999 330.5 
v 118 8.99987 330.5 
v 118 9.99987 330.5 
v 128 -0.000127792 330.5 
v 117 0.999872 330.5 
v 118 0.999872 330.5 
v 118 1.99987 330.5 
v 87 -0.000127792 330.5 
v 118 20.9999 330.5 
v 117 1.99987 330.5 
v 117 8.99987 330.5 
v 117 9.99987 330.5 
v 117 20.9999 330.5 
v 108 8.99987 330.5 
v 108 9.99987 330.5 
v 108 0.999872 330.5 
v 108 1.99987 330.5 
v 107 0.999872 330.5 
v 108 20.9999 330.5 
v 98 1.99987 330.5 
v 107 1.99987 330.5 
v 107 8.99987 330.5 
v 107 9.99987 330.5 
v 107 20.9999 330.5 
v 98 8.99987 330.5 
v 98 9.99987 330.5 
v 97 1.99987 330.5 
v 98 20.9999 330.5 
v 88 1.99987 330.5 
v 97 8.99987 330.5 
v 87 0.999872 330.5 
v 97 9.99987 330.5 
v 97 20.9999 330.5 
v 88 8.99987 330.5 
v 88 9.99987 330.5 
v 88 20.9999 330.5 
v 87 20.9999 330.5 

vn 1 0 0 
vn 1 0 0 
vn 1 0 0 
vn 1 0 0 
vn 1 0 0 
vn 1 0 0 
vn -1 0 0 
vn -1 0 0 
vn 0 1 0 
vn 0 1 0 
vn 0 1 0 
vn 0 1 0 
vn -1 0 0 
vn -1 0 0 
vn -1 0 0 
vn -1 0 0 
vn -1 0 0 
vn 1 0 0 
vn 1 0 0 
vn 1 0 0 
vn 1 0 0 
vn 1 0 0 
vn 1 0 0 
vn 1 0 0 
vn 1 0 0 
vn 0 1 0 
vn 0 1 0 
vn 0 1 0 
vn 0 0 1 
vn 0 0 1 
vn 0 0 1 
vn 0 0 1 
vn 0 0 -1 
vn 0 0 -1 
vn 0 0 -1 
vn 0 0 -1 
vn 0 0 -1 
vn 1 0 0 
vn 1 0 0 
vn 1 0 0 
vn 1 0 0 
vn 1 0 0 
vn 1 0 0 
vn 1 0 0 
vn 1 0 0 
vn 1 0 0 
vn 1 0 0 
vn 1 0 0 
vn 1 0 0 
vn 1 0 0 
vn 1 0 0 
vn 1 0 0 
vn 1 0 0 
vn 1 0 0 
vn 1 0 0 
vn 1 0 0 
vn 1 0 0 
vn 1 0 0 
vn 1 0 0 
vn 1 0 0 
vn 1 0 0 
vn 1 0 0 
vn 1 0 0 
vn -1 0 0 
vn 0 1 0 
vn 0 1 0 
vn 0 1 0 
vn 0 1 0 
vn 0 1 0 
vn 0 1 0 
vn 0 1 0 
vn 0 1 0 
vn 0 1 0 
vn 0 1 0 
vn 0 1 0 
vn 0 1 0 
vn 0 1 0 
vn 0 1 0 
vn 0 1 0 
vn 0 1 0 
vn 0 1 0 
vn 0 1 0 
vn 0 1 0 
vn 0 1 0 
vn -1 0 0 
vn -1 0 0 
vn -1 0 0 
vn 1 0 0 
vn 1 0 0 
vn 1 0 0 
vn 1 0 0 
vn 0 1 0 
vn 0 1 0 
vn 0 1 0 
vn 0 1 0 
vn 0 1 0 
vn 0 1 0 
vn 0 1 0 
vn 0 1 0 
vn 0 1 0 
vn 0 1 0 
vn 0 1 0 
vn 0 1 0 
vn 0 1 0 
vn 0 1 0 
vn 0 1 0 
vn 0 1 0 
vn 0 0 1 
vn 0 0 1 
vn 0 0 1 
vn 0 0 1 
vn 0 0 1 
vn 0 0 1 
vn 0 0 -1 
vn 0 0 -1 
vn 0 0 -1 
vn 0 0 -1 
vn 0 0 -1 
vn 0 0 -1 
vn 0 1 0 
vn 0 1 0 
vn 0 1 0 
vn 0 1 0 
vn 0 1 0 
vn 0 1 0 
vn 0 1 0 
vn 0 1 0 
vn 0 1 0 
vn 0 1 0 
vn 0 1 0 
vn 0 1 0 
vn 0 1 0 
vn 0 1 0 
vn 0 1 0 
vn 0 1 0 
vn 1 0 0 
vn 1 0 0 
vn 1 0 0 
vn -1 0 0 
vn -1 0 0 
vn -1 0 0 
vn 0 1 0 
vn -1 0 0 
vn -1 0 0 
vn -1 0 0 
vn -1 0 0 
vn 1 0 0 
vn 0 1 0 
vn 0 1 0 
vn 0 1 0 
vn 0 1 0 
vn 0 0 1 
vn 0 0 1 
vn 0 0 1 
vn 0 0 1 
vn 0 0 1 
vn 0 0 1 
vn 0 0 1 
vn 0 0 1 
vn 0 0 1 
vn 0 0 1 
vn 0 0 1 
vn 0 0 1 
vn 0 0 1 
vn 0 0 1 
vn 0 0 1 
vn 0 0 1 
vn 0 0 1 
vn 0 0 1 
vn 0 0 1 
vn 0 0 1 
vn 0 0 1 
vn 0 0 1 
vn 0 0 1 
vn 0 0 1 
vn 0 0 1 
vn 0 0 1 
vn 0 0 1 
vn 0 0 1 
vn 0 0 1 
vn 0 0 1 
vn 0 0 1 
vn 0 0 1 
vn 0 0 1 
vn 0 0 1 
vn 0 0 1 
vn 0 0 1 
vn 0 0 1 
vn 0 0 1 
vn 0 0 1 
vn 0 0 1 
vn 0 0 1 
vn 0 0 1 
vn 1 0 0 
vn 1 0 0 
vn -1 0 0 
vn -1 0 0 
vn -1 0 0 
vn -1 0 0 
vn -1 0 0 
vn -1 0 0 
vn 0 1 0 
vn 0 1 0 
vn 0 1 0 
vn 0 1 0 
vn -1 0 0 
vn -1 0 0 
vn -1 0 0 
vn -1 0 0 
vn -1 0 0 
vn -1 0 0 
vn -1 0 0 
vn -1 0 0 
vn 1 0 0 
vn 1 0 0 
vn 1 0 0 
vn 1 0 0 
vn 1 0 0 
vn 0 1 0 
vn 0 1 0 
vn 0 0 1 
vn 0 0 1 
vn 0 0 1 
vn 0 0 1 
vn 0 0 -1 
vn 0 0 -1 
vn 0 0 -1 
vn 0 0 -1 
vn 0 0 -1 
vn 0 0 -1 
vn -1 0 0 
vn -1 0 0 
vn -1 0 0 
vn -1 0 0 
vn -1 0 0 
vn -1 0 0 
vn -1 0 0 
vn -1 0 0 
vn -1 0 0 
vn -1 0 0 
vn -1 0 0 
vn -1 0 0 
vn -1 0 0 
vn -1 0 0 
vn -1 0 0 
vn -1 0 0 
vn -1 0 0 
vn -1 0 0 
vn -1 0 0 
vn -1 0 0 
vn -1 0 0 
vn -1 0 0 
vn -1 0 0 
vn -1 0 0 
vn -1 0 0 
vn -1 0 0 
vn -1 0 0 
vn 1 0 0 
vn 1 0 0 
vn 1 0 0 
vn 0 -1 0 
vn 0 -1 0 
vn 0 -1 0 
vn 0 -1 0 
vn 0 1 0 
vn 0 1 0 
vn 0 1 0 
vn 0 0 1 
vn 0 0 1 
vn 0 0 -1 
vn 0 0 -1 
vn 0 0 -1 
vn 0 -1 0 
vn 0 -1 0 
vn 0 -1 0 
vn 0 -1 0 
vn 0 -1 0 
vn 0 -1 0 
vn 0 -1 0 
vn 0 -1 0 
vn 0 -1 0 
vn 0 -1 0 
vn 0 -1 0 
vn 0 -1 0 
vn 0 -1 0 
vn 0 -1 0 
vn 0 -1 0 
vn 0 -1 0 
vn 1 0 0 
vn 1 0 0 
vn 1 0 0 
vn -1 0 0 
vn -1 0 0 
vn -1 0 0 
vn 0 1 0 
vn -1 0 0 
vn -1 0 0 
vn -1 0 0 
vn -1 0 0 
vn 1 0 0 
vn 0 1 0 
vn 0 1 0 
vn 0 1 0 
vn 0 1 0 
vn 0 0 1 
vn 0 0 1 
vn 0 0 -1 
vn 0 0 -1 
vn 0 0 -1 
vn 0 0 -1 
vn 0 0 -1 
vn 0 0 -1 
vn 0 0 -1 
vn 0 0 -1 
vn 0 0 -1 
vn 0 0 -1 
vn 0 0 -1 
vn 0 0 -1 
vn 0 0 -1 
vn 0 0 -1 
vn 0 0 -1 
vn 0 0 -1 
vn 0 0 -1 
vn 0 0 -1 
vn 0 0 -1 
vn 0 0 -1 
vn 0 0 -1 
vn 0 0 -1 
vn 0 0 -1 
vn 0 0 -1 
vn 0 0 -1 
vn 0 0 -1 
vn 0 0 -1 
vn 0 0 -1 
vn 0 0 -1 
vn 0 0 -1 
vn 0 0 -1 
vn 0 0 -1 
vn 0 0 -1 
vn 0 0 -1 
vn 0 0 -1 
vn 0 0 -1 
vn 0 0 -1 
vn 0 0 -1 
vn 0 0 -1 
vn 0 0 -1 
vn 0 0 -1 
vn 0 0 -1 

vt 53.9375 -5.6875 
vt 54.0625 -8.1875 
vt 54.0625 -5.6875 
vt 53.9375 -8.1875 
vt 53.9375 -8.3125 
vt 54.0625 -8.3125 
vt 53.9375 -5.6875 
vt 54.0625 -8.3125 
vt 54.0625 -5.6875 
vt 53.9375 -5.6875 
vt 54.0625 -5.6875 
vt 54.0625 -5.6875 
vt 54.0625 -7.0625 
vt 53.9375 -7.0625 
vt 53.9375 -7.1875 
vt 53.9375 -8.0625 
vt 54.0625 -8.0625 
vt 53.9375 -8.0625 
vt 54.0625 -8.0625 
vt 53.9375 -7.1875 
vt 54.0625 -7.1875 
vt 53.9375 -5.6875 
vt 53.9375 -7.0625 
vt 54.0625 -7.0625 
vt 54.0625 -5.6875 
vt 53.9375 -7.0625 
vt 53.9375 -7.0625 
vt 54.0625 -7.0625 
vt 53.9375 -7.1875 
vt 53.9375 -8.0625 
vt 53.9375 -8.1875 
vt 53.9375 -8.0625 
vt 54.0625 -8.1875 
vt 54.0625 -7.1875 
vt 54.0625 -8.1875 
vt 54.0625 -8.0625 
vt 54.0625 -7.1875 
vt 53.9375 -7.1875 
vt 53.9375 -8.0625 
vt 54.0625 -8.0625 
vt 54.0625 -7.1875 
vt 53.9375 -7.0625 
vt 54.0625 -7.0625 
vt 53.9375 -5.6875 
vt 54.0625 -5.6875 
vt 54.0625 -5.6875 
vt 53.9375 -5.6875 
vt 54.0625 -7.0625 
vt 53.9375 -7.0625 
vt 54.0625 -7.1875 
vt 53.9375 -7.1875 
vt 54.0625 -8.0625 
vt 53.9375 -8.0625 
vt 54.0625 -7.1875 
vt 53.9375 -7.1875 
vt 54.0625 -8.0625 
vt 53.9375 -8.0625 
vt 54.0625 -5.6875 
vt 53.9375 -5.6875 
vt 54.0625 -7.0625 
vt 53.9375 -7.0625 
vt 51.4375 -6.9375 
vt 51.4375 -6.9375 
vt 56.5625 -7.0625 
vt 51.5625 -6.9375 
vt 51.4375 -6.9375 
vt 51.5625 -7.0625 
vt 51.4375 -7.0625 
vt 56.5625 -7.0625 
vt 56.4375 -6.9375 
vt 56.4375 -7.0625 
vt 56.5625 -6.9375 
vt 55.3125 -7.0625 
vt 55.1875 -6.9375 
vt 55.1875 -7.0625 
vt 55.3125 -6.9375 
vt 53.9375 -7.0625 
vt 54.0625 -7.0625 
vt 53.9375 -6.9375 
vt 54.0625 -6.9375 
vt 52.8125 -7.0625 
vt 52.6875 -6.9375 
vt 52.6875 -7.0625 
vt 52.8125 -6.9375 
vt 55.3125 -6.9375 
vt 55.3125 -6.9375 
vt 55.3125 -7.0625 
vt 52.6875 -6.9375 
vt 52.6875 -7.0625 
vt 52.6875 -7.0625 
vt 52.6875 -6.9375 
vt 55.1875 -7.0625 
vt 55.1875 -6.9375 
vt 54.0625 -6.9375 
vt 54.0625 -7.0625 
vt 52.6875 -6.9375 
vt 51.5625 -6.9375 
vt 52.6875 -7.0625 
vt 51.5625 -7.0625 
vt 56.4375 -6.9375 
vt 55.3125 -6.9375 
vt 56.4375 -7.0625 
vt 55.3125 -7.0625 
vt 53.9375 -6.9375 
vt 52.8125 -6.9375 
vt 53.9375 -7.0625 
vt 52.8125 -7.0625 
vt 51.5625 -6.9375 
vt 53.9375 -6.9375 
vt 54.0625 -6.9375 
vt 55.1875 -6.9375 
vt 55.1875 -6.9375 
vt 56.4375 -6.9375 
vt 51.5625 -7.0625 
vt 52.8125 -7.0625 
vt 53.9375 -7.0625 
vt 53.9375 -7.0625 
vt 53.9375 -7.0625 
vt 56.4375 -7.0625 
vt 52.6875 -6.9375 
vt 51.5625 -6.9375 
vt 52.6875 -7.0625 
vt 51.5625 -7.0625 
vt 54.0625 -6.9375 
vt 55.1875 -7.0625 
vt 55.1875 -6.9375 
vt 54.0625 -7.0625 
vt 55.3125 -6.9375 
vt 56.4375 -7.0625 
vt 56.4375 -6.9375 
vt 55.3125 -7.0625 
vt 53.9375 -7.0625 
vt 52.8125 -6.9375 
vt 52.8125 -7.0625 
vt 53.9375 -6.9375 
vt 56.5625 -5.6875 
vt 56.5625 -8.1875 
vt 56.5625 -8.3125 
vt 51.4375 -8.1875 
vt 51.4375 -5.6875 
vt 51.4375 -8.3125 
vt 52.6875 -5.6875 
vt 52.6875 -7.0625 
vt 52.6875 -7.0625 
vt 52.6875 -7.1875 
vt 52.6875 -8.0625 
vt 55.3125 -8.0625 
vt 52.8125 -7.0625 
vt 56.4375 -7.0625 
vt 56.4375 -7.0625 
vt 51.5625 -7.0625 
vt 56.5625 -8.1875 
vt 56.4375 -7.0625 
vt 56.4375 -7.1875 
vt 56.4375 -5.6875 
vt 56.5625 -5.6875 
vt 55.3125 -7.0625 
vt 56.4375 -8.0625 
vt 55.3125 -7.1875 
vt 56.5625 -8.3125 
vt 55.1875 -5.6875 
vt 55.3125 -5.6875 
vt 55.3125 -8.0625 
vt 55.1875 -7.0625 
vt 55.1875 -7.1875 
vt 54.0625 -7.0625 
vt 55.1875 -8.0625 
vt 54.0625 -7.1875 
vt 53.9375 -5.6875 
vt 54.0625 -5.6875 
vt 54.0625 -8.0625 
vt 54.0625 -8.1875 
vt 53.9375 -7.0625 
vt 53.9375 -7.1875 
vt 52.8125 -7.0625 
vt 53.9375 -8.0625 
vt 52.8125 -7.1875 
vt 53.9375 -8.1875 
vt 52.8125 -8.0625 
vt 52.6875 -5.6875 
vt 52.8125 -5.6875 
vt 52.8125 -8.1875 
vt 52.6875 -7.0625 
vt 52.6875 -7.1875 
vt 51.5625 -7.0625 
vt 52.6875 -8.0625 
vt 51.5625 -7.1875 
vt 51.4375 -5.6875 
vt 51.5625 -5.6875 
vt 51.5625 -8.0625 
vt 51.4375 -8.1875 
vt 51.4375 -8.3125 
vt 52.6875 -8.1875 
vt 53.9375 -5.6875 
vt 54.0625 -8.3125 
vt 53.9375 -8.1875 
vt 54.0625 -8.1875 
vt 53.9375 -5.6875 
vt 54.0625 -5.6875 
vt 53.9375 -8.3125 
vt 54.0625 -8.3125 
vt 53.9375 -5.6875 
vt 54.0625 -5.6875 
vt 53.9375 -5.6875 
vt 53.9375 -5.6875 
vt 53.9375 -7.0625 
vt 54.0625 -7.0625 
vt 53.9375 -5.6875 
vt 54.0625 -5.6875 
vt 54.0625 -7.1875 
vt 53.9375 -7.1875 
vt 54.0625 -8.0625 
vt 53.9375 -8.0625 
vt 54.0625 -8.0625 
vt 53.9375 -8.0625 
vt 54.0625 -7.1875 
vt 53.9375 -7.1875 
vt 54.0625 -7.0625 
vt 54.0625 -7.0625 
vt 54.0625 -7.0625 
vt 54.0625 -7.1875 
vt 54.0625 -8.0625 
vt 54.0625 -8.0625 
vt 54.0625 -8.1875 
vt 53.9375 -8.0625 
vt 53.9375 -8.1875 
vt 53.9375 -7.1875 
vt 53.9375 -8.1875 
vt 53.9375 -8.0625 
vt 53.9375 -7.1875 
vt 54.0625 -7.1875 
vt 53.9375 -7.1875 
vt 54.0625 -8.0625 
vt 53.9375 -8.0625 
vt 54.0625 -5.6875 
vt 53.9375 -5.6875 
vt 54.0625 -7.0625 
vt 53.9375 -7.0625 
vt 53.9375 -7.1875 
vt 53.9375 -8.0625 
vt 54.0625 -8.0625 
vt 54.0625 -7.1875 
vt 53.9375 -7.0625 
vt 54.0625 -7.0625 
vt 53.9375 -5.6875 
vt 54.0625 -5.6875 
vt 54.0625 -5.6875 
vt 53.9375 -5.6875 
vt 54.0625 -7.0625 
vt 53.9375 -7.0625 
vt 54.0625 -7.1875 
vt 53.9375 -7.1875 
vt 54.0625 -8.0625 
vt 53.9375 -8.0625 
vt 52.6875 -6.9375 
vt 52.6875 -6.9375 
vt 52.6875 -7.0625 
vt 55.3125 -6.9375 
vt 55.3125 -7.0625 
vt 55.3125 -6.9375 
vt 51.4375 -7.0625 
vt 56.5625 -7.0625 
vt 51.4375 -6.9375 
vt 56.5625 -6.9375 
vt 53.9375 -6.9375 
vt 56.4375 -7.0625 
vt 51.5625 -6.9375 
vt 56.4375 -6.9375 
vt 54.0625 -6.9375 
vt 54.0625 -7.0625 
vt 54.0625 -7.0625 
vt 51.5625 -7.0625 
vt 52.6875 -6.9375 
vt 51.5625 -6.9375 
vt 52.6875 -7.0625 
vt 51.5625 -7.0625 
vt 56.4375 -7.0625 
vt 56.4375 -6.9375 
vt 55.3125 -6.9375 
vt 55.3125 -7.0625 
vt 52.8125 -6.9375 
vt 52.8125 -7.0625 
vt 53.9375 -7.0625 
vt 53.9375 -6.9375 
vt 55.1875 -7.0625 
vt 55.1875 -6.9375 
vt 54.0625 -6.9375 
vt 54.0625 -7.0625 
vt 51.4375 -5.6875 
vt 51.4375 -8.1875 
vt 51.4375 -8.3125 
vt 56.5625 -8.1875 
vt 56.5625 -5.6875 
vt 56.5625 -8.3125 
vt 55.1875 -5.6875 
vt 55.3125 -7.0625 
vt 55.3125 -7.1875 
vt 55.3125 -8.0625 
vt 55.3125 -8.0625 
vt 52.6875 -8.0625 
vt 55.1875 -7.0625 
vt 54.0625 -7.0625 
vt 51.5625 -7.0625 
vt 56.4375 -7.0625 
vt 55.1875 -8.0625 
vt 56.4375 -8.0625 
vt 51.5625 -7.1875 
vt 51.4375 -5.6875 
vt 51.5625 -8.0625 
vt 51.4375 -8.1875 
vt 51.5625 -7.0625 
vt 51.5625 -5.6875 
vt 52.6875 -7.1875 
vt 52.6875 -7.0625 
vt 51.4375 -8.3125 
vt 52.8125 -8.1875 
vt 52.6875 -8.1875 
vt 52.6875 -8.0625 
vt 56.5625 -8.3125 
vt 52.6875 -5.6875 
vt 52.8125 -8.0625 
vt 52.8125 -7.1875 
vt 52.8125 -7.0625 
vt 52.8125 -5.6875 
vt 53.9375 -7.1875 
vt 53.9375 -7.0625 
vt 53.9375 -8.1875 
vt 53.9375 -8.0625 
vt 54.0625 -8.1875 
vt 53.9375 -5.6875 
vt 55.1875 -8.0625 
vt 54.0625 -8.0625 
vt 54.0625 -7.1875 
vt 54.0625 -7.0625 
vt 54.0625 -5.6875 
vt 55.1875 -7.1875 
vt 55.1875 -7.0625 
vt 55.3125 -8.0625 
vt 55.1875 -5.6875 
vt 56.4375 -8.0625 
vt 55.3125 -7.1875 
vt 56.5625 -8.1875 
vt 55.3125 -7.0625 
vt 55.3125 -5.6875 
vt 56.4375 -7.1875 
vt 56.4375 -7.0625 
vt 56.4375 -5.6875 
vt 56.5625 -5.6875 

usemtl Union161Mtl

f 1/1/1 2/2/2 3/3/3 
f 2/2/2 1/1/1 4/4/4 
f 4/4/4 5/5/5 2/2/2 
f 6/6/6 2/2/2 5/5/5 
f 18/18/18 19/19/19 20/20/20 
f 21/21/21 20/20/20 19/19/19 
f 22/22/22 23/23/23 24/24/24 
f 25/25/25 22/22/22 24/24/24 
f 38/38/38 39/39/39 40/40/40 
f 41/41/41 38/38/38 40/40/40 
f 42/42/42 43/43/43 44/44/44 
f 45/45/45 44/44/44 43/43/43 
f 46/46/46 47/47/47 48/48/48 
f 49/49/49 48/48/48 47/47/47 
f 50/50/50 51/51/51 52/52/52 
f 51/51/51 53/53/53 52/52/52 
f 54/54/54 55/55/55 56/56/56 
f 57/57/57 56/56/56 55/55/55 
f 58/58/58 59/59/59 60/60/60 
f 61/61/61 60/60/60 59/59/59 
f 65/65/65 66/66/66 67/67/67 
f 67/67/67 66/66/66 68/68/68 
f 69/69/69 70/70/70 71/71/71 
f 72/72/72 70/70/70 69/69/69 
f 73/73/73 74/74/74 75/75/75 
f 76/76/76 74/74/74 73/73/73 
f 77/77/77 78/78/78 79/79/79 
f 80/80/80 79/79/79 78/78/78 
f 81/81/81 82/82/82 83/83/83 
f 84/84/84 82/82/82 81/81/81 
f 92/92/92 93/93/93 94/94/94 
f 95/95/95 92/92/92 94/94/94 
f 96/96/96 97/97/97 98/98/98 
f 99/99/99 98/98/98 97/97/97 
f 100/100/100 101/101/101 102/102/102 
f 103/103/103 102/102/102 101/101/101 
f 104/104/104 105/105/105 106/106/106 
f 105/105/105 107/107/107 106/106/106 
f 120/120/120 121/121/121 122/122/122 
f 122/122/122 121/121/121 123/123/123 
f 124/124/124 125/125/125 126/126/126 
f 125/125/125 124/124/124 127/127/127 
f 128/128/128 129/129/129 130/130/130 
f 131/131/131 129/129/129 128/128/128 
f 132/132/132 133/133/133 134/134/134 
f 133/133/133 132/132/132 135/135/135 
f 152/152/152 153/153/153 154/154/154 
f 152/152/152 155/155/155 153/153/153 
f 155/155/155 152/152/152 156/156/156 
f 153/153/153 157/157/157 154/154/154 
f 158/158/158 152/152/152 154/154/154 
f 159/159/159 154/154/154 157/157/157 
f 160/160/160 152/152/152 158/158/158 
f 161/161/161 159/159/159 157/157/157 
f 161/161/161 157/157/157 162/162/162 
f 161/161/161 163/163/163 159/159/159 
f 160/160/160 158/158/158 163/163/163 
f 164/164/164 163/163/163 161/161/161 
f 165/165/165 163/163/163 164/164/164 
f 164/164/164 166/166/166 165/165/165 
f 167/167/167 163/163/163 165/165/165 
f 160/160/160 163/163/163 167/167/167 
f 168/168/168 165/165/165 166/166/166 
f 166/166/166 169/169/169 168/168/168 
f 170/170/170 169/169/169 166/166/166 
f 168/168/168 169/169/169 171/171/171 
f 167/167/167 171/171/171 172/172/172 
f 169/169/169 172/172/172 171/171/171 
f 160/160/160 167/167/167 172/172/172 
f 173/173/173 172/172/172 169/169/169 
f 174/174/174 172/172/172 173/173/173 
f 173/173/173 175/175/175 174/174/174 
f 176/176/176 172/172/172 174/174/174 
f 177/177/177 174/174/174 175/175/175 
f 178/178/178 172/172/172 176/176/176 
f 178/178/178 160/160/160 172/172/172 
f 176/176/176 179/179/179 178/178/178 
f 175/175/175 180/180/180 177/177/177 
f 177/177/177 180/180/180 179/179/179 
f 180/180/180 175/175/175 181/181/181 
f 178/178/178 179/179/179 182/182/182 
f 180/180/180 182/182/182 179/179/179 
f 178/178/178 182/182/182 160/160/160 
f 182/182/182 180/180/180 183/183/183 
f 182/182/182 183/183/183 184/184/184 
f 183/183/183 185/185/185 184/184/184 
f 186/186/186 182/182/182 184/184/184 
f 187/187/187 184/184/184 185/185/185 
f 185/185/185 188/188/188 187/187/187 
f 188/188/188 185/185/185 189/189/189 
f 187/187/187 188/188/188 190/190/190 
f 191/191/191 190/190/190 188/188/188 
f 190/190/190 191/191/191 192/192/192 
f 193/193/193 182/182/182 186/186/186 
f 186/186/186 190/190/190 193/193/193 
f 193/193/193 190/190/190 192/192/192 
f 182/182/182 193/193/193 160/160/160 
f 193/193/193 192/192/192 160/160/160 
f 196/196/196 197/197/197 198/198/198 
f 198/198/198 197/197/197 199/199/199 
f 196/196/196 200/200/200 197/197/197 
f 201/201/201 197/197/197 200/200/200 
f 206/206/206 207/207/207 208/208/208 
f 209/209/209 208/208/208 207/207/207 
f 210/210/210 211/211/211 212/212/212 
f 211/211/211 213/213/213 212/212/212 
f 231/231/231 232/232/232 233/233/233 
f 232/232/232 234/234/234 233/233/233 
f 235/235/235 236/236/236 237/237/237 
f 238/238/238 237/237/237 236/236/236 
f 239/239/239 240/240/240 241/241/241 
f 242/242/242 239/239/239 241/241/241 
f 243/243/243 244/244/244 245/245/245 
f 246/246/246 245/245/245 244/244/244 
f 247/247/247 248/248/248 249/249/249 
f 250/250/250 249/249/249 248/248/248 
f 251/251/251 252/252/252 253/253/253 
f 254/254/254 253/253/253 252/252/252 
f 261/261/261 262/262/262 263/263/263 
f 262/262/262 264/264/264 263/263/263 
f 273/273/273 274/274/274 275/275/275 
f 274/274/274 276/276/276 275/275/275 
f 277/277/277 278/278/278 279/279/279 
f 280/280/280 277/277/277 279/279/279 
f 281/281/281 282/282/282 283/283/283 
f 284/284/284 281/281/281 283/283/283 
f 285/285/285 286/286/286 287/287/287 
f 288/288/288 285/285/285 287/287/287 
f 307/307/307 308/308/308 309/309/309 
f 309/309/309 308/308/308 310/310/310 
f 311/311/311 308/308/308 307/307/307 
f 308/308/308 311/311/311 312/312/312 
f 307/307/307 313/313/313 311/311/311 
f 314/314/314 311/311/311 313/313/313 
f 309/309/309 310/310/310 315/315/315 
f 316/316/316 314/314/314 313/313/313 
f 317/317/317 309/309/309 315/315/315 
f 318/318/318 309/309/309 317/317/317 
f 318/318/318 316/316/316 313/313/313 
f 316/316/316 318/318/318 317/317/317 
f 317/317/317 315/315/315 319/319/319 
f 316/316/316 317/317/317 319/319/319 
f 316/316/316 320/320/320 314/314/314 
f 320/320/320 316/316/316 321/321/321 
f 322/322/322 320/320/320 321/321/321 
f 323/323/323 320/320/320 322/322/322 
f 320/320/320 323/323/323 324/324/324 
f 322/322/322 325/325/325 323/323/323 
f 326/326/326 323/323/323 325/325/325 
f 327/327/327 321/321/321 316/316/316 
f 327/327/327 316/316/316 319/319/319 
f 328/328/328 321/321/321 327/327/327 
f 328/328/328 329/329/329 325/325/325 
f 325/325/325 329/329/329 326/326/326 
f 327/327/327 329/329/329 328/328/328 
f 327/327/327 319/319/319 329/329/329 
f 326/326/326 329/329/329 330/330/330 
f 319/319/319 331/331/331 329/329/329 
f 330/330/330 329/329/329 332/332/332 
f 331/331/331 332/332/332 329/329/329 
f 333/333/333 330/330/330 332/332/332 
f 334/334/334 330/330/330 333/333/333 
f 335/335/335 330/330/330 334/334/334 
f 333/333/333 336/336/336 334/334/334 
f 337/337/337 334/334/334 336/336/336 
f 338/338/338 336/336/336 331/331/331 
f 336/336/336 338/338/338 337/337/337 
f 319/319/319 338/338/338 331/331/331 
f 337/337/337 338/338/338 339/339/339 
f 319/319/319 340/340/340 338/338/338 
f 341/341/341 339/339/339 338/338/338 
f 319/319/319 342/342/342 340/340/340 
f 343/343/343 339/339/339 341/341/341 
f 339/339/339 343/343/343 344/344/344 
f 341/341/341 345/345/345 343/343/343 
f 342/342/342 345/345/345 340/340/340 
f 346/346/346 343/343/343 345/345/345 
f 342/342/342 346/346/346 345/345/345 
f 342/342/342 347/347/347 346/346/346 
f 347/347/347 342/342/342 348/348/348 

g Union141

v 205 9.53674e-07 330.5 
v 206 9.53674e-07 295.5 
v 205 17 321 
v 206 17 322 
v 205 17 312.5 
v 206 17 313.5 
v 205 17 304 
v 206 17 305 
v 205 1 322 
v 206 1 304 
v 206 9.53674e-07 295.5 
v 206 1 330.5 
v 206 9.53674e-07 330.5 
v 206 1 329.5 
v 206 17 330.5 
v 206 17 329.5 
v 206 1 322 
v 206 1 321 
v 206 17 322 
v 206 17 321 
v 206 1 313.5 
v 206 1 312.5 
v 206 17 313.5 
v 206 17 312.5 
v 206 1 305 
v 206 1 304 
v 206 17 305 
v 206 17 304 
v 206 1 296.5 
v 206 1 295.5 
v 206 17 296.5 
v 206 17 295.5 
v 205 9.53674e-07 330.5 
v 206 9.53674e-07 295.5 
v 206 17 321 
v 205 17 321 
v 206 17 322 
v 205 17 322 
v 206 17 312.5 
v 205 17 312.5 
v 206 17 313.5 
v 205 17 313.5 
v 206 17 304 
v 205 17 304 
v 206 17 305 
v 205 17 305 
v 206 17 295.5 
v 205 17 295.5 
v 206 17 296.5 
v 205 17 296.5 
v 205 17 330.5 
v 206 17 330.5 
v 205 17 329.5 
v 206 17 329.5 
v 206 1 321 
v 206 1 312.5 
v 205 1 305 
v 205 1 313.5 
v 205 1 304 
v 206 1 304 
v 205 1 296.5 
v 206 1 296.5 
v 206 1 322 
v 205 1 322 
v 206 1 329.5 
v 205 1 329.5 
v 205 1 313.5 
v 206 1 321 
v 206 1 313.5 
v 205 1 321 
v 206 1 312.5 
v 205 1 305 
v 205 1 312.5 
v 206 1 305 
v 206 1 330.5 
v 205 1 330.5 
v 206 9.53674e-07 330.5 
v 205 9.53674e-07 330.5 
v 205 17 330.5 
v 206 17 330.5 
v 206 1 322 
v 205 17 322 
v 205 1 322 
v 206 17 322 
v 205 17 313.5 
v 206 1 313.5 
v 206 17 313.5 
v 205 1 313.5 
v 206 1 305 
v 205 17 305 
v 205 1 305 
v 206 17 305 
v 206 1 296.5 
v 205 17 296.5 
v 205 1 296.5 
v 206 17 296.5 
v 205 9.53674e-07 330.5 
v 206 9.53674e-07 295.5 
v 205 17 321 
v 206 17 322 
v 205 17 312.5 
v 206 17 313.5 
v 205 17 304 
v 206 17 305 
v 205 1 322 
v 206 1 304 
v 206 1 321 
v 206 1 312.5 
v 205 9.53674e-07 295.5 
v 205 9.53674e-07 330.5 
v 205 1 295.5 
v 205 1 296.5 
v 205 17 295.5 
v 205 17 296.5 
v 205 1 304 
v 205 1 305 
v 205 17 304 
v 205 17 305 
v 205 1 312.5 
v 205 1 313.5 
v 205 17 312.5 
v 205 17 313.5 
v 205 1 321 
v 205 1 322 
v 205 17 321 
v 205 17 322 
v 205 1 329.5 
v 205 1 330.5 
v 205 17 329.5 
v 205 17 330.5 
v 205 9.53674e-07 330.5 
v 206 9.53674e-07 295.5 
v 205 1 322 
v 206 1 304 
v 206 9.53674e-07 295.5 
v 206 9.53674e-07 330.5 
v 205 9.53674e-07 330.5 
v 205 9.53674e-07 295.5 
v 206 9.53674e-07 295.5 
v 205 9.53674e-07 295.5 
v 206 1 295.5 
v 205 1 295.5 
v 206 17 295.5 
v 205 17 295.5 
v 206 17 304 
v 206 1 304 
v 205 1 304 
v 205 17 304 
v 206 17 312.5 
v 206 1 312.5 
v 205 1 312.5 
v 205 17 312.5 
v 206 17 321 
v 206 1 321 
v 205 1 321 
v 205 17 321 
v 206 17 329.5 
v 206 1 329.5 
v 205 1 329.5 
v 205 17 329.5 

vn 0 0 1 
vn 0 0 -1 
vn 0 1 0 
vn 0 1 0 
vn 0 1 0 
vn 0 1 0 
vn 0 1 0 
vn 0 1 0 
vn 0 0 1 
vn 0 0 -1 
vn 1 0 0 
vn 1 0 0 
vn 1 0 0 
vn 1 0 0 
vn 1 0 0 
vn 1 0 0 
vn 1 0 0 
vn 1 0 0 
vn 1 0 0 
vn 1 0 0 
vn 1 0 0 
vn 1 0 0 
vn 1 0 0 
vn 1 0 0 
vn 1 0 0 
vn 1 0 0 
vn 1 0 0 
vn 1 0 0 
vn 1 0 0 
vn 1 0 0 
vn 1 0 0 
vn 1 0 0 
vn 0 0 1 
vn 0 0 -1 
vn 0 1 0 
vn 0 1 0 
vn 0 1 0 
vn 0 1 0 
vn 0 1 0 
vn 0 1 0 
vn 0 1 0 
vn 0 1 0 
vn 0 1 0 
vn 0 1 0 
vn 0 1 0 
vn 0 1 0 
vn 0 1 0 
vn 0 1 0 
vn 0 1 0 
vn 0 1 0 
vn 0 1 0 
vn 0 1 0 
vn 0 1 0 
vn 0 1 0 
vn 1 0 0 
vn 1 0 0 
vn -1 0 0 
vn -1 0 0 
vn 0 1 0 
vn 0 1 0 
vn 0 1 0 
vn 0 1 0 
vn 0 1 0 
vn 0 1 0 
vn 0 1 0 
vn 0 1 0 
vn 0 1 0 
vn 0 1 0 
vn 0 1 0 
vn 0 1 0 
vn 0 1 0 
vn 0 1 0 
vn 0 1 0 
vn 0 1 0 
vn 0 0 1 
vn 0 0 1 
vn 0 0 1 
vn 0 0 1 
vn 0 0 1 
vn 0 0 1 
vn 0 0 1 
vn 0 0 1 
vn 0 0 1 
vn 0 0 1 
vn 0 0 1 
vn 0 0 1 
vn 0 0 1 
vn 0 0 1 
vn 0 0 1 
vn 0 0 1 
vn 0 0 1 
vn 0 0 1 
vn 0 0 1 
vn 0 0 1 
vn 0 0 1 
vn 0 0 1 
vn 0 0 1 
vn 0 0 -1 
vn 0 1 0 
vn 0 1 0 
vn 0 1 0 
vn 0 1 0 
vn 0 1 0 
vn 0 1 0 
vn 0 0 1 
vn 0 0 -1 
vn 1 0 0 
vn 1 0 0 
vn -1 0 0 
vn -1 0 0 
vn -1 0 0 
vn -1 0 0 
vn -1 0 0 
vn -1 0 0 
vn -1 0 0 
vn -1 0 0 
vn -1 0 0 
vn -1 0 0 
vn -1 0 0 
vn -1 0 0 
vn -1 0 0 
vn -1 0 0 
vn -1 0 0 
vn -1 0 0 
vn -1 0 0 
vn -1 0 0 
vn -1 0 0 
vn -1 0 0 
vn -1 0 0 
vn -1 0 0 
vn 0 0 1 
vn 0 0 -1 
vn 0 0 1 
vn 0 0 -1 
vn 0 -1 0 
vn 0 -1 0 
vn 0 -1 0 
vn 0 -1 0 
vn 0 0 -1 
vn 0 0 -1 
vn 0 0 -1 
vn 0 0 -1 
vn 0 0 -1 
vn 0 0 -1 
vn 0 0 -1 
vn 0 0 -1 
vn 0 0 -1 
vn 0 0 -1 
vn 0 0 -1 
vn 0 0 -1 
vn 0 0 -1 
vn 0 0 -1 
vn 0 0 -1 
vn 0 0 -1 
vn 0 0 -1 
vn 0 0 -1 
vn 0 0 -1 
vn 0 0 -1 
vn 0 0 -1 
vn 0 0 -1 

vt 25.8125 -52.0625 
vt 30.1875 -52.0625 
vt 27 -49.9375 
vt 26.875 -49.9375 
vt 28.0625 -49.9375 
vt 27.9375 -49.9375 
vt 29.125 -49.9375 
vt 29 -49.9375 
vt 26.875 -51.9375 
vt 29.125 -51.9375 
vt 30.1875 -52.0625 
vt 25.8125 -51.9375 
vt 25.8125 -52.0625 
vt 25.9375 -51.9375 
vt 25.8125 -49.9375 
vt 25.9375 -49.9375 
vt 26.875 -51.9375 
vt 27 -51.9375 
vt 26.875 -49.9375 
vt 27 -49.9375 
vt 27.9375 -51.9375 
vt 28.0625 -51.9375 
vt 27.9375 -49.9375 
vt 28.0625 -49.9375 
vt 29 -51.9375 
vt 29.125 -51.9375 
vt 29 -49.9375 
vt 29.125 -49.9375 
vt 30.0625 -51.9375 
vt 30.1875 -51.9375 
vt 30.0625 -49.9375 
vt 30.1875 -49.9375 
vt 28.0625 -48.8125 
vt 27.9375 -53.1875 
vt 27.9375 -50 
vt 28.0625 -50 
vt 27.9375 -49.875 
vt 28.0625 -49.875 
vt 27.9375 -51.0625 
vt 28.0625 -51.0625 
vt 27.9375 -50.9375 
vt 28.0625 -50.9375 
vt 27.9375 -52.125 
vt 28.0625 -52.125 
vt 27.9375 -52 
vt 28.0625 -52 
vt 27.9375 -53.1875 
vt 28.0625 -53.1875 
vt 27.9375 -53.0625 
vt 28.0625 -53.0625 
vt 28.0625 -48.8125 
vt 27.9375 -48.8125 
vt 28.0625 -48.9375 
vt 27.9375 -48.9375 
vt 27.9375 -50 
vt 27.9375 -51.0625 
vt 28.0625 -52 
vt 28.0625 -50.9375 
vt 28.0625 -52.125 
vt 27.9375 -52.125 
vt 28.0625 -53.0625 
vt 27.9375 -53.0625 
vt 27.9375 -49.875 
vt 28.0625 -49.875 
vt 27.9375 -48.9375 
vt 28.0625 -48.9375 
vt 28.0625 -50.9375 
vt 27.9375 -50 
vt 27.9375 -50.9375 
vt 28.0625 -50 
vt 27.9375 -51.0625 
vt 28.0625 -52 
vt 28.0625 -51.0625 
vt 27.9375 -52 
vt 28.0625 -51.9375 
vt 27.9375 -51.9375 
vt 28.0625 -52.0625 
vt 27.9375 -52.0625 
vt 27.9375 -49.9375 
vt 28.0625 -49.9375 
vt 28.0625 -51.9375 
vt 27.9375 -49.9375 
vt 27.9375 -51.9375 
vt 28.0625 -49.9375 
vt 27.9375 -49.9375 
vt 28.0625 -51.9375 
vt 28.0625 -49.9375 
vt 27.9375 -51.9375 
vt 28.0625 -51.9375 
vt 27.9375 -49.9375 
vt 27.9375 -51.9375 
vt 28.0625 -49.9375 
vt 28.0625 -51.9375 
vt 27.9375 -49.9375 
vt 27.9375 -51.9375 
vt 28.0625 -49.9375 
vt 30.1875 -52.0625 
vt 25.8125 -52.0625 
vt 29 -49.9375 
vt 29.125 -49.9375 
vt 27.9375 -49.9375 
vt 28.0625 -49.9375 
vt 26.875 -49.9375 
vt 27 -49.9375 
vt 29.125 -51.9375 
vt 26.875 -51.9375 
vt 29 -51.9375 
vt 27.9375 -51.9375 
vt 25.8125 -52.0625 
vt 30.1875 -52.0625 
vt 25.8125 -51.9375 
vt 25.9375 -51.9375 
vt 25.8125 -49.9375 
vt 25.9375 -49.9375 
vt 26.875 -51.9375 
vt 27 -51.9375 
vt 26.875 -49.9375 
vt 27 -49.9375 
vt 27.9375 -51.9375 
vt 28.0625 -51.9375 
vt 27.9375 -49.9375 
vt 28.0625 -49.9375 
vt 29 -51.9375 
vt 29.125 -51.9375 
vt 29 -49.9375 
vt 29.125 -49.9375 
vt 30.0625 -51.9375 
vt 30.1875 -51.9375 
vt 30.0625 -49.9375 
vt 30.1875 -49.9375 
vt 27.9375 -48.8125 
vt 28.0625 -53.1875 
vt 27.9375 -49.875 
vt 28.0625 -52.125 
vt 28.0625 -53.1875 
vt 28.0625 -48.8125 
vt 27.9375 -48.8125 
vt 27.9375 -53.1875 
vt 27.9375 -52.0625 
vt 28.0625 -52.0625 
vt 27.9375 -51.9375 
vt 28.0625 -51.9375 
vt 27.9375 -49.9375 
vt 28.0625 -49.9375 
vt 27.9375 -49.9375 
vt 27.9375 -51.9375 
vt 28.0625 -51.9375 
vt 28.0625 -49.9375 
vt 27.9375 -49.9375 
vt 27.9375 -51.9375 
vt 28.0625 -51.9375 
vt 28.0625 -49.9375 
vt 27.9375 -49.9375 
vt 27.9375 -51.9375 
vt 28.0625 -51.9375 
vt 28.0625 -49.9375 
vt 27.9375 -49.9375 
vt 27.9375 -51.9375 
vt 28.0625 -51.9375 
vt 28.0625 -49.9375 

usemtl Union161Mtl

f 359/359/359 360/360/360 361/361/361 
f 360/360/360 359/359/359 362/362/362 
f 362/362/362 363/363/363 360/360/360 
f 363/363/363 362/362/362 364/364/364 
f 362/362/362 359/359/359 365/365/365 
f 365/365/365 359/359/359 366/366/366 
f 366/366/366 367/367/367 365/365/365 
f 367/367/367 366/366/366 368/368/368 
f 366/366/366 359/359/359 369/369/369 
f 359/359/359 370/370/370 369/369/369 
f 370/370/370 371/371/371 369/369/369 
f 371/371/371 370/370/370 372/372/372 
f 359/359/359 373/373/373 370/370/370 
f 359/359/359 374/374/374 373/373/373 
f 374/374/374 375/375/375 373/373/373 
f 375/375/375 374/374/374 376/376/376 
f 359/359/359 377/377/377 374/374/374 
f 359/359/359 378/378/378 377/377/377 
f 378/378/378 379/379/379 377/377/377 
f 379/379/379 378/378/378 380/380/380 
f 383/383/383 384/384/384 385/385/385 
f 386/386/386 385/385/385 384/384/384 
f 387/387/387 388/388/388 389/389/389 
f 390/390/390 389/389/389 388/388/388 
f 391/391/391 392/392/392 393/393/393 
f 394/394/394 393/393/393 392/392/392 
f 395/395/395 396/396/396 397/397/397 
f 398/398/398 397/397/397 396/396/396 
f 399/399/399 400/400/400 401/401/401 
f 402/402/402 401/401/401 400/400/400 
f 407/407/407 408/408/408 409/409/409 
f 410/410/410 409/409/409 408/408/408 
f 411/411/411 412/412/412 413/413/413 
f 414/414/414 413/413/413 412/412/412 
f 415/415/415 416/416/416 417/417/417 
f 418/418/418 416/416/416 415/415/415 
f 419/419/419 420/420/420 421/421/421 
f 422/422/422 420/420/420 419/419/419 
f 423/423/423 424/424/424 425/425/425 
f 426/426/426 425/425/425 424/424/424 
f 423/423/423 427/427/427 424/424/424 
f 427/427/427 423/423/423 428/428/428 
f 429/429/429 430/430/430 431/431/431 
f 430/430/430 429/429/429 432/432/432 
f 433/433/433 434/434/434 435/435/435 
f 434/434/434 433/433/433 436/436/436 
f 437/437/437 438/438/438 439/439/439 
f 438/438/438 437/437/437 440/440/440 
f 441/441/441 442/442/442 443/443/443 
f 442/442/442 441/441/441 444/444/444 
f 457/457/457 458/458/458 459/459/459 
f 459/459/459 458/458/458 460/460/460 
f 460/460/460 461/461/461 459/459/459 
f 461/461/461 460/460/460 462/462/462 
f 460/460/460 458/458/458 463/463/463 
f 463/463/463 458/458/458 464/464/464 
f 464/464/464 465/465/465 463/463/463 
f 465/465/465 464/464/464 466/466/466 
f 464/464/464 458/458/458 467/467/467 
f 458/458/458 468/468/468 467/467/467 
f 468/468/468 469/469/469 467/467/467 
f 469/469/469 468/468/468 470/470/470 
f 458/458/458 471/471/471 468/468/468 
f 458/458/458 472/472/472 471/471/471 
f 472/472/472 473/473/473 471/471/471 
f 473/473/473 472/472/472 474/474/474 
f 458/458/458 475/475/475 472/472/472 
f 458/458/458 476/476/476 475/475/475 
f 476/476/476 477/477/477 475/475/475 
f 477/477/477 476/476/476 478/478/478 
f 483/483/483 484/484/484 485/485/485 
f 486/486/486 483/483/483 485/485/485 
f 487/487/487 488/488/488 489/489/489 
f 490/490/490 489/489/489 488/488/488 
f 491/491/491 489/489/489 490/490/490 
f 491/491/491 490/490/490 492/492/492 
f 493/493/493 494/494/494 495/495/495 
f 493/493/493 495/495/495 496/496/496 
f 497/497/497 498/498/498 499/499/499 
f 497/497/497 499/499/499 500/500/500 
f 501/501/501 502/502/502 503/503/503 
f 501/501/501 503/503/503 504/504/504 
f 505/505/505 506/506/506 507/507/507 
f 505/505/505 507/507/507 508/508/508 

g Union251

v -40 8.99975 144.5 
v -40 1.99975 145.5 
v -40 1.99975 144.5 
v -40 -0.000253677 129.5 
v -40 9.99975 145.5 
v -40 0.999743 145.5 
v -40 -0.000253677 145.5 
v -40 1.99975 138 
v -40 1.99975 137 
v -40 1.99975 129.5 
v -40 8.99975 138 
v -40 8.99975 137 
v -40 8.99975 129.5 
v -40 9.99975 144.5 
v -40 20.9997 145.5 
v -40 20.9997 144.5 
v -40 9.99975 138 
v -40 9.99975 137 
v -40 9.99975 129.5 
v -40 20.9997 138 
v -40 20.9997 137 
v -40 20.9997 144.5 
v -41 20.9997 144.5 
v -40 20.9997 145.5 
v -41 20.9997 145.5 
v -40 20.9997 137 
v -41 20.9997 137 
v -40 20.9997 138 
v -41 20.9997 138 
v -40 9.99975 138 
v -41 9.99975 144.5 
v -40 9.99975 144.5 
v -41 9.99975 138 
v -40 9.99975 137 
v -40 9.99975 129.5 
v -41 9.99975 137 
v -41 9.99975 129.5 
v -41 1.99975 138 
v -41 1.99975 144.5 
v -40 1.99975 138 
v -40 1.99975 144.5 
v -40 1.99975 129.5 
v -41 1.99975 129.5 
v -41 1.99975 137 
v -40 1.99975 137 
v -41 0.999743 145.5 
v -40 0.999743 145.5 
v -41 20.9997 145.5 
v -41 -0.000253677 145.5 
v -40 -0.000253677 145.5 
v -40 1.99975 145.5 
v -40 9.99975 145.5 
v -40 20.9997 145.5 
v -40 9.99975 138 
v -41 20.9997 138 
v -41 9.99975 138 
v -40 20.9997 138 
v -41 8.99975 138 
v -40 1.99975 138 
v -40 8.99975 138 
v -41 1.99975 138 
v -41 8.99975 144.5 
v -41 0.999743 145.5 
v -41 9.99975 144.5 
v -41 20.9997 144.5 
v -41 20.9997 145.5 
v -41 9.99975 138 
v -41 1.99975 144.5 
v -41 8.99975 138 
v -41 -0.000253677 145.5 
v -41 20.9997 137 
v -41 20.9997 138 
v -41 1.99975 138 
v -41 0.999743 138 
v -41 9.99975 137 
v -41 8.99975 137 
v -41 9.99975 129.5 
v -41 8.99975 129.5 
v -41 1.99975 137 
v -41 0.999743 137 
v -41 -0.000253677 129.5 
v -41 1.99975 129.5 
v -40 -0.000253677 129.5 
v -40 -0.000253677 145.5 
v -41 -0.000253677 145.5 
v -41 -0.000253677 129.5 
v -41 8.99975 138 
v -40 8.99975 138 
v -40 8.99975 144.5 
v -41 8.99975 144.5 
v -40 8.99975 137 
v -41 8.99975 137 
v -41 8.99975 129.5 
v -40 8.99975 129.5 
v -41 1.99975 129.5 
v -40 1.99975 129.5 
v -41 -0.000253677 129.5 
v -40 -0.000253677 129.5 
v -41 9.99975 129.5 
v -40 9.99975 129.5 
v -41 8.99975 129.5 
v -40 8.99975 129.5 
v -41 1.99975 137 
v -40 8.99975 137 
v -40 1.99975 137 
v -41 8.99975 137 
v -40 20.9997 137 
v -40 9.99975 137 
v -41 9.99975 137 
v -41 20.9997 137 
v -40 20.9997 144.5 
v -40 9.99975 144.5 
v -41 9.99975 144.5 
v -41 20.9997 144.5 
v -40 8.99975 144.5 
v -40 1.99975 144.5 
v -41 1.99975 144.5 
v -41 8.99975 144.5 

vn 1 0 0 
vn 1 0 0 
vn 1 0 0 
vn 1 0 0 
vn 1 0 0 
vn 1 0 0 
vn 1 0 0 
vn 1 0 0 
vn 1 0 0 
vn 1 0 0 
vn 1 0 0 
vn 1 0 0 
vn 1 0 0 
vn 1 0 0 
vn 1 0 0 
vn 1 0 0 
vn 1 0 0 
vn 1 0 0 
vn 1 0 0 
vn 1 0 0 
vn 1 0 0 
vn 0 1 0 
vn 0 1 0 
vn 0 1 0 
vn 0 1 0 
vn 0 1 0 
vn 0 1 0 
vn 0 1 0 
vn 0 1 0 
vn 0 1 0 
vn 0 1 0 
vn 0 1 0 
vn 0 1 0 
vn 0 1 0 
vn 0 1 0 
vn 0 1 0 
vn 0 1 0 
vn 0 1 0 
vn 0 1 0 
vn 0 1 0 
vn 0 1 0 
vn 0 1 0 
vn 0 1 0 
vn 0 1 0 
vn 0 1 0 
vn 0 0 1 
vn 0 0 1 
vn 0 0 1 
vn 0 0 1 
vn 0 0 1 
vn 0 0 1 
vn 0 0 1 
vn 0 0 1 
vn 0 0 1 
vn 0 0 1 
vn 0 0 1 
vn 0 0 1 
vn 0 0 1 
vn 0 0 1 
vn 0 0 1 
vn 0 0 1 
vn -1 0 0 
vn -1 0 0 
vn -1 0 0 
vn -1 0 0 
vn -1 0 0 
vn -1 0 0 
vn -1 0 0 
vn -1 0 0 
vn -1 0 0 
vn -1 0 0 
vn -1 0 0 
vn -1 0 0 
vn -1 0 0 
vn -1 0 0 
vn -1 0 0 
vn -1 0 0 
vn -1 0 0 
vn -1 0 0 
vn -1 0 0 
vn -1 0 0 
vn -1 0 0 
vn 0 -1 0 
vn 0 -1 0 
vn 0 -1 0 
vn 0 -1 0 
vn 0 -1 0 
vn 0 -1 0 
vn 0 -1 0 
vn 0 -1 0 
vn 0 -1 0 
vn 0 -1 0 
vn 0 -1 0 
vn 0 -1 0 
vn 0 0 -1 
vn 0 0 -1 
vn 0 0 -1 
vn 0 0 -1 
vn 0 0 -1 
vn 0 0 -1 
vn 0 0 -1 
vn 0 0 -1 
vn 0 0 -1 
vn 0 0 -1 
vn 0 0 -1 
vn 0 0 -1 
vn 0 0 -1 
vn 0 0 -1 
vn 0 0 -1 
vn 0 0 -1 
vn 0 0 -1 
vn 0 0 -1 
vn 0 0 -1 
vn 0 0 -1 
vn 0 0 -1 
vn 0 0 -1 
vn 0 0 -1 
vn 0 0 -1 

vt 11.125 -53.1875 
vt 11 -54.0625 
vt 11.125 -54.0625 
vt 13 -54.3125 
vt 11 -53.0625 
vt 11 -54.1875 
vt 11 -54.3125 
vt 11.9375 -54.0625 
vt 12.0625 -54.0625 
vt 13 -54.0625 
vt 11.9375 -53.1875 
vt 12.0625 -53.1875 
vt 13 -53.1875 
vt 11.125 -53.0625 
vt 11 -51.6875 
vt 11.125 -51.6875 
vt 11.9375 -53.0625 
vt 12.0625 -53.0625 
vt 13 -53.0625 
vt 11.9375 -51.6875 
vt 12.0625 -51.6875 
vt 11.9375 -52.125 
vt 12.0625 -52.125 
vt 11.9375 -52 
vt 12.0625 -52 
vt 11.9375 -53.0625 
vt 12.0625 -53.0625 
vt 11.9375 -52.9375 
vt 12.0625 -52.9375 
vt 11.9375 -52.9375 
vt 12.0625 -52.125 
vt 11.9375 -52.125 
vt 12.0625 -52.9375 
vt 11.9375 -53.0625 
vt 11.9375 -54 
vt 12.0625 -53.0625 
vt 12.0625 -54 
vt 12.0625 -52.9375 
vt 12.0625 -52.125 
vt 11.9375 -52.9375 
vt 11.9375 -52.125 
vt 11.9375 -54 
vt 12.0625 -54 
vt 12.0625 -53.0625 
vt 11.9375 -53.0625 
vt 11.9375 -54.1875 
vt 12.0625 -54.1875 
vt 11.9375 -51.6875 
vt 11.9375 -54.3125 
vt 12.0625 -54.3125 
vt 12.0625 -54.0625 
vt 12.0625 -53.0625 
vt 12.0625 -51.6875 
vt 12.0625 -53.0625 
vt 11.9375 -51.6875 
vt 11.9375 -53.0625 
vt 12.0625 -51.6875 
vt 11.9375 -53.1875 
vt 12.0625 -54.0625 
vt 12.0625 -53.1875 
vt 11.9375 -54.0625 
vt 12.875 -53.1875 
vt 13 -54.1875 
vt 12.875 -53.0625 
vt 12.875 -51.6875 
vt 13 -51.6875 
vt 12.0625 -53.0625 
vt 12.875 -54.0625 
vt 12.0625 -53.1875 
vt 13 -54.3125 
vt 11.9375 -51.6875 
vt 12.0625 -51.6875 
vt 12.0625 -54.0625 
vt 12.0625 -54.1875 
vt 11.9375 -53.0625 
vt 11.9375 -53.1875 
vt 11 -53.0625 
vt 11 -53.1875 
vt 11.9375 -54.0625 
vt 11.9375 -54.1875 
vt 11 -54.3125 
vt 11 -54.0625 
vt 12.0625 -54 
vt 12.0625 -52 
vt 11.9375 -52 
vt 11.9375 -54 
vt 11.9375 -52.9375 
vt 12.0625 -52.9375 
vt 12.0625 -52.125 
vt 11.9375 -52.125 
vt 12.0625 -53.0625 
vt 11.9375 -53.0625 
vt 11.9375 -54 
vt 12.0625 -54 
vt 12.0625 -54.0625 
vt 11.9375 -54.0625 
vt 12.0625 -54.3125 
vt 11.9375 -54.3125 
vt 12.0625 -53.0625 
vt 11.9375 -53.0625 
vt 12.0625 -53.1875 
vt 11.9375 -53.1875 
vt 12.0625 -54.0625 
vt 11.9375 -53.1875 
vt 11.9375 -54.0625 
vt 12.0625 -53.1875 
vt 11.9375 -51.6875 
vt 11.9375 -53.0625 
vt 12.0625 -53.0625 
vt 12.0625 -51.6875 
vt 11.9375 -51.6875 
vt 11.9375 -53.0625 
vt 12.0625 -53.0625 
vt 12.0625 -51.6875 
vt 11.9375 -53.1875 
vt 11.9375 -54.0625 
vt 12.0625 -54.0625 
vt 12.0625 -53.1875 

usemtl Union161Mtl

f 509/509/509 510/510/510 511/511/511 
f 510/510/510 512/512/512 511/511/511 
f 509/509/509 513/513/513 510/510/510 
f 512/512/512 510/510/510 514/514/514 
f 515/515/515 512/512/512 514/514/514 
f 511/511/511 512/512/512 516/516/516 
f 516/516/516 512/512/512 517/517/517 
f 517/517/517 512/512/512 518/518/518 
f 516/516/516 517/517/517 519/519/519 
f 519/519/519 513/513/513 509/509/509 
f 519/519/519 517/517/517 520/520/520 
f 520/520/520 513/513/513 519/519/519 
f 520/520/520 521/521/521 513/513/513 
f 513/513/513 521/521/521 522/522/522 
f 513/513/513 522/522/522 523/523/523 
f 524/524/524 523/523/523 522/522/522 
f 522/522/522 521/521/521 525/525/525 
f 525/525/525 521/521/521 526/526/526 
f 526/526/526 521/521/521 527/527/527 
f 526/526/526 528/528/528 525/525/525 
f 529/529/529 528/528/528 526/526/526 
f 530/530/530 531/531/531 532/532/532 
f 533/533/533 532/532/532 531/531/531 
f 534/534/534 535/535/535 536/536/536 
f 537/537/537 536/536/536 535/535/535 
f 538/538/538 539/539/539 540/540/540 
f 541/541/541 539/539/539 538/538/538 
f 542/542/542 543/543/543 544/544/544 
f 543/543/543 545/545/545 544/544/544 
f 546/546/546 547/547/547 548/548/548 
f 548/548/548 547/547/547 549/549/549 
f 550/550/550 551/551/551 552/552/552 
f 553/553/553 550/550/550 552/552/552 
f 554/554/554 555/555/555 556/556/556 
f 554/554/554 557/557/557 555/555/555 
f 558/558/558 555/555/555 557/557/557 
f 556/556/556 555/555/555 559/559/559 
f 560/560/560 556/556/556 559/559/559 
f 561/561/561 556/556/556 560/560/560 
f 562/562/562 563/563/563 564/564/564 
f 565/565/565 563/563/563 562/562/562 
f 566/566/566 567/567/567 568/568/568 
f 569/569/569 567/567/567 566/566/566 
f 570/570/570 571/571/571 572/572/572 
f 572/572/572 571/571/571 573/573/573 
f 573/573/573 571/571/571 574/574/574 
f 572/572/572 575/575/575 570/570/570 
f 576/576/576 571/571/571 570/570/570 
f 577/577/577 570/570/570 575/575/575 
f 578/578/578 571/571/571 576/576/576 
f 579/579/579 577/577/577 575/575/575 
f 579/579/579 575/575/575 580/580/580 
f 579/579/579 581/581/581 577/577/577 
f 576/576/576 581/581/581 582/582/582 
f 579/579/579 582/582/582 581/581/581 
f 582/582/582 578/578/578 576/576/576 
f 583/583/583 582/582/582 579/579/579 
f 584/584/584 582/582/582 583/583/583 
f 583/583/583 585/585/585 584/584/584 
f 586/586/586 584/584/584 585/585/585 
f 587/587/587 582/582/582 584/584/584 
f 588/588/588 578/578/578 582/582/582 
f 588/588/588 582/582/582 587/587/587 
f 588/588/588 589/589/589 578/578/578 
f 587/587/587 590/590/590 588/588/588 
f 588/588/588 590/590/590 589/589/589 
f 591/591/591 592/592/592 593/593/593 
f 594/594/594 591/591/591 593/593/593 
f 595/595/595 596/596/596 597/597/597 
f 598/598/598 595/595/595 597/597/597 
f 599/599/599 600/600/600 601/601/601 
f 601/601/601 602/602/602 599/599/599 
f 603/603/603 604/604/604 605/605/605 
f 604/604/604 606/606/606 605/605/605 
f 607/607/607 608/608/608 609/609/609 
f 608/608/608 610/610/610 609/609/609 
f 611/611/611 612/612/612 613/613/613 
f 614/614/614 612/612/612 611/611/611 
f 615/615/615 616/616/616 617/617/617 
f 618/618/618 615/615/615 617/617/617 
f 619/619/619 620/620/620 621/621/621 
f 622/622/622 619/619/619 621/621/621 
f 623/623/623 624/624/624 625/625/625 
f 626/626/626 623/623/623 625/625/625 

g Union181

v 206 9.00026 286.5 
v 206 21.0003 287.5 
v 206 2.00026 286.5 
v 206 10.0003 286.5 
v 206 21.0003 286.5 
v 206 9.00026 277.5 
v 206 10.0003 277.5 
v 206 1.00026 286.5 
v 206 1.00026 276.5 
v 206 10.0003 287.5 
v 206 2.00026 277.5 
v 206 9.00026 287.5 
v 206 10.0003 294.5 
v 206 2.00026 287.5 
v 206 9.00026 294.5 
v 206 0.000258446 294.5 
v 206 21.0003 295.5 
v 206 21.0003 294.5 
v 206 2.00026 294.5 
v 206 0.000258446 295.5 
v 206 21.0003 277.5 
v 206 2.00026 276.5 
v 206 9.00026 276.5 
v 206 10.0003 276.5 
v 206 21.0003 276.5 
v 206 9.00026 267.5 
v 206 10.0003 267.5 
v 206 1.00026 267.5 
v 206 2.00026 267.5 
v 206 1.00026 266.5 
v 206 21.0003 267.5 
v 206 2.00026 266.5 
v 206 9.00026 266.5 
v 206 10.0003 266.5 
v 206 21.0003 266.5 
v 206 9.00026 257.5 
v 206 10.0003 257.5 
v 206 1.00026 257.5 
v 206 2.00026 257.5 
v 206 1.00026 256.5 
v 206 21.0003 257.5 
v 206 2.00026 256.5 
v 206 9.00026 256.5 
v 206 10.0003 256.5 
v 206 21.0003 256.5 
v 206 9.00026 247.5 
v 206 10.0003 247.5 
v 206 1.00026 247.5 
v 206 2.00026 247.5 
v 206 1.00026 246.5 
v 206 21.0003 247.5 
v 206 2.00026 246.5 
v 206 9.00026 246.5 
v 206 10.0003 246.5 
v 206 21.0003 246.5 
v 206 9.00026 237.5 
v 206 10.0003 237.5 
v 206 1.00026 237.5 
v 206 2.00026 237.5 
v 206 1.00026 236.5 
v 206 21.0003 237.5 
v 206 2.00026 236.5 
v 206 1.00026 227.5 
v 206 9.00026 236.5 
v 206 2.00026 227.5 
v 206 10.0003 236.5 
v 206 21.0003 236.5 
v 206 9.00026 227.5 
v 206 10.0003 227.5 
v 206 1.01455 226.5 
v 206 0.000258446 155.5 
v 206 21.0003 227.5 
v 206 2.00026 226.5 
v 206 9.00026 226.5 
v 206 2.00026 217.5 
v 206 10.0003 226.5 
v 206 21.0003 226.5 
v 206 9.00026 217.5 
v 206 10.0003 217.5 
v 206 1.00026 217.5 
v 206 1.00026 216.5 
v 206 21.0003 217.5 
v 206 2.00026 216.5 
v 206 9.00026 216.5 
v 206 10.0003 216.5 
v 206 21.0003 216.5 
v 206 9.00026 207.5 
v 206 10.0003 207.5 
v 206 1.00026 207.5 
v 206 2.00026 207.5 
v 206 1.00026 206.5 
v 206 21.0003 207.5 
v 206 2.00026 206.5 
v 206 9.00026 206.5 
v 206 10.0003 206.5 
v 206 21.0003 206.5 
v 206 9.00026 197.5 
v 206 10.0003 197.5 
v 206 1.00026 197.5 
v 206 2.00026 197.5 
v 206 1.00026 196.5 
v 206 21.0003 197.5 
v 206 2.00026 196.5 
v 206 9.00026 196.5 
v 206 10.0003 196.5 
v 206 21.0003 196.5 
v 206 9.00026 187.5 
v 206 10.0003 187.5 
v 206 1.00026 187.5 
v 206 2.00026 187.5 
v 206 1.00026 186.5 
v 206 21.0003 187.5 
v 206 2.00026 186.5 
v 206 9.00026 186.5 
v 206 10.0003 186.5 
v 206 21.0003 186.5 
v 206 9.00026 177.5 
v 206 10.0003 177.5 
v 206 1.00026 177.5 
v 206 2.00026 177.5 
v 206 1.00026 176.5 
v 206 21.0003 177.5 
v 206 2.00026 167.5 
v 206 2.00026 176.5 
v 206 9.00026 176.5 
v 206 10.0003 176.5 
v 206 21.0003 176.5 
v 206 9.00026 167.5 
v 206 10.0003 167.5 
v 206 2.00026 166.5 
v 206 21.0003 167.5 
v 206 2.00026 156.5 
v 206 9.00026 166.5 
v 206 1.00026 155.5 
v 206 10.0003 166.5 
v 206 21.0003 166.5 
v 206 9.00026 156.5 
v 206 10.0003 156.5 
v 206 21.0003 156.5 
v 206 21.0003 155.5 
v 205 21.0003 287.5 
v 206 21.0003 286.5 
v 205 21.0003 286.5 
v 206 21.0003 287.5 
v 205 21.0003 277.5 
v 206 21.0003 277.5 
v 206 21.0003 276.5 
v 205 21.0003 276.5 
v 205 21.0003 267.5 
v 206 21.0003 266.5 
v 205 21.0003 266.5 
v 206 21.0003 267.5 
v 205 21.0003 257.5 
v 206 21.0003 256.5 
v 205 21.0003 256.5 
v 206 21.0003 257.5 
v 205 21.0003 247.5 
v 206 21.0003 246.5 
v 205 21.0003 246.5 
v 206 21.0003 247.5 
v 205 21.0003 237.5 
v 206 21.0003 236.5 
v 205 21.0003 236.5 
v 206 21.0003 237.5 
v 205 21.0003 227.5 
v 206 21.0003 226.5 
v 205 21.0003 226.5 
v 206 21.0003 227.5 
v 205 21.0003 217.5 
v 206 21.0003 216.5 
v 205 21.0003 216.5 
v 206 21.0003 217.5 
v 205 21.0003 207.5 
v 206 21.0003 207.5 
v 206 21.0003 206.5 
v 205 21.0003 206.5 
v 205 21.0003 197.5 
v 206 21.0003 196.5 
v 205 21.0003 196.5 
v 206 21.0003 197.5 
v 205 21.0003 187.5 
v 206 21.0003 186.5 
v 205 21.0003 186.5 
v 206 21.0003 187.5 
v 205 21.0003 177.5 
v 206 21.0003 176.5 
v 205 21.0003 176.5 
v 206 21.0003 177.5 
v 205 21.0003 167.5 
v 206 21.0003 166.5 
v 205 21.0003 166.5 
v 206 21.0003 167.5 
v 205 21.0003 295.5 
v 206 21.0003 295.5 
v 205 21.0003 294.5 
v 206 21.0003 294.5 
v 205 21.0003 156.5 
v 206 21.0003 155.5 
v 205 21.0003 155.5 
v 206 21.0003 156.5 
v 206 10.0003 294.5 
v 206 10.0003 287.5 
v 205 10.0003 294.5 
v 205 10.0003 287.5 
v 206 10.0003 286.5 
v 206 10.0003 277.5 
v 205 10.0003 286.5 
v 205 10.0003 277.5 
v 206 10.0003 276.5 
v 206 10.0003 267.5 
v 205 10.0003 276.5 
v 205 10.0003 267.5 
v 206 10.0003 266.5 
v 206 10.0003 257.5 
v 205 10.0003 266.5 
v 205 10.0003 257.5 
v 206 10.0003 256.5 
v 206 10.0003 247.5 
v 205 10.0003 256.5 
v 205 10.0003 247.5 
v 206 10.0003 246.5 
v 206 10.0003 237.5 
v 205 10.0003 246.5 
v 205 10.0003 237.5 
v 205 10.0003 236.5 
v 206 10.0003 236.5 
v 206 10.0003 227.5 
v 205 10.0003 227.5 
v 205 10.0003 187.5 
v 205 10.0003 196.5 
v 206 10.0003 187.5 
v 206 10.0003 196.5 
v 206 10.0003 217.5 
v 205 10.0003 217.5 
v 205 10.0003 226.5 
v 206 10.0003 226.5 
v 205 10.0003 207.5 
v 205 10.0003 216.5 
v 206 10.0003 207.5 
v 206 10.0003 216.5 
v 206 10.0003 206.5 
v 206 10.0003 197.5 
v 205 10.0003 206.5 
v 205 10.0003 197.5 
v 206 10.0003 186.5 
v 206 10.0003 177.5 
v 205 10.0003 186.5 
v 205 10.0003 177.5 
v 206 10.0003 176.5 
v 206 10.0003 167.5 
v 205 10.0003 176.5 
v 205 10.0003 167.5 
v 205 10.0003 156.5 
v 205 10.0003 166.5 
v 206 10.0003 156.5 
v 206 10.0003 166.5 
v 206 2.00026 226.5 
v 206 2.00026 217.5 
v 205 2.00026 226.5 
v 205 2.00026 217.5 
v 206 2.00026 216.5 
v 206 2.00026 207.5 
v 205 2.00026 216.5 
v 205 2.00026 207.5 
v 206 2.00026 206.5 
v 206 2.00026 197.5 
v 205 2.00026 206.5 
v 205 2.00026 197.5 
v 206 2.00026 196.5 
v 206 2.00026 187.5 
v 205 2.00026 196.5 
v 205 2.00026 187.5 
v 206 2.00026 186.5 
v 206 2.00026 177.5 
v 205 2.00026 186.5 
v 205 2.00026 177.5 
v 206 2.00026 176.5 
v 206 2.00026 167.5 
v 205 2.00026 176.5 
v 205 2.00026 167.5 
v 206 2.00026 166.5 
v 206 2.00026 156.5 
v 205 2.00026 166.5 
v 205 2.00026 156.5 
v 205 2.00026 294.5 
v 206 2.00026 294.5 
v 206 2.00026 287.5 
v 205 2.00026 287.5 
v 206 2.00026 286.5 
v 206 2.00026 277.5 
v 205 2.00026 286.5 
v 205 2.00026 277.5 
v 206 2.00026 276.5 
v 206 2.00026 267.5 
v 205 2.00026 276.5 
v 205 2.00026 267.5 
v 206 2.00026 266.5 
v 206 2.00026 257.5 
v 205 2.00026 266.5 
v 205 2.00026 257.5 
v 206 2.00026 256.5 
v 206 2.00026 247.5 
v 205 2.00026 256.5 
v 205 2.00026 247.5 
v 206 2.00026 246.5 
v 206 2.00026 237.5 
v 205 2.00026 246.5 
v 205 2.00026 237.5 
v 206 2.00026 236.5 
v 206 2.00026 227.5 
v 205 2.00026 236.5 
v 205 2.00026 227.5 
v 205 0.000258446 295.5 
v 206 0.000258446 295.5 
v 205 21.0003 295.5 
v 206 21.0003 295.5 
v 206 9.00026 287.5 
v 205 9.00026 287.5 
v 206 2.00026 287.5 
v 205 2.00026 287.5 
v 205 10.0003 287.5 
v 206 10.0003 287.5 
v 205 21.0003 287.5 
v 206 21.0003 287.5 
v 205 10.0003 277.5 
v 206 10.0003 277.5 
v 205 21.0003 277.5 
v 206 21.0003 277.5 
v 205 2.00026 277.5 
v 206 2.00026 277.5 
v 205 9.00026 277.5 
v 206 9.00026 277.5 
v 205 10.0003 267.5 
v 206 10.0003 267.5 
v 205 21.0003 267.5 
v 206 21.0003 267.5 
v 205 2.00026 267.5 
v 206 2.00026 267.5 
v 205 9.00026 267.5 
v 206 9.00026 267.5 
v 205 2.00026 257.5 
v 206 2.00026 257.5 
v 205 9.00026 257.5 
v 206 9.00026 257.5 
v 205 10.0003 257.5 
v 206 10.0003 257.5 
v 205 21.0003 257.5 
v 206 21.0003 257.5 
v 205 10.0003 247.5 
v 206 10.0003 247.5 
v 205 21.0003 247.5 
v 206 21.0003 247.5 
v 205 2.00026 247.5 
v 206 2.00026 247.5 
v 205 9.00026 247.5 
v 206 9.00026 247.5 
v 205 2.00026 237.5 
v 206 2.00026 237.5 
v 205 9.00026 237.5 
v 206 9.00026 237.5 
v 206 21.0003 237.5 
v 205 21.0003 237.5 
v 206 10.0003 237.5 
v 205 10.0003 237.5 
v 206 9.00026 227.5 
v 205 9.00026 227.5 
v 206 2.00026 227.5 
v 205 2.00026 227.5 
v 206 21.0003 227.5 
v 205 21.0003 227.5 
v 206 10.0003 227.5 
v 205 10.0003 227.5 
v 206 21.0003 217.5 
v 205 21.0003 217.5 
v 206 10.0003 217.5 
v 205 10.0003 217.5 
v 206 9.00026 217.5 
v 205 9.00026 217.5 
v 206 2.00026 217.5 
v 205 2.00026 217.5 
v 206 9.00026 207.5 
v 205 9.00026 207.5 
v 206 2.00026 207.5 
v 205 2.00026 207.5 
v 205 10.0003 207.5 
v 206 10.0003 207.5 
v 205 21.0003 207.5 
v 206 21.0003 207.5 
v 206 9.00026 197.5 
v 205 9.00026 197.5 
v 206 2.00026 197.5 
v 205 2.00026 197.5 
v 206 21.0003 197.5 
v 205 21.0003 197.5 
v 206 10.0003 197.5 
v 205 10.0003 197.5 
v 206 21.0003 187.5 
v 205 21.0003 187.5 
v 206 10.0003 187.5 
v 205 10.0003 187.5 
v 206 2.00026 187.5 
v 205 9.00026 187.5 
v 205 2.00026 187.5 
v 206 9.00026 187.5 
v 206 21.0003 177.5 
v 205 21.0003 177.5 
v 206 10.0003 177.5 
v 205 10.0003 177.5 
v 206 9.00026 177.5 
v 205 9.00026 177.5 
v 206 2.00026 177.5 
v 205 2.00026 177.5 
v 206 21.0003 167.5 
v 205 21.0003 167.5 
v 206 10.0003 167.5 
v 205 10.0003 167.5 
v 206 2.00026 167.5 
v 205 9.00026 167.5 
v 205 2.00026 167.5 
v 206 9.00026 167.5 
v 206 21.0003 156.5 
v 205 21.0003 156.5 
v 206 10.0003 156.5 
v 205 10.0003 156.5 
v 206 9.00026 156.5 
v 205 9.00026 156.5 
v 206 2.00026 156.5 
v 205 2.00026 156.5 
v 205 9.00026 287.5 
v 205 21.0003 286.5 
v 205 2.00026 287.5 
v 205 10.0003 287.5 
v 205 21.0003 287.5 
v 205 9.00026 294.5 
v 205 10.0003 294.5 
v 205 10.0003 286.5 
v 205 0.000258446 295.5 
v 205 21.0003 294.5 
v 205 21.0003 295.5 
v 205 2.00026 294.5 
v 205 0.000258446 294.5 
v 205 9.00026 286.5 
v 205 10.0003 277.5 
v 205 2.00026 286.5 
v 205 9.00026 277.5 
v 205 21.0003 276.5 
v 205 21.0003 277.5 
v 205 2.00026 277.5 
v 205 10.0003 276.5 
v 205 9.00026 276.5 
v 205 10.0003 267.5 
v 205 2.00026 276.5 
v 205 9.00026 267.5 
v 205 21.0003 266.5 
v 205 21.0003 267.5 
v 205 2.00026 267.5 
v 205 1.00026 267.5 
v 205 10.0003 266.5 
v 205 9.00026 266.5 
v 205 10.0003 257.5 
v 205 2.00026 266.5 
v 205 9.00026 257.5 
v 205 1.00026 266.5 
v 205 2.00026 257.5 
v 205 21.0003 256.5 
v 205 21.0003 257.5 
v 205 1.00026 257.5 
v 205 10.0003 256.5 
v 205 9.00026 256.5 
v 205 10.0003 247.5 
v 205 2.00026 256.5 
v 205 9.00026 247.5 
v 205 1.00026 256.5 
v 205 2.00026 247.5 
v 205 21.0003 246.5 
v 205 21.0003 247.5 
v 205 1.00026 247.5 
v 205 10.0003 246.5 
v 205 9.00026 246.5 
v 205 10.0003 237.5 
v 205 2.00026 246.5 
v 205 9.00026 237.5 
v 205 1.00026 246.5 
v 205 2.00026 237.5 
v 205 21.0003 236.5 
v 205 21.0003 237.5 
v 205 1.00026 237.5 
v 205 10.0003 236.5 
v 205 9.00026 236.5 
v 205 10.0003 227.5 
v 205 2.00026 236.5 
v 205 9.00026 227.5 
v 205 1.00026 236.5 
v 205 2.00026 227.5 
v 205 21.0003 226.5 
v 205 21.0003 227.5 
v 205 1.00026 227.5 
v 205 10.0003 226.5 
v 205 9.00026 226.5 
v 205 10.0003 217.5 
v 205 2.00026 226.5 
v 205 9.00026 217.5 
v 205 1.00026 226.5 
v 205 1.11455 217.5 
v 205 2.00026 217.5 
v 205 21.0003 216.5 
v 205 21.0003 217.5 
v 205 10.0003 216.5 
v 205 9.00026 216.5 
v 205 10.0003 207.5 
v 205 2.00026 216.5 
v 205 9.00026 207.5 
v 205 1.00026 216.5 
v 205 2.00026 207.5 
v 205 21.0003 206.5 
v 205 21.0003 207.5 
v 205 1.00026 207.5 
v 205 10.0003 206.5 
v 205 9.00026 206.5 
v 205 10.0003 197.5 
v 205 2.00026 206.5 
v 205 9.00026 197.5 
v 205 1.00026 206.5 
v 205 2.00026 197.5 
v 205 21.0003 196.5 
v 205 21.0003 197.5 
v 205 1.00026 197.5 
v 205 10.0003 196.5 
v 205 9.00026 196.5 
v 205 10.0003 187.5 
v 205 2.00026 196.5 
v 205 9.00026 187.5 
v 205 1.00026 196.5 
v 205 2.00026 187.5 
v 205 21.0003 186.5 
v 205 21.0003 187.5 
v 205 1.00026 187.5 
v 205 10.0003 186.5 
v 205 9.00026 186.5 
v 205 10.0003 177.5 
v 205 2.00026 186.5 
v 205 9.00026 177.5 
v 205 1.00026 186.5 
v 205 2.00026 177.5 
v 205 21.0003 176.5 
v 205 21.0003 177.5 
v 205 1.00026 177.5 
v 205 10.0003 176.5 
v 205 9.00026 176.5 
v 205 10.0003 167.5 
v 205 2.00026 176.5 
v 205 9.00026 167.5 
v 205 1.00026 176.5 
v 205 2.00026 167.5 
v 205 21.0003 166.5 
v 205 21.0003 167.5 
v 205 1.00026 167.5 
v 205 10.0003 166.5 
v 205 9.00026 166.5 
v 205 10.0003 156.5 
v 205 2.00026 166.5 
v 205 9.00026 156.5 
v 205 21.0003 155.5 
v 205 21.0003 156.5 
v 205 2.00026 156.5 
v 205 1.00026 155.5 
v 205 0.000258446 155.5 
v 205 1.00026 166.5 
v 205 0.000258446 155.5 
v 206 0.000258446 155.5 
v 206 0.000258446 294.5 
v 205 0.000258446 294.5 
v 205 0.000258446 295.5 
v 206 0.000258446 295.5 
v 206 9.00026 287.5 
v 206 9.00026 294.5 
v 205 9.00026 287.5 
v 205 9.00026 294.5 
v 206 9.00026 277.5 
v 206 9.00026 286.5 
v 205 9.00026 277.5 
v 205 9.00026 286.5 
v 206 9.00026 267.5 
v 206 9.00026 276.5 
v 205 9.00026 267.5 
v 205 9.00026 276.5 
v 206 9.00026 257.5 
v 206 9.00026 266.5 
v 205 9.00026 257.5 
v 205 9.00026 266.5 
v 206 9.00026 247.5 
v 206 9.00026 256.5 
v 205 9.00026 247.5 
v 205 9.00026 256.5 
v 206 9.00026 237.5 
v 206 9.00026 246.5 
v 205 9.00026 237.5 
v 205 9.00026 246.5 
v 205 9.00026 227.5 
v 206 9.00026 227.5 
v 206 9.00026 236.5 
v 205 9.00026 236.5 
v 206 9.00026 226.5 
v 205 9.00026 226.5 
v 205 9.00026 217.5 
v 206 9.00026 217.5 
v 205 9.00026 216.5 
v 205 9.00026 207.5 
v 206 9.00026 216.5 
v 206 9.00026 207.5 
v 205 9.00026 197.5 
v 206 9.00026 206.5 
v 205 9.00026 206.5 
v 206 9.00026 197.5 
v 205 9.00026 187.5 
v 206 9.00026 196.5 
v 205 9.00026 196.5 
v 206 9.00026 187.5 
v 205 9.00026 177.5 
v 206 9.00026 177.5 
v 206 9.00026 186.5 
v 205 9.00026 186.5 
v 205 9.00026 167.5 
v 206 9.00026 167.5 
v 206 9.00026 176.5 
v 205 9.00026 176.5 
v 205 9.00026 156.5 
v 206 9.00026 156.5 
v 206 9.00026 166.5 
v 205 9.00026 166.5 
v 206 1.00026 155.5 
v 206 0.000258446 155.5 
v 205 1.00026 155.5 
v 205 0.000258446 155.5 
v 206 21.0003 155.5 
v 205 21.0003 155.5 
v 206 2.00026 166.5 
v 205 2.00026 166.5 
v 206 9.00026 166.5 
v 205 9.00026 166.5 
v 206 21.0003 166.5 
v 206 10.0003 166.5 
v 205 10.0003 166.5 
v 205 21.0003 166.5 
v 205 9.00026 176.5 
v 206 9.00026 176.5 
v 205 2.00026 176.5 
v 206 2.00026 176.5 
v 205 21.0003 176.5 
v 206 21.0003 176.5 
v 205 10.0003 176.5 
v 206 10.0003 176.5 
v 206 2.00026 186.5 
v 205 2.00026 186.5 
v 206 9.00026 186.5 
v 205 9.00026 186.5 
v 205 21.0003 186.5 
v 206 21.0003 186.5 
v 205 10.0003 186.5 
v 206 10.0003 186.5 
v 206 2.00026 196.5 
v 205 2.00026 196.5 
v 206 9.00026 196.5 
v 205 9.00026 196.5 
v 206 10.0003 196.5 
v 205 10.0003 196.5 
v 206 21.0003 196.5 
v 205 21.0003 196.5 
v 206 21.0003 206.5 
v 206 10.0003 206.5 
v 205 10.0003 206.5 
v 205 21.0003 206.5 
v 206 2.00026 206.5 
v 205 2.00026 206.5 
v 206 9.00026 206.5 
v 205 9.00026 206.5 
v 205 21.0003 216.5 
v 206 21.0003 216.5 
v 205 10.0003 216.5 
v 206 10.0003 216.5 
v 206 9.00026 216.5 
v 206 2.00026 216.5 
v 205 2.00026 216.5 
v 205 9.00026 216.5 
v 206 9.00026 226.5 
v 206 2.00026 226.5 
v 205 2.00026 226.5 
v 205 9.00026 226.5 
v 206 10.0003 226.5 
v 205 10.0003 226.5 
v 206 21.0003 226.5 
v 205 21.0003 226.5 
v 206 9.00026 236.5 
v 206 2.00026 236.5 
v 205 2.00026 236.5 
v 205 9.00026 236.5 
v 206 10.0003 236.5 
v 205 10.0003 236.5 
v 206 21.0003 236.5 
v 205 21.0003 236.5 
v 205 21.0003 246.5 
v 206 21.0003 246.5 
v 205 10.0003 246.5 
v 206 10.0003 246.5 
v 206 9.00026 246.5 
v 206 2.00026 246.5 
v 205 2.00026 246.5 
v 205 9.00026 246.5 
v 206 10.0003 256.5 
v 205 10.0003 256.5 
v 206 21.0003 256.5 
v 205 21.0003 256.5 
v 205 9.00026 256.5 
v 206 9.00026 256.5 
v 205 2.00026 256.5 
v 206 2.00026 256.5 
v 205 21.0003 266.5 
v 206 21.0003 266.5 
v 205 10.0003 266.5 
v 206 10.0003 266.5 
v 205 9.00026 266.5 
v 206 9.00026 266.5 
v 205 2.00026 266.5 
v 206 2.00026 266.5 
v 206 10.0003 276.5 
v 205 10.0003 276.5 
v 206 21.0003 276.5 
v 205 21.0003 276.5 
v 206 9.00026 276.5 
v 206 2.00026 276.5 
v 205 2.00026 276.5 
v 205 9.00026 276.5 
v 205 21.0003 286.5 
v 206 21.0003 286.5 
v 205 10.0003 286.5 
v 206 10.0003 286.5 
v 205 9.00026 286.5 
v 206 9.00026 286.5 
v 205 2.00026 286.5 
v 206 2.00026 286.5 
v 206 9.00026 294.5 
v 206 2.00026 294.5 
v 205 2.00026 294.5 
v 205 9.00026 294.5 
v 205 21.0003 294.5 
v 206 21.0003 294.5 
v 205 10.0003 294.5 
v 206 10.0003 294.5 

vn 1 0 0 
vn 1 0 0 
vn 1 0 0 
vn 1 0 0 
vn 1 0 0 
vn 1 0 0 
vn 1 0 0 
vn 1 0 0 
vn 1 0 0 
vn 1 0 0 
vn 1 0 0 
vn 1 0 0 
vn 1 0 0 
vn 1 0 0 
vn 1 0 0 
vn 1 0 0 
vn 1 0 0 
vn 1 0 0 
vn 1 0 0 
vn 1 0 0 
vn 1 0 0 
vn 1 0 0 
vn 1 0 0 
vn 1 0 0 
vn 1 0 0 
vn 1 0 0 
vn 1 0 0 
vn 1 0 0 
vn 1 0 0 
vn 1 0 0 
vn 1 0 0 
vn 1 0 0 
vn 1 0 0 
vn 1 0 0 
vn 1 0 0 
vn 1 0 0 
vn 1 0 0 
vn 1 0 0 
vn 1 0 0 
vn 1 0 0 
vn 1 0 0 
vn 1 0 0 
vn 1 0 0 
vn 1 0 0 
vn 1 0 0 
vn 1 0 0 
vn 1 0 0 
vn 1 0 0 
vn 1 0 0 
vn 1 0 0 
vn 1 0 0 
vn 1 0 0 
vn 1 0 0 
vn 1 0 0 
vn 1 0 0 
vn 1 0 0 
vn 1 0 0 
vn 1 0 0 
vn 1 0 0 
vn 1 0 0 
vn 1 0 0 
vn 1 0 0 
vn 1 0 0 
vn 1 0 0 
vn 1 0 0 
vn 1 0 0 
vn 1 0 0 
vn 1 0 0 
vn 1 0 0 
vn 1 0 0 
vn 1 0 0 
vn 1 0 0 
vn 1 0 0 
vn 1 0 0 
vn 1 0 0 
vn 1 0 0 
vn 1 0 0 
vn 1 0 0 
vn 1 0 0 
vn 1 0 0 
vn 1 0 0 
vn 1 0 0 
vn 1 0 0 
vn 1 0 0 
vn 1 0 0 
vn 1 0 0 
vn 1 0 0 
vn 1 0 0 
vn 1 0 0 
vn 1 0 0 
vn 1 0 0 
vn 1 0 0 
vn 1 0 0 
vn 1 0 0 
vn 1 0 0 
vn 1 0 0 
vn 1 0 0 
vn 1 0 0 
vn 1 0 0 
vn 1 0 0 
vn 1 0 0 
vn 1 0 0 
vn 1 0 0 
vn 1 0 0 
vn 1 0 0 
vn 1 0 0 
vn 1 0 0 
vn 1 0 0 
vn 1 0 0 
vn 1 0 0 
vn 1 0 0 
vn 1 0 0 
vn 1 0 0 
vn 1 0 0 
vn 1 0 0 
vn 1 0 0 
vn 1 0 0 
vn 1 0 0 
vn 1 0 0 
vn 1 0 0 
vn 1 0 0 
vn 1 0 0 
vn 1 0 0 
vn 1 0 0 
vn 1 0 0 
vn 1 0 0 
vn 1 0 0 
vn 1 0 0 
vn 1 0 0 
vn 1 0 0 
vn 1 0 0 
vn 1 0 0 
vn 1 0 0 
vn 1 0 0 
vn 1 0 0 
vn 1 0 0 
vn 1 0 0 
vn 1 0 0 
vn 1 0 0 
vn 1 0 0 
vn 0 1 0 
vn 0 1 0 
vn 0 1 0 
vn 0 1 0 
vn 0 1 0 
vn 0 1 0 
vn 0 1 0 
vn 0 1 0 
vn 0 1 0 
vn 0 1 0 
vn 0 1 0 
vn 0 1 0 
vn 0 1 0 
vn 0 1 0 
vn 0 1 0 
vn 0 1 0 
vn 0 1 0 
vn 0 1 0 
vn 0 1 0 
vn 0 1 0 
vn 0 1 0 
vn 0 1 0 
vn 0 1 0 
vn 0 1 0 
vn 0 1 0 
vn 0 1 0 
vn 0 1 0 
vn 0 1 0 
vn 0 1 0 
vn 0 1 0 
vn 0 1 0 
vn 0 1 0 
vn 0 1 0 
vn 0 1 0 
vn 0 1 0 
vn 0 1 0 
vn 0 1 0 
vn 0 1 0 
vn 0 1 0 
vn 0 1 0 
vn 0 1 0 
vn 0 1 0 
vn 0 1 0 
vn 0 1 0 
vn 0 1 0 
vn 0 1 0 
vn 0 1 0 
vn 0 1 0 
vn 0 1 0 
vn 0 1 0 
vn 0 1 0 
vn 0 1 0 
vn 0 1 0 
vn 0 1 0 
vn 0 1 0 
vn 0 1 0 
vn 0 1 0 
vn 0 1 0 
vn 0 1 0 
vn 0 1 0 
vn 0 1 0 
vn 0 1 0 
vn 0 1 0 
vn 0 1 0 
vn 0 1 0 
vn 0 1 0 
vn 0 1 0 
vn 0 1 0 
vn 0 1 0 
vn 0 1 0 
vn 0 1 0 
vn 0 1 0 
vn 0 1 0 
vn 0 1 0 
vn 0 1 0 
vn 0 1 0 
vn 0 1 0 
vn 0 1 0 
vn 0 1 0 
vn 0 1 0 
vn 0 1 0 
vn 0 1 0 
vn 0 1 0 
vn 0 1 0 
vn 0 1 0 
vn 0 1 0 
vn 0 1 0 
vn 0 1 0 
vn 0 1 0 
vn 0 1 0 
vn 0 1 0 
vn 0 1 0 
vn 0 1 0 
vn 0 1 0 
vn 0 1 0 
vn 0 1 0 
vn 0 1 0 
vn 0 1 0 
vn 0 1 0 
vn 0 1 0 
vn 0 1 0 
vn 0 1 0 
vn 0 1 0 
vn 0 1 0 
vn 0 1 0 
vn 0 1 0 
vn 0 1 0 
vn 0 1 0 
vn 0 1 0 
vn 0 1 0 
vn 0 1 0 
vn 0 1 0 
vn 0 1 0 
vn 0 1 0 
vn 0 1 0 
vn 0 1 0 
vn 0 1 0 
vn 0 1 0 
vn 0 1 0 
vn 0 1 0 
vn 0 1 0 
vn 0 1 0 
vn 0 1 0 
vn 0 1 0 
vn 0 1 0 
vn 0 1 0 
vn 0 1 0 
vn 0 1 0 
vn 0 1 0 
vn 0 1 0 
vn 0 1 0 
vn 0 1 0 
vn 0 1 0 
vn 0 1 0 
vn 0 1 0 
vn 0 1 0 
vn 0 1 0 
vn 0 1 0 
vn 0 1 0 
vn 0 1 0 
vn 0 1 0 
vn 0 1 0 
vn 0 1 0 
vn 0 1 0 
vn 0 1 0 
vn 0 1 0 
vn 0 1 0 
vn 0 1 0 
vn 0 1 0 
vn 0 1 0 
vn 0 1 0 
vn 0 1 0 
vn 0 1 0 
vn 0 1 0 
vn 0 1 0 
vn 0 1 0 
vn 0 1 0 
vn 0 1 0 
vn 0 1 0 
vn 0 1 0 
vn 0 1 0 
vn 0 1 0 
vn 0 1 0 
vn 0 1 0 
vn 0 1 0 
vn 0 1 0 
vn 0 1 0 
vn 0 1 0 
vn 0 1 0 
vn 0 1 0 
vn 0 1 0 
vn 0 1 0 
vn 0 0 1 
vn 0 0 1 
vn 0 0 1 
vn 0 0 1 
vn 0 0 1 
vn 0 0 1 
vn 0 0 1 
vn 0 0 1 
vn 0 0 1 
vn 0 0 1 
vn 0 0 1 
vn 0 0 1 
vn 0 0 1 
vn 0 0 1 
vn 0 0 1 
vn 0 0 1 
vn 0 0 1 
vn 0 0 1 
vn 0 0 1 
vn 0 0 1 
vn 0 0 1 
vn 0 0 1 
vn 0 0 1 
vn 0 0 1 
vn 0 0 1 
vn 0 0 1 
vn 0 0 1 
vn 0 0 1 
vn 0 0 1 
vn 0 0 1 
vn 0 0 1 
vn 0 0 1 
vn 0 0 1 
vn 0 0 1 
vn 0 0 1 
vn 0 0 1 
vn 0 0 1 
vn 0 0 1 
vn 0 0 1 
vn 0 0 1 
vn 0 0 1 
vn 0 0 1 
vn 0 0 1 
vn 0 0 1 
vn 0 0 1 
vn 0 0 1 
vn 0 0 1 
vn 0 0 1 
vn 0 0 1 
vn 0 0 1 
vn 0 0 1 
vn 0 0 1 
vn 0 0 1 
vn 0 0 1 
vn 0 0 1 
vn 0 0 1 
vn 0 0 1 
vn 0 0 1 
vn 0 0 1 
vn 0 0 1 
vn 0 0 1 
vn 0 0 1 
vn 0 0 1 
vn 0 0 1 
vn 0 0 1 
vn 0 0 1 
vn 0 0 1 
vn 0 0 1 
vn 0 0 1 
vn 0 0 1 
vn 0 0 1 
vn 0 0 1 
vn 0 0 1 
vn 0 0 1 
vn 0 0 1 
vn 0 0 1 
vn 0 0 1 
vn 0 0 1 
vn 0 0 1 
vn 0 0 1 
vn 0 0 1 
vn 0 0 1 
vn 0 0 1 
vn 0 0 1 
vn 0 0 1 
vn 0 0 1 
vn 0 0 1 
vn 0 0 1 
vn 0 0 1 
vn 0 0 1 
vn 0 0 1 
vn 0 0 1 
vn 0 0 1 
vn 0 0 1 
vn 0 0 1 
vn 0 0 1 
vn 0 0 1 
vn 0 0 1 
vn 0 0 1 
vn 0 0 1 
vn 0 0 1 
vn 0 0 1 
vn 0 0 1 
vn 0 0 1 
vn 0 0 1 
vn 0 0 1 
vn 0 0 1 
vn 0 0 1 
vn 0 0 1 
vn 0 0 1 
vn 0 0 1 
vn 0 0 1 
vn 0 0 1 
vn 0 0 1 
vn 0 0 1 
vn 0 0 1 
vn -1 0 0 
vn -1 0 0 
vn -1 0 0 
vn -1 0 0 
vn -1 0 0 
vn -1 0 0 
vn -1 0 0 
vn -1 0 0 
vn -1 0 0 
vn -1 0 0 
vn -1 0 0 
vn -1 0 0 
vn -1 0 0 
vn -1 0 0 
vn -1 0 0 
vn -1 0 0 
vn -1 0 0 
vn -1 0 0 
vn -1 0 0 
vn -1 0 0 
vn -1 0 0 
vn -1 0 0 
vn -1 0 0 
vn -1 0 0 
vn -1 0 0 
vn -1 0 0 
vn -1 0 0 
vn -1 0 0 
vn -1 0 0 
vn -1 0 0 
vn -1 0 0 
vn -1 0 0 
vn -1 0 0 
vn -1 0 0 
vn -1 0 0 
vn -1 0 0 
vn -1 0 0 
vn -1 0 0 
vn -1 0 0 
vn -1 0 0 
vn -1 0 0 
vn -1 0 0 
vn -1 0 0 
vn -1 0 0 
vn -1 0 0 
vn -1 0 0 
vn -1 0 0 
vn -1 0 0 
vn -1 0 0 
vn -1 0 0 
vn -1 0 0 
vn -1 0 0 
vn -1 0 0 
vn -1 0 0 
vn -1 0 0 
vn -1 0 0 
vn -1 0 0 
vn -1 0 0 
vn -1 0 0 
vn -1 0 0 
vn -1 0 0 
vn -1 0 0 
vn -1 0 0 
vn -1 0 0 
vn -1 0 0 
vn -1 0 0 
vn -1 0 0 
vn -1 0 0 
vn -1 0 0 
vn -1 0 0 
vn -1 0 0 
vn -1 0 0 
vn -1 0 0 
vn -1 0 0 
vn -1 0 0 
vn -1 0 0 
vn -1 0 0 
vn -1 0 0 
vn -1 0 0 
vn -1 0 0 
vn -1 0 0 
vn -1 0 0 
vn -1 0 0 
vn -1 0 0 
vn -1 0 0 
vn -1 0 0 
vn -1 0 0 
vn -1 0 0 
vn -1 0 0 
vn -1 0 0 
vn -1 0 0 
vn -1 0 0 
vn -1 0 0 
vn -1 0 0 
vn -1 0 0 
vn -1 0 0 
vn -1 0 0 
vn -1 0 0 
vn -1 0 0 
vn -1 0 0 
vn -1 0 0 
vn -1 0 0 
vn -1 0 0 
vn -1 0 0 
vn -1 0 0 
vn -1 0 0 
vn -1 0 0 
vn -1 0 0 
vn -1 0 0 
vn -1 0 0 
vn -1 0 0 
vn -1 0 0 
vn -1 0 0 
vn -1 0 0 
vn -1 0 0 
vn -1 0 0 
vn -1 0 0 
vn -1 0 0 
vn -1 0 0 
vn -1 0 0 
vn -1 0 0 
vn -1 0 0 
vn -1 0 0 
vn -1 0 0 
vn -1 0 0 
vn -1 0 0 
vn -1 0 0 
vn -1 0 0 
vn -1 0 0 
vn -1 0 0 
vn -1 0 0 
vn -1 0 0 
vn -1 0 0 
vn -1 0 0 
vn -1 0 0 
vn -1 0 0 
vn -1 0 0 
vn -1 0 0 
vn -1 0 0 
vn -1 0 0 
vn 0 -1 0 
vn 0 -1 0 
vn 0 -1 0 
vn 0 -1 0 
vn 0 -1 0 
vn 0 -1 0 
vn 0 -1 0 
vn 0 -1 0 
vn 0 -1 0 
vn 0 -1 0 
vn 0 -1 0 
vn 0 -1 0 
vn 0 -1 0 
vn 0 -1 0 
vn 0 -1 0 
vn 0 -1 0 
vn 0 -1 0 
vn 0 -1 0 
vn 0 -1 0 
vn 0 -1 0 
vn 0 -1 0 
vn 0 -1 0 
vn 0 -1 0 
vn 0 -1 0 
vn 0 -1 0 
vn 0 -1 0 
vn 0 -1 0 
vn 0 -1 0 
vn 0 -1 0 
vn 0 -1 0 
vn 0 -1 0 
vn 0 -1 0 
vn 0 -1 0 
vn 0 -1 0 
vn 0 -1 0 
vn 0 -1 0 
vn 0 -1 0 
vn 0 -1 0 
vn 0 -1 0 
vn 0 -1 0 
vn 0 -1 0 
vn 0 -1 0 
vn 0 -1 0 
vn 0 -1 0 
vn 0 -1 0 
vn 0 -1 0 
vn 0 -1 0 
vn 0 -1 0 
vn 0 -1 0 
vn 0 -1 0 
vn 0 -1 0 
vn 0 -1 0 
vn 0 -1 0 
vn 0 -1 0 
vn 0 -1 0 
vn 0 -1 0 
vn 0 -1 0 
vn 0 -1 0 
vn 0 -1 0 
vn 0 -1 0 
vn 0 -1 0 
vn 0 -1 0 
vn 0 0 -1 
vn 0 0 -1 
vn 0 0 -1 
vn 0 0 -1 
vn 0 0 -1 
vn 0 0 -1 
vn 0 0 -1 
vn 0 0 -1 
vn 0 0 -1 
vn 0 0 -1 
vn 0 0 -1 
vn 0 0 -1 
vn 0 0 -1 
vn 0 0 -1 
vn 0 0 -1 
vn 0 0 -1 
vn 0 0 -1 
vn 0 0 -1 
vn 0 0 -1 
vn 0 0 -1 
vn 0 0 -1 
vn 0 0 -1 
vn 0 0 -1 
vn 0 0 -1 
vn 0 0 -1 
vn 0 0 -1 
vn 0 0 -1 
vn 0 0 -1 
vn 0 0 -1 
vn 0 0 -1 
vn 0 0 -1 
vn 0 0 -1 
vn 0 0 -1 
vn 0 0 -1 
vn 0 0 -1 
vn 0 0 -1 
vn 0 0 -1 
vn 0 0 -1 
vn 0 0 -1 
vn 0 0 -1 
vn 0 0 -1 
vn 0 0 -1 
vn 0 0 -1 
vn 0 0 -1 
vn 0 0 -1 
vn 0 0 -1 
vn 0 0 -1 
vn 0 0 -1 
vn 0 0 -1 
vn 0 0 -1 
vn 0 0 -1 
vn 0 0 -1 
vn 0 0 -1 
vn 0 0 -1 
vn 0 0 -1 
vn 0 0 -1 
vn 0 0 -1 
vn 0 0 -1 
vn 0 0 -1 
vn 0 0 -1 
vn 0 0 -1 
vn 0 0 -1 
vn 0 0 -1 
vn 0 0 -1 
vn 0 0 -1 
vn 0 0 -1 
vn 0 0 -1 
vn 0 0 -1 
vn 0 0 -1 
vn 0 0 -1 
vn 0 0 -1 
vn 0 0 -1 
vn 0 0 -1 
vn 0 0 -1 
vn 0 0 -1 
vn 0 0 -1 
vn 0 0 -1 
vn 0 0 -1 
vn 0 0 -1 
vn 0 0 -1 
vn 0 0 -1 
vn 0 0 -1 
vn 0 0 -1 
vn 0 0 -1 
vn 0 0 -1 
vn 0 0 -1 
vn 0 0 -1 
vn 0 0 -1 
vn 0 0 -1 
vn 0 0 -1 
vn 0 0 -1 
vn 0 0 -1 
vn 0 0 -1 
vn 0 0 -1 
vn 0 0 -1 
vn 0 0 -1 
vn 0 0 -1 
vn 0 0 -1 
vn 0 0 -1 
vn 0 0 -1 
vn 0 0 -1 
vn 0 0 -1 
vn 0 0 -1 
vn 0 0 -1 
vn 0 0 -1 
vn 0 0 -1 
vn 0 0 -1 
vn 0 0 -1 
vn 0 0 -1 
vn 0 0 -1 
vn 0 0 -1 
vn 0 0 -1 
vn 0 0 -1 
vn 0 0 -1 
vn 0 0 -1 
vn 0 0 -1 
vn 0 0 -1 
vn 0 0 -1 

vt 18.375 -53.1875 
vt 18.25 -51.6875 
vt 18.375 -54.0625 
vt 18.375 -53.0625 
vt 18.375 -51.6875 
vt 19.5 -53.1875 
vt 19.5 -53.0625 
vt 18.375 -54.1875 
vt 19.625 -54.1875 
vt 18.25 -53.0625 
vt 19.5 -54.0625 
vt 18.25 -53.1875 
vt 17.375 -53.0625 
vt 18.25 -54.0625 
vt 17.375 -53.1875 
vt 17.375 -54.3125 
vt 17.25 -51.6875 
vt 17.375 -51.6875 
vt 17.375 -54.0625 
vt 17.25 -54.3125 
vt 19.5 -51.6875 
vt 19.625 -54.0625 
vt 19.625 -53.1875 
vt 19.625 -53.0625 
vt 19.625 -51.6875 
vt 20.75 -53.1875 
vt 20.75 -53.0625 
vt 20.75 -54.1875 
vt 20.75 -54.0625 
vt 20.875 -54.1875 
vt 20.75 -51.6875 
vt 20.875 -54.0625 
vt 20.875 -53.1875 
vt 20.875 -53.0625 
vt 20.875 -51.6875 
vt 22 -53.1875 
vt 22 -53.0625 
vt 22 -54.1875 
vt 22 -54.0625 
vt 22.125 -54.1875 
vt 22 -51.6875 
vt 22.125 -54.0625 
vt 22.125 -53.1875 
vt 22.125 -53.0625 
vt 22.125 -51.6875 
vt 23.25 -53.1875 
vt 23.25 -53.0625 
vt 23.25 -54.1875 
vt 23.25 -54.0625 
vt 23.375 -54.1875 
vt 23.25 -51.6875 
vt 23.375 -54.0625 
vt 23.375 -53.1875 
vt 23.375 -53.0625 
vt 23.375 -51.6875 
vt 24.5 -53.1875 
vt 24.5 -53.0625 
vt 24.5 -54.1875 
vt 24.5 -54.0625 
vt 24.625 -54.1875 
vt 24.5 -51.6875 
vt 24.625 -54.0625 
vt 25.75 -54.1875 
vt 24.625 -53.1875 
vt 25.75 -54.0625 
vt 24.625 -53.0625 
vt 24.625 -51.6875 
vt 25.75 -53.1875 
vt 25.75 -53.0625 
vt 25.875 -54.1857 
vt 34.75 -54.3125 
vt 25.75 -51.6875 
vt 25.875 -54.0625 
vt 25.875 -53.1875 
vt 27 -54.0625 
vt 25.875 -53.0625 
vt 25.875 -51.6875 
vt 27 -53.1875 
vt 27 -53.0625 
vt 27 -54.1875 
vt 27.125 -54.1875 
vt 27 -51.6875 
vt 27.125 -54.0625 
vt 27.125 -53.1875 
vt 27.125 -53.0625 
vt 27.125 -51.6875 
vt 28.25 -53.1875 
vt 28.25 -53.0625 
vt 28.25 -54.1875 
vt 28.25 -54.0625 
vt 28.375 -54.1875 
vt 28.25 -51.6875 
vt 28.375 -54.0625 
vt 28.375 -53.1875 
vt 28.375 -53.0625 
vt 28.375 -51.6875 
vt 29.5 -53.1875 
vt 29.5 -53.0625 
vt 29.5 -54.1875 
vt 29.5 -54.0625 
vt 29.625 -54.1875 
vt 29.5 -51.6875 
vt 29.625 -54.0625 
vt 29.625 -53.1875 
vt 29.625 -53.0625 
vt 29.625 -51.6875 
vt 30.75 -53.1875 
vt 30.75 -53.0625 
vt 30.75 -54.1875 
vt 30.75 -54.0625 
vt 30.875 -54.1875 
vt 30.75 -51.6875 
vt 30.875 -54.0625 
vt 30.875 -53.1875 
vt 30.875 -53.0625 
vt 30.875 -51.6875 
vt 32 -53.1875 
vt 32 -53.0625 
vt 32 -54.1875 
vt 32 -54.0625 
vt 32.125 -54.1875 
vt 32 -51.6875 
vt 33.25 -54.0625 
vt 32.125 -54.0625 
vt 32.125 -53.1875 
vt 32.125 -53.0625 
vt 32.125 -51.6875 
vt 33.25 -53.1875 
vt 33.25 -53.0625 
vt 33.375 -54.0625 
vt 33.25 -51.6875 
vt 34.625 -54.0625 
vt 33.375 -53.1875 
vt 34.75 -54.1875 
vt 33.375 -53.0625 
vt 33.375 -51.6875 
vt 34.625 -53.1875 
vt 34.625 -53.0625 
vt 34.625 -51.6875 
vt 34.75 -51.6875 
vt 26.0625 -45.25 
vt 25.9375 -45.375 
vt 26.0625 -45.375 
vt 25.9375 -45.25 
vt 26.0625 -46.5 
vt 25.9375 -46.5 
vt 25.9375 -46.625 
vt 26.0625 -46.625 
vt 26.0625 -47.75 
vt 25.9375 -47.875 
vt 26.0625 -47.875 
vt 25.9375 -47.75 
vt 26.0625 -49 
vt 25.9375 -49.125 
vt 26.0625 -49.125 
vt 25.9375 -49 
vt 26.0625 -50.25 
vt 25.9375 -50.375 
vt 26.0625 -50.375 
vt 25.9375 -50.25 
vt 26.0625 -51.5 
vt 25.9375 -51.625 
vt 26.0625 -51.625 
vt 25.9375 -51.5 
vt 26.0625 -52.75 
vt 25.9375 -52.875 
vt 26.0625 -52.875 
vt 25.9375 -52.75 
vt 26.0625 -54 
vt 25.9375 -54.125 
vt 26.0625 -54.125 
vt 25.9375 -54 
vt 26.0625 -55.25 
vt 25.9375 -55.25 
vt 25.9375 -55.375 
vt 26.0625 -55.375 
vt 26.0625 -56.5 
vt 25.9375 -56.625 
vt 26.0625 -56.625 
vt 25.9375 -56.5 
vt 26.0625 -57.75 
vt 25.9375 -57.875 
vt 26.0625 -57.875 
vt 25.9375 -57.75 
vt 26.0625 -59 
vt 25.9375 -59.125 
vt 26.0625 -59.125 
vt 25.9375 -59 
vt 26.0625 -60.25 
vt 25.9375 -60.375 
vt 26.0625 -60.375 
vt 25.9375 -60.25 
vt 26.0625 -44.25 
vt 25.9375 -44.25 
vt 26.0625 -44.375 
vt 25.9375 -44.375 
vt 26.0625 -61.625 
vt 25.9375 -61.75 
vt 26.0625 -61.75 
vt 25.9375 -61.625 
vt 25.9375 -44.375 
vt 25.9375 -45.25 
vt 26.0625 -44.375 
vt 26.0625 -45.25 
vt 25.9375 -45.375 
vt 25.9375 -46.5 
vt 26.0625 -45.375 
vt 26.0625 -46.5 
vt 25.9375 -46.625 
vt 25.9375 -47.75 
vt 26.0625 -46.625 
vt 26.0625 -47.75 
vt 25.9375 -47.875 
vt 25.9375 -49 
vt 26.0625 -47.875 
vt 26.0625 -49 
vt 25.9375 -49.125 
vt 25.9375 -50.25 
vt 26.0625 -49.125 
vt 26.0625 -50.25 
vt 25.9375 -50.375 
vt 25.9375 -51.5 
vt 26.0625 -50.375 
vt 26.0625 -51.5 
vt 26.0625 -51.625 
vt 25.9375 -51.625 
vt 25.9375 -52.75 
vt 26.0625 -52.75 
vt 26.0625 -57.75 
vt 26.0625 -56.625 
vt 25.9375 -57.75 
vt 25.9375 -56.625 
vt 25.9375 -54 
vt 26.0625 -54 
vt 26.0625 -52.875 
vt 25.9375 -52.875 
vt 26.0625 -55.25 
vt 26.0625 -54.125 
vt 25.9375 -55.25 
vt 25.9375 -54.125 
vt 25.9375 -55.375 
vt 25.9375 -56.5 
vt 26.0625 -55.375 
vt 26.0625 -56.5 
vt 25.9375 -57.875 
vt 25.9375 -59 
vt 26.0625 -57.875 
vt 26.0625 -59 
vt 25.9375 -59.125 
vt 25.9375 -60.25 
vt 26.0625 -59.125 
vt 26.0625 -60.25 
vt 26.0625 -61.625 
vt 26.0625 -60.375 
vt 25.9375 -61.625 
vt 25.9375 -60.375 
vt 25.9375 -52.875 
vt 25.9375 -54 
vt 26.0625 -52.875 
vt 26.0625 -54 
vt 25.9375 -54.125 
vt 25.9375 -55.25 
vt 26.0625 -54.125 
vt 26.0625 -55.25 
vt 25.9375 -55.375 
vt 25.9375 -56.5 
vt 26.0625 -55.375 
vt 26.0625 -56.5 
vt 25.9375 -56.625 
vt 25.9375 -57.75 
vt 26.0625 -56.625 
vt 26.0625 -57.75 
vt 25.9375 -57.875 
vt 25.9375 -59 
vt 26.0625 -57.875 
vt 26.0625 -59 
vt 25.9375 -59.125 
vt 25.9375 -60.25 
vt 26.0625 -59.125 
vt 26.0625 -60.25 
vt 25.9375 -60.375 
vt 25.9375 -61.625 
vt 26.0625 -60.375 
vt 26.0625 -61.625 
vt 26.0625 -44.375 
vt 25.9375 -44.375 
vt 25.9375 -45.25 
vt 26.0625 -45.25 
vt 25.9375 -45.375 
vt 25.9375 -46.5 
vt 26.0625 -45.375 
vt 26.0625 -46.5 
vt 25.9375 -46.625 
vt 25.9375 -47.75 
vt 26.0625 -46.625 
vt 26.0625 -47.75 
vt 25.9375 -47.875 
vt 25.9375 -49 
vt 26.0625 -47.875 
vt 26.0625 -49 
vt 25.9375 -49.125 
vt 25.9375 -50.25 
vt 26.0625 -49.125 
vt 26.0625 -50.25 
vt 25.9375 -50.375 
vt 25.9375 -51.5 
vt 26.0625 -50.375 
vt 26.0625 -51.5 
vt 25.9375 -51.625 
vt 25.9375 -52.75 
vt 26.0625 -51.625 
vt 26.0625 -52.75 
vt 25.9375 -54.3125 
vt 26.0625 -54.3125 
vt 25.9375 -51.6875 
vt 26.0625 -51.6875 
vt 26.0625 -53.1875 
vt 25.9375 -53.1875 
vt 26.0625 -54.0625 
vt 25.9375 -54.0625 
vt 25.9375 -53.0625 
vt 26.0625 -53.0625 
vt 25.9375 -51.6875 
vt 26.0625 -51.6875 
vt 25.9375 -53.0625 
vt 26.0625 -53.0625 
vt 25.9375 -51.6875 
vt 26.0625 -51.6875 
vt 25.9375 -54.0625 
vt 26.0625 -54.0625 
vt 25.9375 -53.1875 
vt 26.0625 -53.1875 
vt 25.9375 -53.0625 
vt 26.0625 -53.0625 
vt 25.9375 -51.6875 
vt 26.0625 -51.6875 
vt 25.9375 -54.0625 
vt 26.0625 -54.0625 
vt 25.9375 -53.1875 
vt 26.0625 -53.1875 
vt 25.9375 -54.0625 
vt 26.0625 -54.0625 
vt 25.9375 -53.1875 
vt 26.0625 -53.1875 
vt 25.9375 -53.0625 
vt 26.0625 -53.0625 
vt 25.9375 -51.6875 
vt 26.0625 -51.6875 
vt 25.9375 -53.0625 
vt 26.0625 -53.0625 
vt 25.9375 -51.6875 
vt 26.0625 -51.6875 
vt 25.9375 -54.0625 
vt 26.0625 -54.0625 
vt 25.9375 -53.1875 
vt 26.0625 -53.1875 
vt 25.9375 -54.0625 
vt 26.0625 -54.0625 
vt 25.9375 -53.1875 
vt 26.0625 -53.1875 
vt 26.0625 -51.6875 
vt 25.9375 -51.6875 
vt 26.0625 -53.0625 
vt 25.9375 -53.0625 
vt 26.0625 -53.1875 
vt 25.9375 -53.1875 
vt 26.0625 -54.0625 
vt 25.9375 -54.0625 
vt 26.0625 -51.6875 
vt 25.9375 -51.6875 
vt 26.0625 -53.0625 
vt 25.9375 -53.0625 
vt 26.0625 -51.6875 
vt 25.9375 -51.6875 
vt 26.0625 -53.0625 
vt 25.9375 -53.0625 
vt 26.0625 -53.1875 
vt 25.9375 -53.1875 
vt 26.0625 -54.0625 
vt 25.9375 -54.0625 
vt 26.0625 -53.1875 
vt 25.9375 -53.1875 
vt 26.0625 -54.0625 
vt 25.9375 -54.0625 
vt 25.9375 -53.0625 
vt 26.0625 -53.0625 
vt 25.9375 -51.6875 
vt 26.0625 -51.6875 
vt 26.0625 -53.1875 
vt 25.9375 -53.1875 
vt 26.0625 -54.0625 
vt 25.9375 -54.0625 
vt 26.0625 -51.6875 
vt 25.9375 -51.6875 
vt 26.0625 -53.0625 
vt 25.9375 -53.0625 
vt 26.0625 -51.6875 
vt 25.9375 -51.6875 
vt 26.0625 -53.0625 
vt 25.9375 -53.0625 
vt 26.0625 -54.0625 
vt 25.9375 -53.1875 
vt 25.9375 -54.0625 
vt 26.0625 -53.1875 
vt 26.0625 -51.6875 
vt 25.9375 -51.6875 
vt 26.0625 -53.0625 
vt 25.9375 -53.0625 
vt 26.0625 -53.1875 
vt 25.9375 -53.1875 
vt 26.0625 -54.0625 
vt 25.9375 -54.0625 
vt 26.0625 -51.6875 
vt 25.9375 -51.6875 
vt 26.0625 -53.0625 
vt 25.9375 -53.0625 
vt 26.0625 -54.0625 
vt 25.9375 -53.1875 
vt 25.9375 -54.0625 
vt 26.0625 -53.1875 
vt 26.0625 -51.6875 
vt 25.9375 -51.6875 
vt 26.0625 -53.0625 
vt 25.9375 -53.0625 
vt 26.0625 -53.1875 
vt 25.9375 -53.1875 
vt 26.0625 -54.0625 
vt 25.9375 -54.0625 
vt 33.75 -53.1875 
vt 33.625 -51.6875 
vt 33.75 -54.0625 
vt 33.75 -53.0625 
vt 33.75 -51.6875 
vt 34.625 -53.1875 
vt 34.625 -53.0625 
vt 33.625 -53.0625 
vt 34.75 -54.3125 
vt 34.625 -51.6875 
vt 34.75 -51.6875 
vt 34.625 -54.0625 
vt 34.625 -54.3125 
vt 33.625 -53.1875 
vt 32.5 -53.0625 
vt 33.625 -54.0625 
vt 32.5 -53.1875 
vt 32.375 -51.6875 
vt 32.5 -51.6875 
vt 32.5 -54.0625 
vt 32.375 -53.0625 
vt 32.375 -53.1875 
vt 31.25 -53.0625 
vt 32.375 -54.0625 
vt 31.25 -53.1875 
vt 31.125 -51.6875 
vt 31.25 -51.6875 
vt 31.25 -54.0625 
vt 31.25 -54.1875 
vt 31.125 -53.0625 
vt 31.125 -53.1875 
vt 30 -53.0625 
vt 31.125 -54.0625 
vt 30 -53.1875 
vt 31.125 -54.1875 
vt 30 -54.0625 
vt 29.875 -51.6875 
vt 30 -51.6875 
vt 30 -54.1875 
vt 29.875 -53.0625 
vt 29.875 -53.1875 
vt 28.75 -53.0625 
vt 29.875 -54.0625 
vt 28.75 -53.1875 
vt 29.875 -54.1875 
vt 28.75 -54.0625 
vt 28.625 -51.6875 
vt 28.75 -51.6875 
vt 28.75 -54.1875 
vt 28.625 -53.0625 
vt 28.625 -53.1875 
vt 27.5 -53.0625 
vt 28.625 -54.0625 
vt 27.5 -53.1875 
vt 28.625 -54.1875 
vt 27.5 -54.0625 
vt 27.375 -51.6875 
vt 27.5 -51.6875 
vt 27.5 -54.1875 
vt 27.375 -53.0625 
vt 27.375 -53.1875 
vt 26.25 -53.0625 
vt 27.375 -54.0625 
vt 26.25 -53.1875 
vt 27.375 -54.1875 
vt 26.25 -54.0625 
vt 26.125 -51.6875 
vt 26.25 -51.6875 
vt 26.25 -54.1875 
vt 26.125 -53.0625 
vt 26.125 -53.1875 
vt 25 -53.0625 
vt 26.125 -54.0625 
vt 25 -53.1875 
vt 26.125 -54.1875 
vt 25 -54.1732 
vt 25 -54.0625 
vt 24.875 -51.6875 
vt 25 -51.6875 
vt 24.875 -53.0625 
vt 24.875 -53.1875 
vt 23.75 -53.0625 
vt 24.875 -54.0625 
vt 23.75 -53.1875 
vt 24.875 -54.1875 
vt 23.75 -54.0625 
vt 23.625 -51.6875 
vt 23.75 -51.6875 
vt 23.75 -54.1875 
vt 23.625 -53.0625 
vt 23.625 -53.1875 
vt 22.5 -53.0625 
vt 23.625 -54.0625 
vt 22.5 -53.1875 
vt 23.625 -54.1875 
vt 22.5 -54.0625 
vt 22.375 -51.6875 
vt 22.5 -51.6875 
vt 22.5 -54.1875 
vt 22.375 -53.0625 
vt 22.375 -53.1875 
vt 21.25 -53.0625 
vt 22.375 -54.0625 
vt 21.25 -53.1875 
vt 22.375 -54.1875 
vt 21.25 -54.0625 
vt 21.125 -51.6875 
vt 21.25 -51.6875 
vt 21.25 -54.1875 
vt 21.125 -53.0625 
vt 21.125 -53.1875 
vt 20 -53.0625 
vt 21.125 -54.0625 
vt 20 -53.1875 
vt 21.125 -54.1875 
vt 20 -54.0625 
vt 19.875 -51.6875 
vt 20 -51.6875 
vt 20 -54.1875 
vt 19.875 -53.0625 
vt 19.875 -53.1875 
vt 18.75 -53.0625 
vt 19.875 -54.0625 
vt 18.75 -53.1875 
vt 19.875 -54.1875 
vt 18.75 -54.0625 
vt 18.625 -51.6875 
vt 18.75 -51.6875 
vt 18.75 -54.1875 
vt 18.625 -53.0625 
vt 18.625 -53.1875 
vt 17.375 -53.0625 
vt 18.625 -54.0625 
vt 17.375 -53.1875 
vt 17.25 -51.6875 
vt 17.375 -51.6875 
vt 17.375 -54.0625 
vt 17.25 -54.1875 
vt 17.25 -54.3125 
vt 18.625 -54.1875 
vt 25.9375 -61.75 
vt 26.0625 -61.75 
vt 26.0625 -44.375 
vt 25.9375 -44.375 
vt 25.9375 -44.25 
vt 26.0625 -44.25 
vt 26.0625 -45.25 
vt 26.0625 -44.375 
vt 25.9375 -45.25 
vt 25.9375 -44.375 
vt 26.0625 -46.5 
vt 26.0625 -45.375 
vt 25.9375 -46.5 
vt 25.9375 -45.375 
vt 26.0625 -47.75 
vt 26.0625 -46.625 
vt 25.9375 -47.75 
vt 25.9375 -46.625 
vt 26.0625 -49 
vt 26.0625 -47.875 
vt 25.9375 -49 
vt 25.9375 -47.875 
vt 26.0625 -50.25 
vt 26.0625 -49.125 
vt 25.9375 -50.25 
vt 25.9375 -49.125 
vt 26.0625 -51.5 
vt 26.0625 -50.375 
vt 25.9375 -51.5 
vt 25.9375 -50.375 
vt 25.9375 -52.75 
vt 26.0625 -52.75 
vt 26.0625 -51.625 
vt 25.9375 -51.625 
vt 26.0625 -52.875 
vt 25.9375 -52.875 
vt 25.9375 -54 
vt 26.0625 -54 
vt 25.9375 -54.125 
vt 25.9375 -55.25 
vt 26.0625 -54.125 
vt 26.0625 -55.25 
vt 25.9375 -56.5 
vt 26.0625 -55.375 
vt 25.9375 -55.375 
vt 26.0625 -56.5 
vt 25.9375 -57.75 
vt 26.0625 -56.625 
vt 25.9375 -56.625 
vt 26.0625 -57.75 
vt 25.9375 -59 
vt 26.0625 -59 
vt 26.0625 -57.875 
vt 25.9375 -57.875 
vt 25.9375 -60.25 
vt 26.0625 -60.25 
vt 26.0625 -59.125 
vt 25.9375 -59.125 
vt 25.9375 -61.625 
vt 26.0625 -61.625 
vt 26.0625 -60.375 
vt 25.9375 -60.375 
vt 25.9375 -54.1875 
vt 25.9375 -54.3125 
vt 26.0625 -54.1875 
vt 26.0625 -54.3125 
vt 25.9375 -51.6875 
vt 26.0625 -51.6875 
vt 25.9375 -54.0625 
vt 26.0625 -54.0625 
vt 25.9375 -53.1875 
vt 26.0625 -53.1875 
vt 25.9375 -51.6875 
vt 25.9375 -53.0625 
vt 26.0625 -53.0625 
vt 26.0625 -51.6875 
vt 26.0625 -53.1875 
vt 25.9375 -53.1875 
vt 26.0625 -54.0625 
vt 25.9375 -54.0625 
vt 26.0625 -51.6875 
vt 25.9375 -51.6875 
vt 26.0625 -53.0625 
vt 25.9375 -53.0625 
vt 25.9375 -54.0625 
vt 26.0625 -54.0625 
vt 25.9375 -53.1875 
vt 26.0625 -53.1875 
vt 26.0625 -51.6875 
vt 25.9375 -51.6875 
vt 26.0625 -53.0625 
vt 25.9375 -53.0625 
vt 25.9375 -54.0625 
vt 26.0625 -54.0625 
vt 25.9375 -53.1875 
vt 26.0625 -53.1875 
vt 25.9375 -53.0625 
vt 26.0625 -53.0625 
vt 25.9375 -51.6875 
vt 26.0625 -51.6875 
vt 25.9375 -51.6875 
vt 25.9375 -53.0625 
vt 26.0625 -53.0625 
vt 26.0625 -51.6875 
vt 25.9375 -54.0625 
vt 26.0625 -54.0625 
vt 25.9375 -53.1875 
vt 26.0625 -53.1875 
vt 26.0625 -51.6875 
vt 25.9375 -51.6875 
vt 26.0625 -53.0625 
vt 25.9375 -53.0625 
vt 25.9375 -53.1875 
vt 25.9375 -54.0625 
vt 26.0625 -54.0625 
vt 26.0625 -53.1875 
vt 25.9375 -53.1875 
vt 25.9375 -54.0625 
vt 26.0625 -54.0625 
vt 26.0625 -53.1875 
vt 25.9375 -53.0625 
vt 26.0625 -53.0625 
vt 25.9375 -51.6875 
vt 26.0625 -51.6875 
vt 25.9375 -53.1875 
vt 25.9375 -54.0625 
vt 26.0625 -54.0625 
vt 26.0625 -53.1875 
vt 25.9375 -53.0625 
vt 26.0625 -53.0625 
vt 25.9375 -51.6875 
vt 26.0625 -51.6875 
vt 26.0625 -51.6875 
vt 25.9375 -51.6875 
vt 26.0625 -53.0625 
vt 25.9375 -53.0625 
vt 25.9375 -53.1875 
vt 25.9375 -54.0625 
vt 26.0625 -54.0625 
vt 26.0625 -53.1875 
vt 25.9375 -53.0625 
vt 26.0625 -53.0625 
vt 25.9375 -51.6875 
vt 26.0625 -51.6875 
vt 26.0625 -53.1875 
vt 25.9375 -53.1875 
vt 26.0625 -54.0625 
vt 25.9375 -54.0625 
vt 26.0625 -51.6875 
vt 25.9375 -51.6875 
vt 26.0625 -53.0625 
vt 25.9375 -53.0625 
vt 26.0625 -53.1875 
vt 25.9375 -53.1875 
vt 26.0625 -54.0625 
vt 25.9375 -54.0625 
vt 25.9375 -53.0625 
vt 26.0625 -53.0625 
vt 25.9375 -51.6875 
vt 26.0625 -51.6875 
vt 25.9375 -53.1875 
vt 25.9375 -54.0625 
vt 26.0625 -54.0625 
vt 26.0625 -53.1875 
vt 26.0625 -51.6875 
vt 25.9375 -51.6875 
vt 26.0625 -53.0625 
vt 25.9375 -53.0625 
vt 26.0625 -53.1875 
vt 25.9375 -53.1875 
vt 26.0625 -54.0625 
vt 25.9375 -54.0625 
vt 25.9375 -53.1875 
vt 25.9375 -54.0625 
vt 26.0625 -54.0625 
vt 26.0625 -53.1875 
vt 26.0625 -51.6875 
vt 25.9375 -51.6875 
vt 26.0625 -53.0625 
vt 25.9375 -53.0625 

usemtl Union161Mtl

f 627/627/627 628/628/628 629/629/629 
f 630/630/630 628/628/628 627/627/627 
f 628/628/628 630/630/630 631/631/631 
f 627/627/627 632/632/632 630/630/630 
f 633/633/633 630/630/630 632/632/632 
f 628/628/628 634/634/634 629/629/629 
f 635/635/635 633/633/633 632/632/632 
f 634/634/634 628/628/628 636/636/636 
f 635/635/635 632/632/632 637/637/637 
f 637/637/637 629/629/629 634/634/634 
f 634/634/634 636/636/636 638/638/638 
f 636/636/636 639/639/639 638/638/638 
f 634/634/634 638/638/638 640/640/640 
f 641/641/641 638/638/638 639/639/639 
f 637/637/637 634/634/634 642/642/642 
f 634/634/634 640/640/640 642/642/642 
f 635/635/635 637/637/637 642/642/642 
f 639/639/639 643/643/643 641/641/641 
f 643/643/643 639/639/639 644/644/644 
f 641/641/641 643/643/643 645/645/645 
f 640/640/640 645/645/645 642/642/642 
f 643/643/643 642/642/642 645/645/645 
f 642/642/642 643/643/643 646/646/646 
f 635/635/635 647/647/647 633/633/633 
f 647/647/647 635/635/635 648/648/648 
f 649/649/649 647/647/647 648/648/648 
f 650/650/650 647/647/647 649/649/649 
f 647/647/647 650/650/650 651/651/651 
f 649/649/649 652/652/652 650/650/650 
f 653/653/653 650/650/650 652/652/652 
f 654/654/654 648/648/648 635/635/635 
f 654/654/654 635/635/635 642/642/642 
f 648/648/648 654/654/654 655/655/655 
f 655/655/655 656/656/656 652/652/652 
f 656/656/656 653/653/653 652/652/652 
f 656/656/656 655/655/655 654/654/654 
f 656/656/656 654/654/654 642/642/642 
f 656/656/656 657/657/657 653/653/653 
f 657/657/657 656/656/656 658/658/658 
f 659/659/659 657/657/657 658/658/658 
f 660/660/660 657/657/657 659/659/659 
f 657/657/657 660/660/660 661/661/661 
f 659/659/659 662/662/662 660/660/660 
f 663/663/663 660/660/660 662/662/662 
f 664/664/664 658/658/658 656/656/656 
f 664/664/664 656/656/656 642/642/642 
f 658/658/658 664/664/664 665/665/665 
f 665/665/665 666/666/666 662/662/662 
f 666/666/666 663/663/663 662/662/662 
f 666/666/666 665/665/665 664/664/664 
f 664/664/664 642/642/642 666/666/666 
f 666/666/666 667/667/667 663/663/663 
f 667/667/667 666/666/666 668/668/668 
f 669/669/669 667/667/667 668/668/668 
f 670/670/670 667/667/667 669/669/669 
f 667/667/667 670/670/670 671/671/671 
f 669/669/669 672/672/672 670/670/670 
f 673/673/673 670/670/670 672/672/672 
f 674/674/674 668/668/668 666/666/666 
f 642/642/642 674/674/674 666/666/666 
f 668/668/668 674/674/674 675/675/675 
f 675/675/675 676/676/676 672/672/672 
f 676/676/676 673/673/673 672/672/672 
f 676/676/676 675/675/675 674/674/674 
f 642/642/642 676/676/676 674/674/674 
f 676/676/676 677/677/677 673/673/673 
f 677/677/677 676/676/676 678/678/678 
f 679/679/679 677/677/677 678/678/678 
f 680/680/680 677/677/677 679/679/679 
f 677/677/677 680/680/680 681/681/681 
f 679/679/679 682/682/682 680/680/680 
f 683/683/683 680/680/680 682/682/682 
f 684/684/684 678/678/678 676/676/676 
f 642/642/642 684/684/684 676/676/676 
f 678/678/678 684/684/684 685/685/685 
f 685/685/685 686/686/686 682/682/682 
f 682/682/682 686/686/686 683/683/683 
f 686/686/686 685/685/685 684/684/684 
f 642/642/642 686/686/686 684/684/684 
f 683/683/683 686/686/686 687/687/687 
f 687/687/687 686/686/686 688/688/688 
f 642/642/642 689/689/689 686/686/686 
f 689/689/689 688/688/688 686/686/686 
f 690/690/690 687/687/687 688/688/688 
f 688/688/688 689/689/689 691/691/691 
f 692/692/692 687/687/687 690/690/690 
f 687/687/687 692/692/692 693/693/693 
f 690/690/690 694/694/694 692/692/692 
f 695/695/695 692/692/692 694/694/694 
f 696/696/696 691/691/691 689/689/689 
f 691/691/691 696/696/696 694/694/694 
f 694/694/694 696/696/696 695/695/695 
f 642/642/642 696/696/696 689/689/689 
f 642/642/642 697/697/697 696/696/696 
f 695/695/695 696/696/696 698/698/698 
f 698/698/698 696/696/696 699/699/699 
f 700/700/700 698/698/698 699/699/699 
f 701/701/701 699/699/699 696/696/696 
f 702/702/702 698/698/698 700/700/700 
f 698/698/698 702/702/702 703/703/703 
f 700/700/700 704/704/704 702/702/702 
f 705/705/705 702/702/702 704/704/704 
f 706/706/706 701/701/701 696/696/696 
f 706/706/706 696/696/696 697/697/697 
f 701/701/701 707/707/707 704/704/704 
f 707/707/707 701/701/701 706/706/706 
f 704/704/704 707/707/707 705/705/705 
f 707/707/707 706/706/706 697/697/697 
f 705/705/705 707/707/707 708/708/708 
f 708/708/708 707/707/707 709/709/709 
f 710/710/710 708/708/708 709/709/709 
f 711/711/711 708/708/708 710/710/710 
f 708/708/708 711/711/711 712/712/712 
f 710/710/710 713/713/713 711/711/711 
f 714/714/714 711/711/711 713/713/713 
f 715/715/715 709/709/709 707/707/707 
f 715/715/715 707/707/707 697/697/697 
f 715/715/715 716/716/716 709/709/709 
f 716/716/716 717/717/717 713/713/713 
f 717/717/717 716/716/716 715/715/715 
f 713/713/713 717/717/717 714/714/714 
f 715/715/715 697/697/697 717/717/717 
f 714/714/714 717/717/717 718/718/718 
f 718/718/718 717/717/717 719/719/719 
f 718/718/718 719/719/719 720/720/720 
f 718/718/718 720/720/720 721/721/721 
f 718/718/718 721/721/721 722/722/722 
f 720/720/720 723/723/723 721/721/721 
f 724/724/724 721/721/721 723/723/723 
f 725/725/725 719/719/719 717/717/717 
f 697/697/697 725/725/725 717/717/717 
f 725/725/725 726/726/726 719/719/719 
f 726/726/726 727/727/727 723/723/723 
f 727/727/727 726/726/726 725/725/725 
f 723/723/723 727/727/727 724/724/724 
f 697/697/697 727/727/727 725/725/725 
f 724/724/724 727/727/727 728/728/728 
f 728/728/728 727/727/727 729/729/729 
f 730/730/730 728/728/728 729/729/729 
f 731/731/731 728/728/728 730/730/730 
f 728/728/728 731/731/731 732/732/732 
f 730/730/730 733/733/733 731/731/731 
f 734/734/734 731/731/731 733/733/733 
f 735/735/735 729/729/729 727/727/727 
f 697/697/697 735/735/735 727/727/727 
f 735/735/735 736/736/736 729/729/729 
f 736/736/736 737/737/737 733/733/733 
f 737/737/737 736/736/736 735/735/735 
f 733/733/733 737/737/737 734/734/734 
f 697/697/697 737/737/737 735/735/735 
f 734/734/734 737/737/737 738/738/738 
f 738/738/738 737/737/737 739/739/739 
f 740/740/740 738/738/738 739/739/739 
f 741/741/741 738/738/738 740/740/740 
f 738/738/738 741/741/741 742/742/742 
f 740/740/740 743/743/743 741/741/741 
f 744/744/744 741/741/741 743/743/743 
f 745/745/745 739/739/739 737/737/737 
f 697/697/697 745/745/745 737/737/737 
f 745/745/745 746/746/746 739/739/739 
f 746/746/746 747/747/747 743/743/743 
f 747/747/747 746/746/746 745/745/745 
f 743/743/743 747/747/747 744/744/744 
f 697/697/697 747/747/747 745/745/745 
f 744/744/744 747/747/747 748/748/748 
f 697/697/697 749/749/749 747/747/747 
f 748/748/748 747/747/747 750/750/750 
f 749/749/749 750/750/750 747/747/747 
f 748/748/748 750/750/750 751/751/751 
f 748/748/748 751/751/751 752/752/752 
f 748/748/748 752/752/752 753/753/753 
f 751/751/751 754/754/754 752/752/752 
f 755/755/755 752/752/752 754/754/754 
f 756/756/756 754/754/754 749/749/749 
f 754/754/754 756/756/756 755/755/755 
f 697/697/697 756/756/756 749/749/749 
f 755/755/755 756/756/756 757/757/757 
f 697/697/697 758/758/758 756/756/756 
f 757/757/757 756/756/756 759/759/759 
f 697/697/697 760/760/760 758/758/758 
f 757/757/757 759/759/759 761/761/761 
f 757/757/757 761/761/761 762/762/762 
f 759/759/759 763/763/763 761/761/761 
f 760/760/760 763/763/763 758/758/758 
f 764/764/764 761/761/761 763/763/763 
f 763/763/763 760/760/760 764/764/764 
f 764/764/764 760/760/760 765/765/765 
f 765/765/765 760/760/760 766/766/766 
f 767/767/767 768/768/768 769/769/769 
f 767/767/767 770/770/770 768/768/768 
f 771/771/771 772/772/772 773/773/773 
f 771/771/771 773/773/773 774/774/774 
f 775/775/775 776/776/776 777/777/777 
f 775/775/775 778/778/778 776/776/776 
f 779/779/779 780/780/780 781/781/781 
f 779/779/779 782/782/782 780/780/780 
f 783/783/783 784/784/784 785/785/785 
f 783/783/783 786/786/786 784/784/784 
f 787/787/787 788/788/788 789/789/789 
f 787/787/787 790/790/790 788/788/788 
f 791/791/791 792/792/792 793/793/793 
f 791/791/791 794/794/794 792/792/792 
f 795/795/795 796/796/796 797/797/797 
f 795/795/795 798/798/798 796/796/796 
f 799/799/799 800/800/800 801/801/801 
f 799/799/799 801/801/801 802/802/802 
f 803/803/803 804/804/804 805/805/805 
f 803/803/803 806/806/806 804/804/804 
f 807/807/807 808/808/808 809/809/809 
f 807/807/807 810/810/810 808/808/808 
f 811/811/811 812/812/812 813/813/813 
f 811/811/811 814/814/814 812/812/812 
f 815/815/815 816/816/816 817/817/817 
f 815/815/815 818/818/818 816/816/816 
f 819/819/819 820/820/820 821/821/821 
f 822/822/822 821/821/821 820/820/820 
f 823/823/823 824/824/824 825/825/825 
f 823/823/823 826/826/826 824/824/824 
f 827/827/827 828/828/828 829/829/829 
f 829/829/829 828/828/828 830/830/830 
f 831/831/831 832/832/832 833/833/833 
f 834/834/834 833/833/833 832/832/832 
f 835/835/835 836/836/836 837/837/837 
f 837/837/837 836/836/836 838/838/838 
f 839/839/839 840/840/840 841/841/841 
f 841/841/841 840/840/840 842/842/842 
f 843/843/843 844/844/844 845/845/845 
f 846/846/846 845/845/845 844/844/844 
f 847/847/847 848/848/848 849/849/849 
f 849/849/849 848/848/848 850/850/850 
f 851/851/851 852/852/852 853/853/853 
f 851/851/851 853/853/853 854/854/854 
f 855/855/855 856/856/856 857/857/857 
f 858/858/858 857/857/857 856/856/856 
f 859/859/859 860/860/860 861/861/861 
f 862/862/862 859/859/859 861/861/861 
f 863/863/863 864/864/864 865/865/865 
f 866/866/866 865/865/865 864/864/864 
f 867/867/867 868/868/868 869/869/869 
f 870/870/870 869/869/869 868/868/868 
f 871/871/871 872/872/872 873/873/873 
f 874/874/874 873/873/873 872/872/872 
f 875/875/875 876/876/876 877/877/877 
f 878/878/878 877/877/877 876/876/876 
f 879/879/879 880/880/880 881/881/881 
f 882/882/882 881/881/881 880/880/880 
f 883/883/883 884/884/884 885/885/885 
f 886/886/886 885/885/885 884/884/884 
f 887/887/887 888/888/888 889/889/889 
f 890/890/890 889/889/889 888/888/888 
f 891/891/891 892/892/892 893/893/893 
f 894/894/894 893/893/893 892/892/892 
f 895/895/895 896/896/896 897/897/897 
f 898/898/898 897/897/897 896/896/896 
f 899/899/899 900/900/900 901/901/901 
f 902/902/902 901/901/901 900/900/900 
f 903/903/903 904/904/904 905/905/905 
f 906/906/906 905/905/905 904/904/904 
f 907/907/907 908/908/908 909/909/909 
f 908/908/908 910/910/910 909/909/909 
f 911/911/911 912/912/912 913/913/913 
f 914/914/914 911/911/911 913/913/913 
f 915/915/915 916/916/916 917/917/917 
f 918/918/918 917/917/917 916/916/916 
f 919/919/919 920/920/920 921/921/921 
f 922/922/922 921/921/921 920/920/920 
f 923/923/923 924/924/924 925/925/925 
f 926/926/926 925/925/925 924/924/924 
f 927/927/927 928/928/928 929/929/929 
f 930/930/930 929/929/929 928/928/928 
f 931/931/931 932/932/932 933/933/933 
f 934/934/934 933/933/933 932/932/932 
f 935/935/935 936/936/936 937/937/937 
f 938/938/938 937/937/937 936/936/936 
f 939/939/939 940/940/940 941/941/941 
f 942/942/942 941/941/941 940/940/940 
f 943/943/943 944/944/944 945/945/945 
f 946/946/946 945/945/945 944/944/944 
f 947/947/947 948/948/948 949/949/949 
f 950/950/950 949/949/949 948/948/948 
f 951/951/951 952/952/952 953/953/953 
f 954/954/954 953/953/953 952/952/952 
f 955/955/955 956/956/956 957/957/957 
f 958/958/958 957/957/957 956/956/956 
f 959/959/959 960/960/960 961/961/961 
f 962/962/962 961/961/961 960/960/960 
f 963/963/963 964/964/964 965/965/965 
f 966/966/966 965/965/965 964/964/964 
f 967/967/967 968/968/968 969/969/969 
f 970/970/970 969/969/969 968/968/968 
f 971/971/971 972/972/972 973/973/973 
f 974/974/974 973/973/973 972/972/972 
f 975/975/975 976/976/976 977/977/977 
f 978/978/978 977/977/977 976/976/976 
f 979/979/979 980/980/980 981/981/981 
f 982/982/982 981/981/981 980/980/980 
f 983/983/983 984/984/984 985/985/985 
f 986/986/986 985/985/985 984/984/984 
f 987/987/987 988/988/988 989/989/989 
f 990/990/990 989/989/989 988/988/988 
f 991/991/991 992/992/992 993/993/993 
f 994/994/994 993/993/993 992/992/992 
f 995/995/995 996/996/996 997/997/997 
f 998/998/998 997/997/997 996/996/996 
f 999/999/999 1000/1000/1000 1001/1001/1001 
f 1002/1002/1002 1001/1001/1001 1000/1000/1000 
f 1003/1003/1003 1004/1004/1004 1005/1005/1005 
f 1005/1005/1005 1004/1004/1004 1006/1006/1006 
f 1007/1007/1007 1008/1008/1008 1009/1009/1009 
f 1009/1009/1009 1008/1008/1008 1010/1010/1010 
f 1011/1011/1011 1012/1012/1012 1013/1013/1013 
f 1014/1014/1014 1013/1013/1013 1012/1012/1012 
f 1015/1015/1015 1016/1016/1016 1017/1017/1017 
f 1017/1017/1017 1016/1016/1016 1018/1018/1018 
f 1019/1019/1019 1020/1020/1020 1021/1021/1021 
f 1022/1022/1022 1021/1021/1021 1020/1020/1020 
f 1023/1023/1023 1024/1024/1024 1025/1025/1025 
f 1026/1026/1026 1025/1025/1025 1024/1024/1024 
f 1027/1027/1027 1028/1028/1028 1029/1029/1029 
f 1030/1030/1030 1028/1028/1028 1027/1027/1027 
f 1031/1031/1031 1032/1032/1032 1033/1033/1033 
f 1034/1034/1034 1033/1033/1033 1032/1032/1032 
f 1035/1035/1035 1036/1036/1036 1037/1037/1037 
f 1037/1037/1037 1036/1036/1036 1038/1038/1038 
f 1039/1039/1039 1040/1040/1040 1041/1041/1041 
f 1042/1042/1042 1041/1041/1041 1040/1040/1040 
f 1043/1043/1043 1044/1044/1044 1045/1045/1045 
f 1046/1046/1046 1044/1044/1044 1043/1043/1043 
f 1047/1047/1047 1048/1048/1048 1049/1049/1049 
f 1050/1050/1050 1049/1049/1049 1048/1048/1048 
f 1051/1051/1051 1052/1052/1052 1053/1053/1053 
f 1052/1052/1052 1054/1054/1054 1053/1053/1053 
f 1055/1055/1055 1056/1056/1056 1057/1057/1057 
f 1058/1058/1058 1056/1056/1056 1055/1055/1055 
f 1056/1056/1056 1058/1058/1058 1059/1059/1059 
f 1055/1055/1055 1060/1060/1060 1058/1058/1058 
f 1061/1061/1061 1058/1058/1058 1060/1060/1060 
f 1062/1062/1062 1057/1057/1057 1056/1056/1056 
f 1063/1063/1063 1061/1061/1061 1060/1060/1060 
f 1063/1063/1063 1064/1064/1064 1061/1061/1061 
f 1064/1064/1064 1063/1063/1063 1065/1065/1065 
f 1066/1066/1066 1063/1063/1063 1060/1060/1060 
f 1067/1067/1067 1063/1063/1063 1066/1066/1066 
f 1067/1067/1067 1066/1066/1066 1057/1057/1057 
f 1068/1068/1068 1057/1057/1057 1062/1062/1062 
f 1062/1062/1062 1069/1069/1069 1068/1068/1068 
f 1070/1070/1070 1057/1057/1057 1068/1068/1068 
f 1067/1067/1067 1057/1057/1057 1070/1070/1070 
f 1071/1071/1071 1068/1068/1068 1069/1069/1069 
f 1069/1069/1069 1072/1072/1072 1071/1071/1071 
f 1072/1072/1072 1069/1069/1069 1073/1073/1073 
f 1071/1071/1071 1072/1072/1072 1074/1074/1074 
f 1067/1067/1067 1070/1070/1070 1074/1074/1074 
f 1075/1075/1075 1074/1074/1074 1072/1072/1072 
f 1076/1076/1076 1074/1074/1074 1075/1075/1075 
f 1075/1075/1075 1077/1077/1077 1076/1076/1076 
f 1078/1078/1078 1074/1074/1074 1076/1076/1076 
f 1067/1067/1067 1074/1074/1074 1078/1078/1078 
f 1079/1079/1079 1076/1076/1076 1077/1077/1077 
f 1077/1077/1077 1080/1080/1080 1079/1079/1079 
f 1080/1080/1080 1077/1077/1077 1081/1081/1081 
f 1079/1079/1079 1080/1080/1080 1082/1082/1082 
f 1078/1078/1078 1082/1082/1082 1083/1083/1083 
f 1080/1080/1080 1083/1083/1083 1082/1082/1082 
f 1067/1067/1067 1078/1078/1078 1083/1083/1083 
f 1084/1084/1084 1083/1083/1083 1080/1080/1080 
f 1085/1085/1085 1083/1083/1083 1084/1084/1084 
f 1084/1084/1084 1086/1086/1086 1085/1085/1085 
f 1087/1087/1087 1083/1083/1083 1085/1085/1085 
f 1088/1088/1088 1085/1085/1085 1086/1086/1086 
f 1089/1089/1089 1083/1083/1083 1087/1087/1087 
f 1067/1067/1067 1083/1083/1083 1089/1089/1089 
f 1089/1089/1089 1087/1087/1087 1090/1090/1090 
f 1086/1086/1086 1091/1091/1091 1088/1088/1088 
f 1088/1088/1088 1091/1091/1091 1090/1090/1090 
f 1091/1091/1091 1086/1086/1086 1092/1092/1092 
f 1089/1089/1089 1090/1090/1090 1093/1093/1093 
f 1091/1091/1091 1093/1093/1093 1090/1090/1090 
f 1067/1067/1067 1089/1089/1089 1093/1093/1093 
f 1094/1094/1094 1093/1093/1093 1091/1091/1091 
f 1095/1095/1095 1093/1093/1093 1094/1094/1094 
f 1094/1094/1094 1096/1096/1096 1095/1095/1095 
f 1097/1097/1097 1093/1093/1093 1095/1095/1095 
f 1098/1098/1098 1095/1095/1095 1096/1096/1096 
f 1099/1099/1099 1093/1093/1093 1097/1097/1097 
f 1099/1099/1099 1067/1067/1067 1093/1093/1093 
f 1099/1099/1099 1097/1097/1097 1100/1100/1100 
f 1096/1096/1096 1101/1101/1101 1098/1098/1098 
f 1098/1098/1098 1101/1101/1101 1100/1100/1100 
f 1101/1101/1101 1096/1096/1096 1102/1102/1102 
f 1099/1099/1099 1100/1100/1100 1103/1103/1103 
f 1101/1101/1101 1103/1103/1103 1100/1100/1100 
f 1099/1099/1099 1103/1103/1103 1067/1067/1067 
f 1104/1104/1104 1103/1103/1103 1101/1101/1101 
f 1105/1105/1105 1103/1103/1103 1104/1104/1104 
f 1104/1104/1104 1106/1106/1106 1105/1105/1105 
f 1107/1107/1107 1103/1103/1103 1105/1105/1105 
f 1108/1108/1108 1105/1105/1105 1106/1106/1106 
f 1109/1109/1109 1103/1103/1103 1107/1107/1107 
f 1103/1103/1103 1109/1109/1109 1067/1067/1067 
f 1109/1109/1109 1107/1107/1107 1110/1110/1110 
f 1106/1106/1106 1111/1111/1111 1108/1108/1108 
f 1108/1108/1108 1111/1111/1111 1110/1110/1110 
f 1111/1111/1111 1106/1106/1106 1112/1112/1112 
f 1109/1109/1109 1110/1110/1110 1113/1113/1113 
f 1111/1111/1111 1113/1113/1113 1110/1110/1110 
f 1109/1109/1109 1113/1113/1113 1067/1067/1067 
f 1114/1114/1114 1113/1113/1113 1111/1111/1111 
f 1115/1115/1115 1113/1113/1113 1114/1114/1114 
f 1114/1114/1114 1116/1116/1116 1115/1115/1115 
f 1117/1117/1117 1113/1113/1113 1115/1115/1115 
f 1118/1118/1118 1115/1115/1115 1116/1116/1116 
f 1119/1119/1119 1113/1113/1113 1117/1117/1117 
f 1113/1113/1113 1119/1119/1119 1067/1067/1067 
f 1119/1119/1119 1117/1117/1117 1120/1120/1120 
f 1116/1116/1116 1121/1121/1121 1118/1118/1118 
f 1118/1118/1118 1121/1121/1121 1120/1120/1120 
f 1121/1121/1121 1116/1116/1116 1122/1122/1122 
f 1119/1119/1119 1120/1120/1120 1123/1123/1123 
f 1121/1121/1121 1123/1123/1123 1120/1120/1120 
f 1119/1119/1119 1123/1123/1123 1067/1067/1067 
f 1124/1124/1124 1123/1123/1123 1121/1121/1121 
f 1125/1125/1125 1123/1123/1123 1124/1124/1124 
f 1124/1124/1124 1126/1126/1126 1125/1125/1125 
f 1127/1127/1127 1123/1123/1123 1125/1125/1125 
f 1128/1128/1128 1125/1125/1125 1126/1126/1126 
f 1129/1129/1129 1123/1123/1123 1127/1127/1127 
f 1123/1123/1123 1129/1129/1129 1067/1067/1067 
f 1129/1129/1129 1127/1127/1127 1130/1130/1130 
f 1129/1129/1129 1130/1130/1130 1067/1067/1067 
f 1127/1127/1127 1131/1131/1131 1130/1130/1130 
f 1126/1126/1126 1132/1132/1132 1128/1128/1128 
f 1128/1128/1128 1132/1132/1132 1131/1131/1131 
f 1132/1132/1132 1126/1126/1126 1133/1133/1133 
f 1132/1132/1132 1130/1130/1130 1131/1131/1131 
f 1134/1134/1134 1130/1130/1130 1132/1132/1132 
f 1135/1135/1135 1130/1130/1130 1134/1134/1134 
f 1134/1134/1134 1136/1136/1136 1135/1135/1135 
f 1137/1137/1137 1130/1130/1130 1135/1135/1135 
f 1138/1138/1138 1135/1135/1135 1136/1136/1136 
f 1139/1139/1139 1130/1130/1130 1137/1137/1137 
f 1139/1139/1139 1067/1067/1067 1130/1130/1130 
f 1137/1137/1137 1140/1140/1140 1139/1139/1139 
f 1136/1136/1136 1141/1141/1141 1138/1138/1138 
f 1138/1138/1138 1141/1141/1141 1140/1140/1140 
f 1141/1141/1141 1136/1136/1136 1142/1142/1142 
f 1139/1139/1139 1140/1140/1140 1143/1143/1143 
f 1141/1141/1141 1143/1143/1143 1140/1140/1140 
f 1139/1139/1139 1143/1143/1143 1067/1067/1067 
f 1143/1143/1143 1141/1141/1141 1144/1144/1144 
f 1143/1143/1143 1144/1144/1144 1145/1145/1145 
f 1144/1144/1144 1146/1146/1146 1145/1145/1145 
f 1147/1147/1147 1143/1143/1143 1145/1145/1145 
f 1148/1148/1148 1145/1145/1145 1146/1146/1146 
f 1149/1149/1149 1143/1143/1143 1147/1147/1147 
f 1143/1143/1143 1149/1149/1149 1067/1067/1067 
f 1147/1147/1147 1150/1150/1150 1149/1149/1149 
f 1146/1146/1146 1151/1151/1151 1148/1148/1148 
f 1148/1148/1148 1151/1151/1151 1150/1150/1150 
f 1151/1151/1151 1146/1146/1146 1152/1152/1152 
f 1149/1149/1149 1150/1150/1150 1153/1153/1153 
f 1151/1151/1151 1153/1153/1153 1150/1150/1150 
f 1149/1149/1149 1153/1153/1153 1067/1067/1067 
f 1153/1153/1153 1151/1151/1151 1154/1154/1154 
f 1153/1153/1153 1154/1154/1154 1155/1155/1155 
f 1154/1154/1154 1156/1156/1156 1155/1155/1155 
f 1157/1157/1157 1153/1153/1153 1155/1155/1155 
f 1158/1158/1158 1155/1155/1155 1156/1156/1156 
f 1159/1159/1159 1153/1153/1153 1157/1157/1157 
f 1153/1153/1153 1159/1159/1159 1067/1067/1067 
f 1157/1157/1157 1160/1160/1160 1159/1159/1159 
f 1156/1156/1156 1161/1161/1161 1158/1158/1158 
f 1158/1158/1158 1161/1161/1161 1160/1160/1160 
f 1161/1161/1161 1156/1156/1156 1162/1162/1162 
f 1159/1159/1159 1160/1160/1160 1163/1163/1163 
f 1161/1161/1161 1163/1163/1163 1160/1160/1160 
f 1159/1159/1159 1163/1163/1163 1067/1067/1067 
f 1163/1163/1163 1161/1161/1161 1164/1164/1164 
f 1163/1163/1163 1164/1164/1164 1165/1165/1165 
f 1164/1164/1164 1166/1166/1166 1165/1165/1165 
f 1167/1167/1167 1163/1163/1163 1165/1165/1165 
f 1168/1168/1168 1165/1165/1165 1166/1166/1166 
f 1169/1169/1169 1163/1163/1163 1167/1167/1167 
f 1163/1163/1163 1169/1169/1169 1067/1067/1067 
f 1167/1167/1167 1170/1170/1170 1169/1169/1169 
f 1166/1166/1166 1171/1171/1171 1168/1168/1168 
f 1168/1168/1168 1171/1171/1171 1170/1170/1170 
f 1171/1171/1171 1166/1166/1166 1172/1172/1172 
f 1169/1169/1169 1170/1170/1170 1173/1173/1173 
f 1171/1171/1171 1173/1173/1173 1170/1170/1170 
f 1169/1169/1169 1173/1173/1173 1067/1067/1067 
f 1173/1173/1173 1171/1171/1171 1174/1174/1174 
f 1173/1173/1173 1174/1174/1174 1175/1175/1175 
f 1174/1174/1174 1176/1176/1176 1175/1175/1175 
f 1177/1177/1177 1173/1173/1173 1175/1175/1175 
f 1178/1178/1178 1175/1175/1175 1176/1176/1176 
f 1179/1179/1179 1173/1173/1173 1177/1177/1177 
f 1173/1173/1173 1179/1179/1179 1067/1067/1067 
f 1177/1177/1177 1180/1180/1180 1179/1179/1179 
f 1176/1176/1176 1181/1181/1181 1178/1178/1178 
f 1178/1178/1178 1181/1181/1181 1180/1180/1180 
f 1181/1181/1181 1176/1176/1176 1182/1182/1182 
f 1179/1179/1179 1180/1180/1180 1183/1183/1183 
f 1181/1181/1181 1183/1183/1183 1180/1180/1180 
f 1179/1179/1179 1183/1183/1183 1067/1067/1067 
f 1183/1183/1183 1181/1181/1181 1184/1184/1184 
f 1183/1183/1183 1184/1184/1184 1185/1185/1185 
f 1184/1184/1184 1186/1186/1186 1185/1185/1185 
f 1187/1187/1187 1183/1183/1183 1185/1185/1185 
f 1188/1188/1188 1185/1185/1185 1186/1186/1186 
f 1186/1186/1186 1189/1189/1189 1188/1188/1188 
f 1189/1189/1189 1186/1186/1186 1190/1190/1190 
f 1188/1188/1188 1189/1189/1189 1191/1191/1191 
f 1192/1192/1192 1191/1191/1191 1189/1189/1189 
f 1191/1191/1191 1192/1192/1192 1193/1193/1193 
f 1194/1194/1194 1183/1183/1183 1187/1187/1187 
f 1187/1187/1187 1191/1191/1191 1194/1194/1194 
f 1194/1194/1194 1191/1191/1191 1193/1193/1193 
f 1183/1183/1183 1194/1194/1194 1067/1067/1067 
f 1194/1194/1194 1193/1193/1193 1067/1067/1067 
f 1195/1195/1195 1196/1196/1196 1197/1197/1197 
f 1198/1198/1198 1195/1195/1195 1197/1197/1197 
f 1198/1198/1198 1197/1197/1197 1199/1199/1199 
f 1197/1197/1197 1200/1200/1200 1199/1199/1199 
f 1201/1201/1201 1202/1202/1202 1203/1203/1203 
f 1202/1202/1202 1204/1204/1204 1203/1203/1203 
f 1205/1205/1205 1206/1206/1206 1207/1207/1207 
f 1206/1206/1206 1208/1208/1208 1207/1207/1207 
f 1209/1209/1209 1210/1210/1210 1211/1211/1211 
f 1210/1210/1210 1212/1212/1212 1211/1211/1211 
f 1213/1213/1213 1214/1214/1214 1215/1215/1215 
f 1214/1214/1214 1216/1216/1216 1215/1215/1215 
f 1217/1217/1217 1218/1218/1218 1219/1219/1219 
f 1218/1218/1218 1220/1220/1220 1219/1219/1219 
f 1221/1221/1221 1222/1222/1222 1223/1223/1223 
f 1222/1222/1222 1224/1224/1224 1223/1223/1223 
f 1225/1225/1225 1226/1226/1226 1227/1227/1227 
f 1227/1227/1227 1228/1228/1228 1225/1225/1225 
f 1229/1229/1229 1230/1230/1230 1231/1231/1231 
f 1231/1231/1231 1232/1232/1232 1229/1229/1229 
f 1233/1233/1233 1234/1234/1234 1235/1235/1235 
f 1234/1234/1234 1236/1236/1236 1235/1235/1235 
f 1237/1237/1237 1238/1238/1238 1239/1239/1239 
f 1237/1237/1237 1240/1240/1240 1238/1238/1238 
f 1241/1241/1241 1242/1242/1242 1243/1243/1243 
f 1241/1241/1241 1244/1244/1244 1242/1242/1242 
f 1245/1245/1245 1246/1246/1246 1247/1247/1247 
f 1245/1245/1245 1247/1247/1247 1248/1248/1248 
f 1249/1249/1249 1250/1250/1250 1251/1251/1251 
f 1249/1249/1249 1251/1251/1251 1252/1252/1252 
f 1253/1253/1253 1254/1254/1254 1255/1255/1255 
f 1256/1256/1256 1253/1253/1253 1255/1255/1255 
f 1257/1257/1257 1258/1258/1258 1259/1259/1259 
f 1260/1260/1260 1259/1259/1259 1258/1258/1258 
f 1257/1257/1257 1259/1259/1259 1261/1261/1261 
f 1261/1261/1261 1259/1259/1259 1262/1262/1262 
f 1263/1263/1263 1264/1264/1264 1265/1265/1265 
f 1266/1266/1266 1265/1265/1265 1264/1264/1264 
f 1267/1267/1267 1268/1268/1268 1269/1269/1269 
f 1270/1270/1270 1267/1267/1267 1269/1269/1269 
f 1271/1271/1271 1272/1272/1272 1273/1273/1273 
f 1274/1274/1274 1273/1273/1273 1272/1272/1272 
f 1275/1275/1275 1276/1276/1276 1277/1277/1277 
f 1276/1276/1276 1278/1278/1278 1277/1277/1277 
f 1279/1279/1279 1280/1280/1280 1281/1281/1281 
f 1282/1282/1282 1281/1281/1281 1280/1280/1280 
f 1283/1283/1283 1284/1284/1284 1285/1285/1285 
f 1286/1286/1286 1285/1285/1285 1284/1284/1284 
f 1287/1287/1287 1288/1288/1288 1289/1289/1289 
f 1290/1290/1290 1289/1289/1289 1288/1288/1288 
f 1291/1291/1291 1292/1292/1292 1293/1293/1293 
f 1294/1294/1294 1293/1293/1293 1292/1292/1292 
f 1295/1295/1295 1296/1296/1296 1297/1297/1297 
f 1298/1298/1298 1295/1295/1295 1297/1297/1297 
f 1299/1299/1299 1300/1300/1300 1301/1301/1301 
f 1302/1302/1302 1301/1301/1301 1300/1300/1300 
f 1303/1303/1303 1304/1304/1304 1305/1305/1305 
f 1306/1306/1306 1305/1305/1305 1304/1304/1304 
f 1307/1307/1307 1308/1308/1308 1309/1309/1309 
f 1310/1310/1310 1307/1307/1307 1309/1309/1309 
f 1311/1311/1311 1312/1312/1312 1313/1313/1313 
f 1314/1314/1314 1311/1311/1311 1313/1313/1313 
f 1315/1315/1315 1316/1316/1316 1317/1317/1317 
f 1318/1318/1318 1317/1317/1317 1316/1316/1316 
f 1319/1319/1319 1320/1320/1320 1321/1321/1321 
f 1322/1322/1322 1319/1319/1319 1321/1321/1321 
f 1323/1323/1323 1324/1324/1324 1325/1325/1325 
f 1326/1326/1326 1325/1325/1325 1324/1324/1324 
f 1327/1327/1327 1328/1328/1328 1329/1329/1329 
f 1330/1330/1330 1329/1329/1329 1328/1328/1328 
f 1331/1331/1331 1332/1332/1332 1333/1333/1333 
f 1334/1334/1334 1331/1331/1331 1333/1333/1333 
f 1335/1335/1335 1336/1336/1336 1337/1337/1337 
f 1338/1338/1338 1337/1337/1337 1336/1336/1336 
f 1339/1339/1339 1340/1340/1340 1341/1341/1341 
f 1340/1340/1340 1342/1342/1342 1341/1341/1341 
f 1343/1343/1343 1344/1344/1344 1345/1345/1345 
f 1346/1346/1346 1345/1345/1345 1344/1344/1344 
f 1347/1347/1347 1348/1348/1348 1349/1349/1349 
f 1348/1348/1348 1350/1350/1350 1349/1349/1349 
f 1351/1351/1351 1352/1352/1352 1353/1353/1353 
f 1354/1354/1354 1353/1353/1353 1352/1352/1352 
f 1355/1355/1355 1356/1356/1356 1357/1357/1357 
f 1358/1358/1358 1355/1355/1355 1357/1357/1357 
f 1359/1359/1359 1360/1360/1360 1361/1361/1361 
f 1362/1362/1362 1361/1361/1361 1360/1360/1360 
f 1363/1363/1363 1364/1364/1364 1365/1365/1365 
f 1364/1364/1364 1366/1366/1366 1365/1365/1365 
f 1367/1367/1367 1368/1368/1368 1369/1369/1369 
f 1370/1370/1370 1367/1367/1367 1369/1369/1369 
f 1371/1371/1371 1372/1372/1372 1373/1373/1373 
f 1374/1374/1374 1373/1373/1373 1372/1372/1372 

g Union171

v 3 1 249.5 
v 3 1 234.5 
v 3 3 249.5 
v 3 3 234.5 
v 0 5 234.5 
v 0 5 249.5 
v 0 3 234.5 
v 0 3 249.5 
v -3 7 249.5 
v -3 5 234.5 
v -3 7 234.5 
v -3 5 249.5 
v -6 7 249.5 
v -6 7 234.5 
v -6 9 249.5 
v -6 9 234.5 
v -9 11 249.5 
v -9 9 234.5 
v -9 11 234.5 
v -9 9 249.5 
v -12 11 249.5 
v -12 11 234.5 
v -12 13 249.5 
v -12 13 234.5 
v -12 13 249.5 
v -15 13 234.5 
v -15 13 249.5 
v -12 13 234.5 
v -12 11 234.5 
v -9 11 249.5 
v -9 11 234.5 
v -12 11 249.5 
v -6 9 234.5 
v -9 9 234.5 
v -6 9 249.5 
v -9 9 249.5 
v -6 7 249.5 
v -3 7 249.5 
v -6 7 234.5 
v -3 7 234.5 
v 0 5 234.5 
v -3 5 234.5 
v 0 5 249.5 
v -3 5 249.5 
v 0 3 234.5 
v 3 3 249.5 
v 3 3 234.5 
v 0 3 249.5 
v -12 13 249.5 
v -15 13 249.5 
v -12 11 249.5 
v -15 11 249.5 
v -9 11 249.5 
v -9 9 249.5 
v -12 9 249.5 
v -9 7 249.5 
v -6 7 249.5 
v -6 9 249.5 
v -3 7 249.5 
v -3 5 249.5 
v -6 5 249.5 
v -3 3 249.5 
v 0 3 249.5 
v 0 5 249.5 
v 3 1 249.5 
v 3 3 249.5 
v 0 1 249.5 
v -15 13 234.5 
v -15 11 234.5 
v -15 11 249.5 
v -15 13 249.5 
v -12 9 249.5 
v -12 11 234.5 
v -12 9 234.5 
v -12 11 249.5 
v -9 9 249.5 
v -9 9 234.5 
v -9 7 249.5 
v -9 7 234.5 
v -6 5 249.5 
v -6 7 234.5 
v -6 5 234.5 
v -6 7 249.5 
v -3 5 249.5 
v -3 5 234.5 
v -3 3 249.5 
v -3 3 234.5 
v 0 1 249.5 
v 0 3 234.5 
v 0 1 234.5 
v 0 3 249.5 
v 0 1 249.5 
v 0 1 234.5 
v 3 1 234.5 
v 3 1 249.5 
v -3 3 249.5 
v 0 3 234.5 
v 0 3 249.5 
v -3 3 234.5 
v -3 5 234.5 
v -6 5 249.5 
v -6 5 234.5 
v -3 5 249.5 
v -9 7 249.5 
v -9 7 234.5 
v -6 7 234.5 
v -6 7 249.5 
v -9 9 234.5 
v -12 9 249.5 
v -12 9 234.5 
v -9 9 249.5 
v -15 11 249.5 
v -12 11 234.5 
v -12 11 249.5 
v -15 11 234.5 
v -15 13 234.5 
v -12 13 234.5 
v -15 11 234.5 
v -12 11 234.5 
v -9 11 234.5 
v -12 9 234.5 
v -9 9 234.5 
v -6 9 234.5 
v -9 7 234.5 
v -6 7 234.5 
v -3 7 234.5 
v -6 5 234.5 
v -3 5 234.5 
v 0 5 234.5 
v -3 3 234.5 
v 0 3 234.5 
v 3 3 234.5 
v 0 1 234.5 
v 3 1 234.5 

vn 1 0 0 
vn 1 0 0 
vn 1 0 0 
vn 1 0 0 
vn 1 0 0 
vn 1 0 0 
vn 1 0 0 
vn 1 0 0 
vn 1 0 0 
vn 1 0 0 
vn 1 0 0 
vn 1 0 0 
vn 1 0 0 
vn 1 0 0 
vn 1 0 0 
vn 1 0 0 
vn 1 0 0 
vn 1 0 0 
vn 1 0 0 
vn 1 0 0 
vn 1 0 0 
vn 1 0 0 
vn 1 0 0 
vn 1 0 0 
vn 0 1 0 
vn 0 1 0 
vn 0 1 0 
vn 0 1 0 
vn 0 1 0 
vn 0 1 0 
vn 0 1 0 
vn 0 1 0 
vn 0 1 0 
vn 0 1 0 
vn 0 1 0 
vn 0 1 0 
vn 0 1 0 
vn 0 1 0 
vn 0 1 0 
vn 0 1 0 
vn 0 1 0 
vn 0 1 0 
vn 0 1 0 
vn 0 1 0 
vn 0 1 0 
vn 0 1 0 
vn 0 1 0 
vn 0 1 0 
vn 0 0 1 
vn 0 0 1 
vn 0 0 1 
vn 0 0 1 
vn 0 0 1 
vn 0 0 1 
vn 0 0 1 
vn 0 0 1 
vn 0 0 1 
vn 0 0 1 
vn 0 0 1 
vn 0 0 1 
vn 0 0 1 
vn 0 0 1 
vn 0 0 1 
vn 0 0 1 
vn 0 0 1 
vn 0 0 1 
vn 0 0 1 
vn -1 0 0 
vn -1 0 0 
vn -1 0 0 
vn -1 0 0 
vn -1 0 0 
vn -1 0 0 
vn -1 0 0 
vn -1 0 0 
vn -1 0 0 
vn -1 0 0 
vn -1 0 0 
vn -1 0 0 
vn -1 0 0 
vn -1 0 0 
vn -1 0 0 
vn -1 0 0 
vn -1 0 0 
vn -1 0 0 
vn -1 0 0 
vn -1 0 0 
vn -1 0 0 
vn -1 0 0 
vn -1 0 0 
vn -1 0 0 
vn 0 -1 0 
vn 0 -1 0 
vn 0 -1 0 
vn 0 -1 0 
vn 0 -1 0 
vn 0 -1 0 
vn 0 -1 0 
vn 0 -1 0 
vn 0 -1 0 
vn 0 -1 0 
vn 0 -1 0 
vn 0 -1 0 
vn 0 -1 0 
vn 0 -1 0 
vn 0 -1 0 
vn 0 -1 0 
vn 0 -1 0 
vn 0 -1 0 
vn 0 -1 0 
vn 0 -1 0 
vn 0 -1 0 
vn 0 -1 0 
vn 0 -1 0 
vn 0 -1 0 
vn 0 0 -1 
vn 0 0 -1 
vn 0 0 -1 
vn 0 0 -1 
vn 0 0 -1 
vn 0 0 -1 
vn 0 0 -1 
vn 0 0 -1 
vn 0 0 -1 
vn 0 0 -1 
vn 0 0 -1 
vn 0 0 -1 
vn 0 0 -1 
vn 0 0 -1 
vn 0 0 -1 
vn 0 0 -1 
vn 0 0 -1 
vn 0 0 -1 
vn 0 0 -1 

vt 31.0625 -19.75 
vt 32.9375 -19.75 
vt 31.0625 -19.5 
vt 32.9375 -19.5 
vt 32.9375 -19.25 
vt 31.0625 -19.25 
vt 32.9375 -19.5 
vt 31.0625 -19.5 
vt 31.0625 -19 
vt 32.9375 -19.25 
vt 32.9375 -19 
vt 31.0625 -19.25 
vt 31.0625 -19 
vt 32.9375 -19 
vt 31.0625 -18.75 
vt 32.9375 -18.75 
vt 31.0625 -18.5 
vt 32.9375 -18.75 
vt 32.9375 -18.5 
vt 31.0625 -18.75 
vt 31.0625 -18.5 
vt 32.9375 -18.5 
vt 31.0625 -18.25 
vt 32.9375 -18.25 
vt 32.75 -18.0625 
vt 33.125 -19.9375 
vt 33.125 -18.0625 
vt 32.75 -19.9375 
vt 32.75 -19.9375 
vt 32.375 -18.0625 
vt 32.375 -19.9375 
vt 32.75 -18.0625 
vt 32 -19.9375 
vt 32.375 -19.9375 
vt 32 -18.0625 
vt 32.375 -18.0625 
vt 32 -18.0625 
vt 31.625 -18.0625 
vt 32 -19.9375 
vt 31.625 -19.9375 
vt 31.25 -19.9375 
vt 31.625 -19.9375 
vt 31.25 -18.0625 
vt 31.625 -18.0625 
vt 31.25 -19.9375 
vt 30.875 -18.0625 
vt 30.875 -19.9375 
vt 31.25 -18.0625 
vt 31.25 -18.25 
vt 30.875 -18.25 
vt 31.25 -18.5 
vt 30.875 -18.5 
vt 31.625 -18.5 
vt 31.625 -18.75 
vt 31.25 -18.75 
vt 31.625 -19 
vt 32 -19 
vt 32 -18.75 
vt 32.375 -19 
vt 32.375 -19.25 
vt 32 -19.25 
vt 32.375 -19.5 
vt 32.75 -19.5 
vt 32.75 -19.25 
vt 33.125 -19.75 
vt 33.125 -19.5 
vt 32.75 -19.75 
vt 31.0625 -18.25 
vt 31.0625 -18.5 
vt 32.9375 -18.5 
vt 32.9375 -18.25 
vt 32.9375 -18.75 
vt 31.0625 -18.5 
vt 31.0625 -18.75 
vt 32.9375 -18.5 
vt 32.9375 -18.75 
vt 31.0625 -18.75 
vt 32.9375 -19 
vt 31.0625 -19 
vt 32.9375 -19.25 
vt 31.0625 -19 
vt 31.0625 -19.25 
vt 32.9375 -19 
vt 32.9375 -19.25 
vt 31.0625 -19.25 
vt 32.9375 -19.5 
vt 31.0625 -19.5 
vt 32.9375 -19.75 
vt 31.0625 -19.5 
vt 31.0625 -19.75 
vt 32.9375 -19.5 
vt 32.75 -18.0625 
vt 32.75 -19.9375 
vt 33.125 -19.9375 
vt 33.125 -18.0625 
vt 32.375 -18.0625 
vt 32.75 -19.9375 
vt 32.75 -18.0625 
vt 32.375 -19.9375 
vt 32.375 -19.9375 
vt 32 -18.0625 
vt 32 -19.9375 
vt 32.375 -18.0625 
vt 31.625 -18.0625 
vt 31.625 -19.9375 
vt 32 -19.9375 
vt 32 -18.0625 
vt 31.625 -19.9375 
vt 31.25 -18.0625 
vt 31.25 -19.9375 
vt 31.625 -18.0625 
vt 30.875 -18.0625 
vt 31.25 -19.9375 
vt 31.25 -18.0625 
vt 30.875 -19.9375 
vt 33.125 -18.25 
vt 32.75 -18.25 
vt 33.125 -18.5 
vt 32.75 -18.5 
vt 32.375 -18.5 
vt 32.75 -18.75 
vt 32.375 -18.75 
vt 32 -18.75 
vt 32.375 -19 
vt 32 -19 
vt 31.625 -19 
vt 32 -19.25 
vt 31.625 -19.25 
vt 31.25 -19.25 
vt 31.625 -19.5 
vt 31.25 -19.5 
vt 30.875 -19.5 
vt 31.25 -19.75 
vt 30.875 -19.75 

usemtl Union161Mtl

f 1375/1375/1375 1376/1376/1376 1377/1377/1377 
f 1378/1378/1378 1377/1377/1377 1376/1376/1376 
f 1379/1379/1379 1380/1380/1380 1381/1381/1381 
f 1382/1382/1382 1381/1381/1381 1380/1380/1380 
f 1383/1383/1383 1384/1384/1384 1385/1385/1385 
f 1384/1384/1384 1383/1383/1383 1386/1386/1386 
f 1387/1387/1387 1388/1388/1388 1389/1389/1389 
f 1389/1389/1389 1388/1388/1388 1390/1390/1390 
f 1391/1391/1391 1392/1392/1392 1393/1393/1393 
f 1392/1392/1392 1391/1391/1391 1394/1394/1394 
f 1395/1395/1395 1396/1396/1396 1397/1397/1397 
f 1398/1398/1398 1397/1397/1397 1396/1396/1396 
f 1399/1399/1399 1400/1400/1400 1401/1401/1401 
f 1402/1402/1402 1400/1400/1400 1399/1399/1399 
f 1403/1403/1403 1404/1404/1404 1405/1405/1405 
f 1404/1404/1404 1403/1403/1403 1406/1406/1406 
f 1407/1407/1407 1408/1408/1408 1409/1409/1409 
f 1409/1409/1409 1408/1408/1408 1410/1410/1410 
f 1411/1411/1411 1412/1412/1412 1413/1413/1413 
f 1413/1413/1413 1412/1412/1412 1414/1414/1414 
f 1415/1415/1415 1416/1416/1416 1417/1417/1417 
f 1417/1417/1417 1416/1416/1416 1418/1418/1418 
f 1419/1419/1419 1420/1420/1420 1421/1421/1421 
f 1420/1420/1420 1419/1419/1419 1422/1422/1422 
f 1423/1423/1423 1424/1424/1424 1425/1425/1425 
f 1424/1424/1424 1426/1426/1426 1425/1425/1425 
f 1427/1427/1427 1425/1425/1425 1428/1428/1428 
f 1429/1429/1429 1428/1428/1428 1425/1425/1425 
f 1430/1430/1430 1431/1431/1431 1428/1428/1428 
f 1432/1432/1432 1428/1428/1428 1431/1431/1431 
f 1433/1433/1433 1431/1431/1431 1434/1434/1434 
f 1435/1435/1435 1434/1434/1434 1431/1431/1431 
f 1434/1434/1434 1436/1436/1436 1437/1437/1437 
f 1438/1438/1438 1434/1434/1434 1437/1437/1437 
f 1437/1437/1437 1439/1439/1439 1440/1440/1440 
f 1441/1441/1441 1439/1439/1439 1437/1437/1437 
f 1442/1442/1442 1443/1443/1443 1444/1444/1444 
f 1442/1442/1442 1444/1444/1444 1445/1445/1445 
f 1446/1446/1446 1447/1447/1447 1448/1448/1448 
f 1447/1447/1447 1446/1446/1446 1449/1449/1449 
f 1450/1450/1450 1451/1451/1451 1452/1452/1452 
f 1452/1452/1452 1451/1451/1451 1453/1453/1453 
f 1454/1454/1454 1455/1455/1455 1456/1456/1456 
f 1455/1455/1455 1454/1454/1454 1457/1457/1457 
f 1458/1458/1458 1459/1459/1459 1460/1460/1460 
f 1459/1459/1459 1461/1461/1461 1460/1460/1460 
f 1462/1462/1462 1463/1463/1463 1464/1464/1464 
f 1463/1463/1463 1462/1462/1462 1465/1465/1465 
f 1466/1466/1466 1467/1467/1467 1468/1468/1468 
f 1466/1466/1466 1468/1468/1468 1469/1469/1469 
f 1470/1470/1470 1471/1471/1471 1472/1472/1472 
f 1470/1470/1470 1473/1473/1473 1471/1471/1471 
f 1474/1474/1474 1475/1475/1475 1476/1476/1476 
f 1477/1477/1477 1475/1475/1475 1474/1474/1474 
f 1478/1478/1478 1479/1479/1479 1480/1480/1480 
f 1478/1478/1478 1480/1480/1480 1481/1481/1481 
f 1482/1482/1482 1483/1483/1483 1484/1484/1484 
f 1483/1483/1483 1482/1482/1482 1485/1485/1485 
f 1486/1486/1486 1487/1487/1487 1488/1488/1488 
f 1486/1486/1486 1489/1489/1489 1487/1487/1487 
f 1490/1490/1490 1491/1491/1491 1492/1492/1492 
f 1492/1492/1492 1491/1491/1491 1493/1493/1493 
f 1493/1493/1493 1494/1494/1494 1495/1495/1495 
f 1496/1496/1496 1495/1495/1495 1494/1494/1494 
f 1496/1496/1496 1497/1497/1497 1498/1498/1498 
f 1499/1499/1499 1498/1498/1498 1497/1497/1497 
f 1499/1499/1499 1500/1500/1500 1501/1501/1501 
f 1502/1502/1502 1501/1501/1501 1500/1500/1500 
f 1502/1502/1502 1503/1503/1503 1504/1504/1504 
f 1504/1504/1504 1503/1503/1503 1505/1505/1505 
f 1505/1505/1505 1506/1506/1506 1507/1507/1507 
f 1507/1507/1507 1506/1506/1506 1508/1508/1508 

g Union131

v 322 9.53674e-07 69.5 
v 322 25 156.5 
v 322 9.53674e-07 156.5 
v 322 25 69.5 
v 306 9.53674e-07 85.5 
v 306 25 140.5 
v 306 9.53674e-07 140.5 
v 306 25 85.5 
v 257 9.53674e-07 156.5 
v 257 25 172.5 
v 257 9.53674e-07 172.5 
v 257 25 156.5 
v 231 19 171.5 
v 231 9.53674e-07 155.5 
v 231 25 171.5 
v 231 25 155.5 
v 231 6 171.5 
v 231 9.53674e-07 171.5 
v 231 6 172.5 
v 231 19 172.5 
v 220 25 139.5 
v 220 9.53674e-07 139.5 
v 220 9.53674e-07 119.5 
v 220 25 119.5 
v 206 25 331.5 
v 206 21 295.5 
v 206 21 156.5 
v 206 25 156.5 
v 206 17 295.5 
v 206 17 330.5 
v 206 9.53674e-07 330.5 
v 206 9.53674e-07 331.5 
v 190 9.53674e-07 155.5 
v 190 25 218 
v 190 9.53674e-07 218 
v 190 25 155.5 
v 190 9.53674e-07 233 
v 190 25 295.5 
v 190 9.53674e-07 295.5 
v 190 25 233 
v 183 9.53674e-07 86.5 
v 183 25 119.5 
v 183 9.53674e-07 119.5 
v 183 25 86.5 
v 167 25 330.5 
v 167 9.53674e-07 320.5 
v 167 25 320.5 
v 167 9.53674e-07 330.5 
v 167 25 305.5 
v 167 9.53674e-07 295.5 
v 167 25 295.5 
v 167 9.53674e-07 305.5 
v 167 9.53674e-07 155.5 
v 167 9.53674e-07 145.5 
v 167 25 155.5 
v 167 25 145.5 
v 167 9.53674e-07 70.5 
v 167 25 130.5 
v 167 9.53674e-07 130.5 
v 167 25 70.5 
v 130 25 233 
v 130 9.53674e-07 233 
v 130 9.53674e-07 218 
v 130 25 218 
v 129 9.53674e-07 130.5 
v 129 9.53674e-07 120.5 
v 129 25 120.5 
v 129 25 130.5 
v 129 25 99.5 
v 129 9.53674e-07 119.5 
v 129 9.53674e-07 99.5 
v 129 25 119.5 
v 129 9.53674e-07 155.5 
v 129 9.53674e-07 145.5 
v 129 25 145.5 
v 129 25 155.5 
v 128 25 331.5 
v 128 21 330.5 
v 128 25 330.5 
v 128 21 331.5 
v 101 25 188.5 
v 101 9.53674e-07 146.5 
v 101 25 146.5 
v 101 9.53674e-07 188.5 
v 87 1.90735e-06 330.5 
v 87 21 330.5 
v 87 1.90735e-06 331.5 
v 87 21 331.5 
v 81 1 331.5 
v 81 25 331.5 
v 81 9.53674e-07 356.5 
v 81 25 356.5 
v 81 1.90735e-06 331.5 
v 81 9.53674e-07 294.5 
v 81 9.53674e-07 249.5 
v 81 25 294.5 
v 81 25 249.5 
v 80 21 129.5 
v 80 25 130.5 
v 80 21 130.5 
v 80 9.53674e-07 100.5 
v 80 25 100.5 
v 80 9.53674e-07 129.5 
v 80 9.53674e-07 145.5 
v 80 25 145.5 
v 80 9.53674e-07 187.5 
v 80 25 187.5 
v 65 9.53674e-07 265.5 
v 65 25 265.5 
v 65 9.53674e-07 340.5 
v 65 25 340.5 
v 64 9.53674e-07 339.5 
v 64 25 340.5 
v 64 9.53674e-07 340.5 
v 64 25 339.5 
v 61 25 162.5 
v 61 9.53674e-07 162.5 
v 61 25 146.5 
v 61 9.53674e-07 146.5 
v 47 9.53674e-07 145.5 
v 47 25 145.5 
v 47 9.53674e-07 161.5 
v 47 25 161.5 
v 24 9.53674e-07 146.5 
v 24 25 146.5 
v 24 9.53674e-07 162.5 
v 24 25 162.5 
v 14 25 249.5 
v 14 9.53674e-07 249.5 
v 14 25 218.5 
v 14 9.53674e-07 218.5 
v 13 25 250.5 
v 13 17 249.5 
v 13 25 249.5 
v 13 17 250.5 
v 10 9.53674e-07 145.5 
v 10 25 145.5 
v 10 9.53674e-07 161.5 
v 10 25 161.5 
v 3.00002 9.53674e-07 250.5 
v 3 17 249.5 
v 3.00002 17 250.5 
v 3.00002 9.53674e-07 249.5 
v -8.99998 25 188.5 
v -8.99998 9.53674e-07 187.5 
v -8.99998 25 187.5 
v -8.99998 9.53674e-07 188.5 
v -8.99998 9.53674e-07 146.5 
v -8.99998 25 146.5 
v -25 9.53674e-07 145.5 
v -25 25 145.5 
v -25 9.53674e-07 187.5 
v -25 25 187.5 
v -25 25 249.5 
v -25 9.53674e-07 219.5 
v -25 25 219.5 
v -25 9.53674e-07 249.5 
v -40 25 145.5 
v -40 21 130.5 
v -40 25 130.5 
v -40 21 145.5 
v -58 25 339.5 
v -58 9.53674e-07 266.5 
v -58 25 266.5 
v -58 9.53674e-07 339.5 
v -74 25 355.5 
v -74 9.53674e-07 355.5 
v -74 25 250.5 
v -74 9.53674e-07 250.5 
v 167 25 320.5 
v 157 25 320.5 
v 167 25 330.5 
v 157 25 330.5 
v 206 25 331.5 
v 205 25 330.5 
v 128 25 330.5 
v 206 25 156.5 
v 128 25 331.5 
v 205 25 155.5 
v 81 25 330.5 
v 230 25 156.5 
v 231 25 155.5 
v 230 25 172.5 
v 231 25 171.5 
v 257 25 172.5 
v 256 25 171.5 
v 256 25 155.5 
v 257 25 156.5 
v 322 25 156.5 
v 321 25 155.5 
v 321 25 70.5 
v 322 25 69.5 
v 166 25 69.5 
v 167 25 70.5 
v 167 25 130.5 
v 166 25 119.5 
v 157 25 120.5 
v 157 25 130.5 
v 129 25 119.5 
v 129 25 120.5 
v 128 25 100.5 
v 129 25 130.5 
v 128 25 130.5 
v 129 25 99.5 
v 80 25 100.5 
v 79 25 99.5 
v 80 25 130.5 
v 79 25 129.5 
v -40 25 130.5 
v -41 25 129.5 
v -40 25 145.5 
v -41 25 146.5 
v -25 25 145.5 
v -26 25 146.5 
v -25 25 187.5 
v -26 25 187.5 
v -26 25 188.5 
v -8.99998 25 188.5 
v -8.99998 25 187.5 
v -9.99998 25 187.5 
v -8.99998 25 146.5 
v -9.99998 25 145.5 
v 9.00001 25 146.5 
v 10 25 145.5 
v 10 25 161.5 
v 9.00001 25 162.5 
v 24 25 162.5 
v 23 25 161.5 
v 24 25 146.5 
v 23 25 145.5 
v 46 25 146.5 
v 47 25 145.5 
v 47 25 161.5 
v 46 25 162.5 
v 61 25 162.5 
v 60 25 161.5 
v 61 25 146.5 
v 60 25 145.5 
v 79 25 146.5 
v 80 25 145.5 
v 80 25 187.5 
v 79 25 187.5 
v 79 25 188.5 
v 100 25 187.5 
v 101 25 188.5 
v 100 25 145.5 
v 101 25 146.5 
v 128 25 146.5 
v 129 25 145.5 
v 129 25 155.5 
v 129 25 156.5 
v 128 25 156.5 
v 189 25 156.5 
v 157 25 155.5 
v 167 25 155.5 
v 157 25 145.5 
v 167 25 145.5 
v 189 25 155.5 
v 190 25 218 
v 190 25 155.5 
v 189 25 217 
v 129 25 217 
v 130 25 218 
v 129 25 218 
v 130 25 233 
v 129 25 233 
v 189 25 234 
v 129 25 234 
v 190 25 233 
v 190 25 295.5 
v 189 25 294.5 
v 189 25 295.5 
v 81 25 294.5 
v 167 25 295.5 
v 157 25 295.5 
v 167 25 305.5 
v 157 25 305.5 
v 80 25 295.5 
v 80 25 250.5 
v 81 25 249.5 
v 14 25 249.5 
v 13 25 250.5 
v 13 25 219.5 
v 14 25 218.5 
v -26 25 218.5 
v -25 25 219.5 
v -26 25 249.5 
v -25 25 249.5 
v 13 25 250.5 
v 13 25 249.5 
v -75 25 249.5 
v -74 25 250.5 
v -75 25 356.5 
v -74 25 355.5 
v 81 25 356.5 
v 80 25 355.5 
v 81 25 331.5 
v 80 25 331.5 
v 80 25 330.5 
v 219 25 120.5 
v 220 25 119.5 
v 183 25 119.5 
v 219 25 140.5 
v 182 25 120.5 
v 220 25 139.5 
v 182 25 85.5 
v 306 25 140.5 
v 183 25 86.5 
v 305 25 139.5 
v 306 25 85.5 
v 305 25 86.5 
v -59 25 340.5 
v -58 25 339.5 
v -58 25 266.5 
v 64 25 340.5 
v 64 25 339.5 
v -59 25 265.5 
v 64 25 266.5 
v 65 25 340.5 
v 65 25 265.5 
v 231 6 172.5 
v 256 6 172.5 
v 231 6 171.5 
v 256 6 171.5 
v -75 25 356.5 
v 81 9.53674e-07 356.5 
v 81 25 356.5 
v -75 9.53674e-07 356.5 
v -59 25 340.5 
v 64 9.53674e-07 340.5 
v 64 25 340.5 
v -59 9.53674e-07 340.5 
v 65 9.53674e-07 340.5 
v 65 25 340.5 
v 128 9.53674e-07 331.5 
v 206 9.53674e-07 331.5 
v 128 25 331.5 
v 206 25 331.5 
v 87 21 331.5 
v 128 21 331.5 
v 81 25 331.5 
v 87 1.90735e-06 331.5 
v 81 1 331.5 
v 81 1.90735e-06 331.5 
v 157 25 305.5 
v 167 9.53674e-07 305.5 
v 167 25 305.5 
v 157 9.53674e-07 305.5 
v 189 9.53674e-07 295.5 
v 190 9.53674e-07 295.5 
v 189 25 295.5 
v 190 25 295.5 
v 167 25 295.5 
v 167 9.53674e-07 295.5 
v 80 9.53674e-07 295.5 
v 157 9.53674e-07 295.5 
v 80 25 295.5 
v 157 25 295.5 
v -58 25 266.5 
v 64 9.53674e-07 266.5 
v 64 25 266.5 
v -58 9.53674e-07 266.5 
v 13 9.53674e-07 250.5 
v 80 9.53674e-07 250.5 
v 13 25 250.5 
v 80 25 250.5 
v -74 9.53674e-07 250.5 
v 3.00002 9.53674e-07 250.5 
v -74 25 250.5 
v 3.00002 17 250.5 
v 13 25 250.5 
v 13 17 250.5 
v 129 9.53674e-07 234 
v 189 9.53674e-07 234 
v 129 25 234 
v 189 25 234 
v -25 9.53674e-07 219.5 
v 13 9.53674e-07 219.5 
v 13 25 219.5 
v -25 25 219.5 
v 190 25 218 
v 130 25 218 
v 130 9.53674e-07 218 
v 190 9.53674e-07 218 
v -26 25 188.5 
v -8.99998 9.53674e-07 188.5 
v -8.99998 25 188.5 
v -26 9.53674e-07 188.5 
v 79 9.53674e-07 188.5 
v 101 9.53674e-07 188.5 
v 79 25 188.5 
v 101 25 188.5 
v -26 9.53674e-07 187.5 
v -25 9.53674e-07 187.5 
v -26 25 187.5 
v -25 25 187.5 
v -9.99998 25 187.5 
v -8.99998 9.53674e-07 187.5 
v -8.99998 25 187.5 
v -9.99998 9.53674e-07 187.5 
v 79 9.53674e-07 187.5 
v 80 9.53674e-07 187.5 
v 79 25 187.5 
v 80 25 187.5 
v 256 19 172.5 
v 257 9.53674e-07 172.5 
v 257 25 172.5 
v 230 25 172.5 
v 256 6 172.5 
v 231 19 172.5 
v 231 6 172.5 
v 230 9.53674e-07 172.5 
v 9.00001 9.53674e-07 162.5 
v 24 9.53674e-07 162.5 
v 9.00001 25 162.5 
v 24 25 162.5 
v 46 9.53674e-07 162.5 
v 61 9.53674e-07 162.5 
v 46 25 162.5 
v 61 25 162.5 
v 257 9.53674e-07 156.5 
v 322 9.53674e-07 156.5 
v 322 25 156.5 
v 257 25 156.5 
v 206 25 156.5 
v 230 21 156.5 
v 230 25 156.5 
v 206 21 156.5 
v 128 9.53674e-07 156.5 
v 129 9.53674e-07 156.5 
v 128 25 156.5 
v 129 25 156.5 
v 189 9.53674e-07 156.5 
v 189 25 156.5 
v -41 9.53674e-07 146.5 
v -26 25 146.5 
v -41 25 146.5 
v -26 9.53674e-07 146.5 
v -8.99998 9.53674e-07 146.5 
v 9.00001 9.53674e-07 146.5 
v 9.00001 25 146.5 
v -8.99998 25 146.5 
v 24 25 146.5 
v 24 9.53674e-07 146.5 
v 46 25 146.5 
v 46 9.53674e-07 146.5 
v 61 9.53674e-07 146.5 
v 79 9.53674e-07 146.5 
v 61 25 146.5 
v 79 25 146.5 
v 101 9.53674e-07 146.5 
v 128 9.53674e-07 146.5 
v 128 25 146.5 
v 101 25 146.5 
v 219 25 140.5 
v 306 9.53674e-07 140.5 
v 306 25 140.5 
v 219 9.53674e-07 140.5 
v 157 25 130.5 
v 167 9.53674e-07 130.5 
v 167 25 130.5 
v 157 9.53674e-07 130.5 
v 80 21 130.5 
v 80 25 130.5 
v -40 25 130.5 
v -40 21 130.5 
v 128 9.53674e-07 130.5 
v 129 9.53674e-07 130.5 
v 128 25 130.5 
v 129 25 130.5 
v 79 9.53674e-07 129.5 
v 80 9.53674e-07 129.5 
v 80 21 129.5 
v 79 21 129.5 
v 129 9.53674e-07 120.5 
v 157 9.53674e-07 120.5 
v 129 25 120.5 
v 157 25 120.5 
v 182 25 120.5 
v 219 9.53674e-07 120.5 
v 219 25 120.5 
v 182 9.53674e-07 120.5 
v 80 9.53674e-07 100.5 
v 128 9.53674e-07 100.5 
v 80 25 100.5 
v 128 25 100.5 
v 183 9.53674e-07 86.5 
v 305 9.53674e-07 86.5 
v 305 25 86.5 
v 183 25 86.5 
v 321 25 70.5 
v 167 25 70.5 
v 167 9.53674e-07 70.5 
v 321 9.53674e-07 70.5 
v -75 9.53674e-07 249.5 
v -75 9.53674e-07 356.5 
v -75 25 356.5 
v -75 25 249.5 
v -59 9.53674e-07 265.5 
v -59 9.53674e-07 340.5 
v -59 25 340.5 
v -59 25 265.5 
v -41 21 129.5 
v -41 21 145.5 
v -41 25 129.5 
v -41 25 146.5 
v -41 9.53674e-07 146.5 
v -41 9.53674e-07 145.5 
v -26 9.53674e-07 146.5 
v -26 9.53674e-07 187.5 
v -26 25 146.5 
v -26 25 187.5 
v -26 9.53674e-07 188.5 
v -26 25 188.5 
v -26 25 218.5 
v -26 9.53674e-07 218.5 
v -26 25 249.5 
v -26 9.53674e-07 249.5 
v -9.99998 9.53674e-07 145.5 
v -9.99998 9.53674e-07 187.5 
v -9.99998 25 187.5 
v -9.99998 25 145.5 
v 9.00001 9.53674e-07 146.5 
v 9.00001 9.53674e-07 162.5 
v 9.00001 25 162.5 
v 9.00001 25 146.5 
v 13 9.53674e-07 219.5 
v 13 9.53674e-07 250.5 
v 13 25 250.5 
v 13 25 219.5 
v 23 9.53674e-07 145.5 
v 23 9.53674e-07 161.5 
v 23 25 161.5 
v 23 25 145.5 
v 46 25 146.5 
v 46 9.53674e-07 146.5 
v 46 25 162.5 
v 46 9.53674e-07 162.5 
v 60 9.53674e-07 145.5 
v 60 9.53674e-07 161.5 
v 60 25 161.5 
v 60 25 145.5 
v 64 25 266.5 
v 64 9.53674e-07 340.5 
v 64 25 340.5 
v 64 9.53674e-07 266.5 
v 79 25 99.5 
v 79 21 129.5 
v 79 25 129.5 
v 79 9.53674e-07 129.5 
v 79 9.53674e-07 99.5 
v 79 25 146.5 
v 79 9.53674e-07 187.5 
v 79 25 187.5 
v 79 9.53674e-07 146.5 
v 79 9.53674e-07 188.5 
v 79 25 188.5 
v 80 9.53674e-07 250.5 
v 80 9.53674e-07 295.5 
v 80 25 295.5 
v 80 25 250.5 
v 80 9.53674e-07 355.5 
v 80 25 331.5 
v 80 1 331.5 
v 80 25 355.5 
v 80 9.53674e-07 331.5 
v 80 25 330.5 
v 80 1 330.5 
v 81 1 330.5 
v 81 1.90735e-06 331.5 
v 81 1 331.5 
v 81 1.90735e-06 330.5 
v 100 25 145.5 
v 100 9.53674e-07 187.5 
v 100 25 187.5 
v 100 9.53674e-07 145.5 
v 128 9.53674e-07 100.5 
v 128 9.53674e-07 130.5 
v 128 25 100.5 
v 128 25 130.5 
v 128 25 146.5 
v 128 9.53674e-07 156.5 
v 128 25 156.5 
v 128 9.53674e-07 146.5 
v 128 25 330.5 
v 128 9.53674e-07 331.5 
v 128 25 331.5 
v 128 9.53674e-07 330.5 
v 129 25 217 
v 129 9.53674e-07 218 
v 129 25 218 
v 129 9.53674e-07 217 
v 129 9.53674e-07 233 
v 129 25 233 
v 129 9.53674e-07 234 
v 129 25 234 
v 157 25 320.5 
v 157 9.53674e-07 330.5 
v 157 25 330.5 
v 157 9.53674e-07 320.5 
v 157 25 295.5 
v 157 9.53674e-07 305.5 
v 157 25 305.5 
v 157 9.53674e-07 295.5 
v 157 25 120.5 
v 157 9.53674e-07 130.5 
v 157 25 130.5 
v 157 9.53674e-07 120.5 
v 157 9.53674e-07 155.5 
v 157 25 145.5 
v 157 9.53674e-07 145.5 
v 157 25 155.5 
v 166 9.53674e-07 69.5 
v 166 9.53674e-07 119.5 
v 166 25 119.5 
v 166 25 69.5 
v 182 9.53674e-07 85.5 
v 182 9.53674e-07 120.5 
v 182 25 85.5 
v 182 25 120.5 
v 189 9.53674e-07 217 
v 189 25 217 
v 189 9.53674e-07 156.5 
v 189 25 156.5 
v 189 9.53674e-07 234 
v 189 9.53674e-07 294.5 
v 189 25 294.5 
v 189 25 234 
v 205 21 155.5 
v 205 21 295.5 
v 205 25 155.5 
v 205 25 330.5 
v 205 17 330.5 
v 205 17 295.5 
v 219 9.53674e-07 120.5 
v 219 9.53674e-07 140.5 
v 219 25 120.5 
v 219 25 140.5 
v 230 9.53674e-07 155.5 
v 230 9.53674e-07 172.5 
v 230 21 156.5 
v 230 21 155.5 
v 230 25 156.5 
v 230 25 172.5 
v 256 6 171.5 
v 256 6 172.5 
v 256 19 172.5 
v 256 19 171.5 
v 256 25 155.5 
v 256 25 171.5 
v 256 9.53674e-07 171.5 
v 256 9.53674e-07 155.5 
v 305 25 86.5 
v 305 9.53674e-07 139.5 
v 305 25 139.5 
v 305 9.53674e-07 86.5 
v 321 9.53674e-07 70.5 
v 321 9.53674e-07 155.5 
v 321 25 70.5 
v 321 25 155.5 
v 167 9.53674e-07 330.5 
v 157 9.53674e-07 330.5 
v 167 9.53674e-07 320.5 
v 157 9.53674e-07 320.5 
v 128 9.53674e-07 331.5 
v 128 9.53674e-07 330.5 
v 206 9.53674e-07 330.5 
v 206 9.53674e-07 331.5 
v 167 9.53674e-07 305.5 
v 157 9.53674e-07 305.5 
v 167 9.53674e-07 295.5 
v 157 9.53674e-07 295.5 
v 189 9.53674e-07 294.5 
v 189 9.53674e-07 295.5 
v 80 9.53674e-07 295.5 
v 190 9.53674e-07 233 
v 190 9.53674e-07 295.5 
v 81 9.53674e-07 294.5 
v 80 9.53674e-07 250.5 
v 189 9.53674e-07 234 
v 81 9.53674e-07 249.5 
v 13 9.53674e-07 250.5 
v 14 9.53674e-07 249.5 
v 13 9.53674e-07 219.5 
v 14 9.53674e-07 218.5 
v -25 9.53674e-07 219.5 
v -26 9.53674e-07 218.5 
v -26 9.53674e-07 249.5 
v -25 9.53674e-07 249.5 
v 130 9.53674e-07 233 
v 129 9.53674e-07 233 
v 129 9.53674e-07 234 
v 130 9.53674e-07 218 
v 129 9.53674e-07 218 
v -74 9.53674e-07 250.5 
v 3.00002 9.53674e-07 249.5 
v 3.00002 9.53674e-07 250.5 
v -75 9.53674e-07 249.5 
v -75 9.53674e-07 356.5 
v -74 9.53674e-07 355.5 
v 80 9.53674e-07 355.5 
v 81 9.53674e-07 356.5 
v 81 1.90735e-06 331.5 
v 80 9.53674e-07 331.5 
v 87 1.90735e-06 330.5 
v 81 1.90735e-06 330.5 
v 87 1.90735e-06 331.5 
v 189 9.53674e-07 217 
v 129 9.53674e-07 217 
v 190 9.53674e-07 218 
v 190 9.53674e-07 155.5 
v 189 9.53674e-07 156.5 
v 189 9.53674e-07 155.5 
v 129 9.53674e-07 156.5 
v 167 9.53674e-07 155.5 
v 157 9.53674e-07 155.5 
v 167 9.53674e-07 145.5 
v 157 9.53674e-07 145.5 
v 129 9.53674e-07 155.5 
v 128 9.53674e-07 156.5 
v 129 9.53674e-07 145.5 
v 128 9.53674e-07 146.5 
v 101 9.53674e-07 146.5 
v 100 9.53674e-07 145.5 
v 100 9.53674e-07 187.5 
v 101 9.53674e-07 188.5 
v 79 9.53674e-07 188.5 
v 79 9.53674e-07 187.5 
v 80 9.53674e-07 187.5 
v 79 9.53674e-07 146.5 
v 80 9.53674e-07 145.5 
v 61 9.53674e-07 146.5 
v 60 9.53674e-07 145.5 
v 60 9.53674e-07 161.5 
v 61 9.53674e-07 162.5 
v 46 9.53674e-07 162.5 
v 47 9.53674e-07 161.5 
v 46 9.53674e-07 146.5 
v 47 9.53674e-07 145.5 
v 24 9.53674e-07 146.5 
v 23 9.53674e-07 145.5 
v 23 9.53674e-07 161.5 
v 24 9.53674e-07 162.5 
v 9.00001 9.53674e-07 162.5 
v 10 9.53674e-07 161.5 
v 9.00001 9.53674e-07 146.5 
v 10 9.53674e-07 145.5 
v -8.99998 9.53674e-07 146.5 
v -9.99998 9.53674e-07 145.5 
v -9.99998 9.53674e-07 187.5 
v -8.99998 9.53674e-07 187.5 
v -8.99998 9.53674e-07 188.5 
v -26 9.53674e-07 188.5 
v -26 9.53674e-07 187.5 
v -26 9.53674e-07 146.5 
v -25 9.53674e-07 187.5 
v -25 9.53674e-07 145.5 
v -41 9.53674e-07 146.5 
v -41 9.53674e-07 145.5 
v 167 9.53674e-07 130.5 
v 157 9.53674e-07 130.5 
v 166 9.53674e-07 119.5 
v 157 9.53674e-07 120.5 
v 167 9.53674e-07 70.5 
v 129 9.53674e-07 120.5 
v 166 9.53674e-07 69.5 
v 321 9.53674e-07 70.5 
v 129 9.53674e-07 119.5 
v 322 9.53674e-07 69.5 
v 321 9.53674e-07 155.5 
v 322 9.53674e-07 156.5 
v 256 9.53674e-07 155.5 
v 257 9.53674e-07 156.5 
v 256 9.53674e-07 171.5 
v 257 9.53674e-07 172.5 
v 230 9.53674e-07 172.5 
v 231 9.53674e-07 171.5 
v 231 9.53674e-07 155.5 
v 230 9.53674e-07 155.5 
v 128 9.53674e-07 130.5 
v 129 9.53674e-07 130.5 
v 129 9.53674e-07 99.5 
v 128 9.53674e-07 100.5 
v 79 9.53674e-07 99.5 
v 80 9.53674e-07 100.5 
v 79 9.53674e-07 129.5 
v 80 9.53674e-07 129.5 
v 183 9.53674e-07 119.5 
v 219 9.53674e-07 120.5 
v 182 9.53674e-07 120.5 
v 220 9.53674e-07 119.5 
v 183 9.53674e-07 86.5 
v 219 9.53674e-07 140.5 
v 182 9.53674e-07 85.5 
v 220 9.53674e-07 139.5 
v 306 9.53674e-07 85.5 
v 306 9.53674e-07 140.5 
v 305 9.53674e-07 86.5 
v 305 9.53674e-07 139.5 
v -58 9.53674e-07 339.5 
v -59 9.53674e-07 265.5 
v -58 9.53674e-07 266.5 
v 65 9.53674e-07 265.5 
v -59 9.53674e-07 340.5 
v 64 9.53674e-07 339.5 
v 64 9.53674e-07 340.5 
v 64 9.53674e-07 266.5 
v 65 9.53674e-07 340.5 
v 80 1 330.5 
v 81 1 330.5 
v 80 1 331.5 
v 81 1 331.5 
v 205 17 330.5 
v 206 17 295.5 
v 206 17 330.5 
v 205 17 295.5 
v 13 17 250.5 
v 3.00002 17 250.5 
v 13 17 249.5 
v 3 17 249.5 
v 256 19 171.5 
v 256 19 172.5 
v 231 19 172.5 
v 231 19 171.5 
v -40 21 130.5 
v -41 21 129.5 
v 79 21 129.5 
v -41 21 145.5 
v -40 21 145.5 
v 80 21 129.5 
v 80 21 130.5 
v 230 21 155.5 
v 230 21 156.5 
v 206 21 156.5 
v 205 21 155.5 
v 206 21 295.5 
v 205 21 295.5 
v 128 21 330.5 
v 87 21 331.5 
v 87 21 330.5 
v 128 21 331.5 
v 322 25 69.5 
v 166 9.53674e-07 69.5 
v 166 25 69.5 
v 322 9.53674e-07 69.5 
v 306 25 85.5 
v 182 9.53674e-07 85.5 
v 182 25 85.5 
v 306 9.53674e-07 85.5 
v 129 25 99.5 
v 79 9.53674e-07 99.5 
v 79 25 99.5 
v 129 9.53674e-07 99.5 
v 166 25 119.5 
v 166 9.53674e-07 119.5 
v 129 9.53674e-07 119.5 
v 129 25 119.5 
v 220 25 119.5 
v 183 9.53674e-07 119.5 
v 183 25 119.5 
v 220 9.53674e-07 119.5 
v 79 25 129.5 
v 79 21 129.5 
v -41 21 129.5 
v -41 25 129.5 
v 305 9.53674e-07 139.5 
v 220 9.53674e-07 139.5 
v 220 25 139.5 
v 305 25 139.5 
v 157 9.53674e-07 145.5 
v 167 25 145.5 
v 167 9.53674e-07 145.5 
v 157 25 145.5 
v -40 21 145.5 
v -40 25 145.5 
v -25 25 145.5 
v -41 9.53674e-07 145.5 
v -41 21 145.5 
v -25 9.53674e-07 145.5 
v 10 25 145.5 
v 10 9.53674e-07 145.5 
v -9.99998 9.53674e-07 145.5 
v -9.99998 25 145.5 
v 47 25 145.5 
v 47 9.53674e-07 145.5 
v 23 9.53674e-07 145.5 
v 23 25 145.5 
v 80 25 145.5 
v 80 9.53674e-07 145.5 
v 60 9.53674e-07 145.5 
v 60 25 145.5 
v 129 25 145.5 
v 100 9.53674e-07 145.5 
v 100 25 145.5 
v 129 9.53674e-07 145.5 
v 321 9.53674e-07 155.5 
v 256 25 155.5 
v 321 25 155.5 
v 256 9.53674e-07 155.5 
v 231 25 155.5 
v 230 9.53674e-07 155.5 
v 230 21 155.5 
v 231 9.53674e-07 155.5 
v 205 25 155.5 
v 205 21 155.5 
v 167 25 155.5 
v 189 25 155.5 
v 167 9.53674e-07 155.5 
v 189 9.53674e-07 155.5 
v 190 25 155.5 
v 190 9.53674e-07 155.5 
v 129 9.53674e-07 155.5 
v 129 25 155.5 
v 157 25 155.5 
v 157 9.53674e-07 155.5 
v 23 9.53674e-07 161.5 
v 10 9.53674e-07 161.5 
v 10 25 161.5 
v 23 25 161.5 
v 60 25 161.5 
v 60 9.53674e-07 161.5 
v 47 25 161.5 
v 47 9.53674e-07 161.5 
v 256 25 171.5 
v 231 19 171.5 
v 231 25 171.5 
v 256 19 171.5 
v 256 9.53674e-07 171.5 
v 231 9.53674e-07 171.5 
v 256 6 171.5 
v 231 6 171.5 
v -8.99998 25 187.5 
v -26 9.53674e-07 187.5 
v -26 25 187.5 
v -8.99998 9.53674e-07 187.5 
v 100 9.53674e-07 187.5 
v 79 9.53674e-07 187.5 
v 100 25 187.5 
v 79 25 187.5 
v 189 25 217 
v 129 9.53674e-07 217 
v 129 25 217 
v 189 9.53674e-07 217 
v 14 25 218.5 
v 14 9.53674e-07 218.5 
v -26 9.53674e-07 218.5 
v -26 25 218.5 
v 190 9.53674e-07 233 
v 130 25 233 
v 190 25 233 
v 130 9.53674e-07 233 
v 81 9.53674e-07 249.5 
v 14 9.53674e-07 249.5 
v 14 25 249.5 
v 81 25 249.5 
v 3 17 249.5 
v 3.00002 9.53674e-07 249.5 
v -25 9.53674e-07 249.5 
v 13 25 249.5 
v -25 25 249.5 
v 13 17 249.5 
v -26 25 249.5 
v -75 9.53674e-07 249.5 
v -75 25 249.5 
v -26 9.53674e-07 249.5 
v 65 25 265.5 
v -59 9.53674e-07 265.5 
v -59 25 265.5 
v 65 9.53674e-07 265.5 
v 189 9.53674e-07 294.5 
v 81 9.53674e-07 294.5 
v 189 25 294.5 
v 81 25 294.5 
v 206 17 295.5 
v 205 17 295.5 
v 206 21 295.5 
v 205 21 295.5 
v 157 9.53674e-07 320.5 
v 167 25 320.5 
v 167 9.53674e-07 320.5 
v 157 25 320.5 
v 206 9.53674e-07 330.5 
v 167 9.53674e-07 330.5 
v 205 17 330.5 
v 206 17 330.5 
v 205 25 330.5 
v 167 25 330.5 
v 157 9.53674e-07 330.5 
v 128 9.53674e-07 330.5 
v 157 25 330.5 
v 128 25 330.5 
v 128 21 330.5 
v 87 21 330.5 
v 81 25 330.5 
v 87 1.90735e-06 330.5 
v 81 1.90735e-06 330.5 
v 81 1 330.5 
v 80 1 330.5 
v 80 25 330.5 
v 80 9.53674e-07 331.5 
v 81 1 331.5 
v 81 1.90735e-06 331.5 
v 80 1 331.5 
v 64 25 339.5 
v -58 9.53674e-07 339.5 
v -58 25 339.5 
v 64 9.53674e-07 339.5 
v 80 9.53674e-07 355.5 
v -74 9.53674e-07 355.5 
v 80 25 355.5 
v -74 25 355.5 

vn 1 0 0 
vn 1 0 0 
vn 1 0 0 
vn 1 0 0 
vn 1 0 0 
vn 1 0 0 
vn 1 0 0 
vn 1 0 0 
vn 1 0 0 
vn 1 0 0 
vn 1 0 0 
vn 1 0 0 
vn 1 0 0 
vn 1 0 0 
vn 1 0 0 
vn 1 0 0 
vn 1 0 0 
vn 1 0 0 
vn 1 0 0 
vn 1 0 0 
vn 1 0 0 
vn 1 0 0 
vn 1 0 0 
vn 1 0 0 
vn 1 0 0 
vn 1 0 0 
vn 1 0 0 
vn 1 0 0 
vn 1 0 0 
vn 1 0 0 
vn 1 0 0 
vn 1 0 0 
vn 1 0 0 
vn 1 0 0 
vn 1 0 0 
vn 1 0 0 
vn 1 0 0 
vn 1 0 0 
vn 1 0 0 
vn 1 0 0 
vn 1 0 0 
vn 1 0 0 
vn 1 0 0 
vn 1 0 0 
vn 1 0 0 
vn 1 0 0 
vn 1 0 0 
vn 1 0 0 
vn 1 0 0 
vn 1 0 0 
vn 1 0 0 
vn 1 0 0 
vn 1 0 0 
vn 1 0 0 
vn 1 0 0 
vn 1 0 0 
vn 1 0 0 
vn 1 0 0 
vn 1 0 0 
vn 1 0 0 
vn 1 0 0 
vn 1 0 0 
vn 1 0 0 
vn 1 0 0 
vn 1 0 0 
vn 1 0 0 
vn 1 0 0 
vn 1 0 0 
vn 1 0 0 
vn 1 0 0 
vn 1 0 0 
vn 1 0 0 
vn 1 0 0 
vn 1 0 0 
vn 1 0 0 
vn 1 0 0 
vn 1 0 0 
vn 1 0 0 
vn 1 0 0 
vn 1 0 0 
vn 1 0 0 
vn 1 0 0 
vn 1 0 0 
vn 1 0 0 
vn 1 0 0 
vn 1 0 0 
vn 1 0 0 
vn 1 0 0 
vn 1 0 0 
vn 1 0 0 
vn 1 0 0 
vn 1 0 0 
vn 1 0 0 
vn 1 0 0 
vn 1 0 0 
vn 1 0 0 
vn 1 0 0 
vn 1 0 0 
vn 1 0 0 
vn 1 0 0 
vn 1 0 0 
vn 1 0 0 
vn 1 0 0 
vn 1 0 0 
vn 1 0 0 
vn 1 0 0 
vn 1 0 0 
vn 1 0 0 
vn 1 0 0 
vn 1 0 0 
vn 1 0 0 
vn 1 0 0 
vn 1 0 0 
vn 1 0 0 
vn 1 0 0 
vn 1 0 0 
vn 1 0 0 
vn 1 0 0 
vn 1 0 0 
vn 1 0 0 
vn 1 0 0 
vn 1 0 0 
vn 1 0 0 
vn 1 0 0 
vn 1 0 0 
vn 1 0 0 
vn 1 0 0 
vn 1 0 0 
vn 1 0 0 
vn 1 0 0 
vn 1 0 0 
vn 1 0 0 
vn 1 0 0 
vn 1 0 0 
vn 1 0 0 
vn 1 0 0 
vn 1 0 0 
vn 1 0 0 
vn 1 0 0 
vn 1 0 0 
vn 1 0 0 
vn 1 0 0 
vn 1 0 0 
vn 1 0 0 
vn 1 0 0 
vn 1 0 0 
vn 1 0 0 
vn 1 0 0 
vn 1 0 0 
vn 1 0 0 
vn 1 0 0 
vn 1 0 0 
vn 1 0 0 
vn 1 0 0 
vn 1 0 0 
vn 1 0 0 
vn 1 0 0 
vn 1 0 0 
vn 1 0 0 
vn 1 0 0 
vn 1 0 0 
vn 1 0 0 
vn 1 0 0 
vn 1 0 0 
vn 1 0 0 
vn 1 0 0 
vn 1 0 0 
vn 1 0 0 
vn 1 0 0 
vn 0 1 0 
vn 0 1 0 
vn 0 1 0 
vn 0 1 0 
vn 0 1 0 
vn 0 1 0 
vn 0 1 0 
vn 0 1 0 
vn 0 1 0 
vn 0 1 0 
vn 0 1 0 
vn 0 1 0 
vn 0 1 0 
vn 0 1 0 
vn 0 1 0 
vn 0 1 0 
vn 0 1 0 
vn 0 1 0 
vn 0 1 0 
vn 0 1 0 
vn 0 1 0 
vn 0 1 0 
vn 0 1 0 
vn 0 1 0 
vn 0 1 0 
vn 0 1 0 
vn 0 1 0 
vn 0 1 0 
vn 0 1 0 
vn 0 1 0 
vn 0 1 0 
vn 0 1 0 
vn 0 1 0 
vn 0 1 0 
vn 0 1 0 
vn 0 1 0 
vn 0 1 0 
vn 0 1 0 
vn 0 1 0 
vn 0 1 0 
vn 0 1 0 
vn 0 1 0 
vn 0 1 0 
vn 0 1 0 
vn 0 1 0 
vn 0 1 0 
vn 0 1 0 
vn 0 1 0 
vn 0 1 0 
vn 0 1 0 
vn 0 1 0 
vn 0 1 0 
vn 0 1 0 
vn 0 1 0 
vn 0 1 0 
vn 0 1 0 
vn 0 1 0 
vn 0 1 0 
vn 0 1 0 
vn 0 1 0 
vn 0 1 0 
vn 0 1 0 
vn 0 1 0 
vn 0 1 0 
vn 0 1 0 
vn 0 1 0 
vn 0 1 0 
vn 0 1 0 
vn 0 1 0 
vn 0 1 0 
vn 0 1 0 
vn 0 1 0 
vn 0 1 0 
vn 0 1 0 
vn 0 1 0 
vn 0 1 0 
vn 0 1 0 
vn 0 1 0 
vn 0 1 0 
vn 0 1 0 
vn 0 1 0 
vn 0 1 0 
vn 0 1 0 
vn 0 1 0 
vn 0 1 0 
vn 0 1 0 
vn 0 1 0 
vn 0 1 0 
vn 0 1 0 
vn 0 1 0 
vn 0 1 0 
vn 0 1 0 
vn 0 1 0 
vn 0 1 0 
vn 0 1 0 
vn 0 1 0 
vn 0 1 0 
vn 0 1 0 
vn 0 1 0 
vn 0 1 0 
vn 0 1 0 
vn 0 1 0 
vn 0 1 0 
vn 0 1 0 
vn 0 1 0 
vn 0 1 0 
vn 0 1 0 
vn 0 1 0 
vn 0 1 0 
vn 0 1 0 
vn 0 1 0 
vn 0 1 0 
vn 0 1 0 
vn 0 1 0 
vn 0 1 0 
vn 0 1 0 
vn 0 1 0 
vn 0 1 0 
vn 0 1 0 
vn 0 1 0 
vn 0 1 0 
vn 0 1 0 
vn 0 1 0 
vn 0 1 0 
vn 0 1 0 
vn 0 1 0 
vn 0 1 0 
vn 0 1 0 
vn 0 1 0 
vn 0 1 0 
vn 0 1 0 
vn 0 1 0 
vn 0 1 0 
vn 0 1 0 
vn 0 1 0 
vn 0 1 0 
vn 0 1 0 
vn 0 1 0 
vn 0 1 0 
vn 0 1 0 
vn 0 1 0 
vn 0 1 0 
vn 0 1 0 
vn 0 1 0 
vn 0 1 0 
vn 0 1 0 
vn 0 1 0 
vn 0 1 0 
vn 0 1 0 
vn 0 1 0 
vn 0 1 0 
vn 0 1 0 
vn 0 1 0 
vn 0 1 0 
vn 0 1 0 
vn 0 0 1 
vn 0 0 1 
vn 0 0 1 
vn 0 0 1 
vn 0 0 1 
vn 0 0 1 
vn 0 0 1 
vn 0 0 1 
vn 0 0 1 
vn 0 0 1 
vn 0 0 1 
vn 0 0 1 
vn 0 0 1 
vn 0 0 1 
vn 0 0 1 
vn 0 0 1 
vn 0 0 1 
vn 0 0 1 
vn 0 0 1 
vn 0 0 1 
vn 0 0 1 
vn 0 0 1 
vn 0 0 1 
vn 0 0 1 
vn 0 0 1 
vn 0 0 1 
vn 0 0 1 
vn 0 0 1 
vn 0 0 1 
vn 0 0 1 
vn 0 0 1 
vn 0 0 1 
vn 0 0 1 
vn 0 0 1 
vn 0 0 1 
vn 0 0 1 
vn 0 0 1 
vn 0 0 1 
vn 0 0 1 
vn 0 0 1 
vn 0 0 1 
vn 0 0 1 
vn 0 0 1 
vn 0 0 1 
vn 0 0 1 
vn 0 0 1 
vn 0 0 1 
vn 0 0 1 
vn 0 0 1 
vn 0 0 1 
vn 0 0 1 
vn 0 0 1 
vn 0 0 1 
vn 0 0 1 
vn 0 0 1 
vn 0 0 1 
vn 0 0 1 
vn 0 0 1 
vn 0 0 1 
vn 0 0 1 
vn 0 0 1 
vn 0 0 1 
vn 0 0 1 
vn 0 0 1 
vn 0 0 1 
vn 0 0 1 
vn 0 0 1 
vn 0 0 1 
vn 0 0 1 
vn 0 0 1 
vn 0 0 1 
vn 0 0 1 
vn 0 0 1 
vn 0 0 1 
vn 0 0 1 
vn 0 0 1 
vn 0 0 1 
vn 0 0 1 
vn 0 0 1 
vn 0 0 1 
vn 0 0 1 
vn 0 0 1 
vn 0 0 1 
vn 0 0 1 
vn 0 0 1 
vn 0 0 1 
vn 0 0 1 
vn 0 0 1 
vn 0 0 1 
vn 0 0 1 
vn 0 0 1 
vn 0 0 1 
vn 0 0 1 
vn 0 0 1 
vn 0 0 1 
vn 0 0 1 
vn 0 0 1 
vn 0 0 1 
vn 0 0 1 
vn 0 0 1 
vn 0 0 1 
vn 0 0 1 
vn 0 0 1 
vn 0 0 1 
vn 0 0 1 
vn 0 0 1 
vn 0 0 1 
vn 0 0 1 
vn 0 0 1 
vn 0 0 1 
vn 0 0 1 
vn 0 0 1 
vn 0 0 1 
vn 0 0 1 
vn 0 0 1 
vn 0 0 1 
vn 0 0 1 
vn 0 0 1 
vn 0 0 1 
vn 0 0 1 
vn 0 0 1 
vn 0 0 1 
vn 0 0 1 
vn 0 0 1 
vn 0 0 1 
vn 0 0 1 
vn 0 0 1 
vn 0 0 1 
vn 0 0 1 
vn 0 0 1 
vn 0 0 1 
vn 0 0 1 
vn 0 0 1 
vn 0 0 1 
vn 0 0 1 
vn 0 0 1 
vn 0 0 1 
vn 0 0 1 
vn 0 0 1 
vn 0 0 1 
vn 0 0 1 
vn 0 0 1 
vn 0 0 1 
vn 0 0 1 
vn 0 0 1 
vn 0 0 1 
vn 0 0 1 
vn 0 0 1 
vn 0 0 1 
vn 0 0 1 
vn 0 0 1 
vn 0 0 1 
vn 0 0 1 
vn 0 0 1 
vn 0 0 1 
vn 0 0 1 
vn 0 0 1 
vn 0 0 1 
vn 0 0 1 
vn 0 0 1 
vn 0 0 1 
vn 0 0 1 
vn 0 0 1 
vn 0 0 1 
vn 0 0 1 
vn 0 0 1 
vn 0 0 1 
vn 0 0 1 
vn 0 0 1 
vn 0 0 1 
vn -1 0 0 
vn -1 0 0 
vn -1 0 0 
vn -1 0 0 
vn -1 0 0 
vn -1 0 0 
vn -1 0 0 
vn -1 0 0 
vn -1 0 0 
vn -1 0 0 
vn -1 0 0 
vn -1 0 0 
vn -1 0 0 
vn -1 0 0 
vn -1 0 0 
vn -1 0 0 
vn -1 0 0 
vn -1 0 0 
vn -1 0 0 
vn -1 0 0 
vn -1 0 0 
vn -1 0 0 
vn -1 0 0 
vn -1 0 0 
vn -1 0 0 
vn -1 0 0 
vn -1 0 0 
vn -1 0 0 
vn -1 0 0 
vn -1 0 0 
vn -1 0 0 
vn -1 0 0 
vn -1 0 0 
vn -1 0 0 
vn -1 0 0 
vn -1 0 0 
vn -1 0 0 
vn -1 0 0 
vn -1 0 0 
vn -1 0 0 
vn -1 0 0 
vn -1 0 0 
vn -1 0 0 
vn -1 0 0 
vn -1 0 0 
vn -1 0 0 
vn -1 0 0 
vn -1 0 0 
vn -1 0 0 
vn -1 0 0 
vn -1 0 0 
vn -1 0 0 
vn -1 0 0 
vn -1 0 0 
vn -1 0 0 
vn -1 0 0 
vn -1 0 0 
vn -1 0 0 
vn -1 0 0 
vn -1 0 0 
vn -1 0 0 
vn -1 0 0 
vn -1 0 0 
vn -1 0 0 
vn -1 0 0 
vn -1 0 0 
vn -1 0 0 
vn -1 0 0 
vn -1 0 0 
vn -1 0 0 
vn -1 0 0 
vn -1 0 0 
vn -1 0 0 
vn -1 0 0 
vn -1 0 0 
vn -1 0 0 
vn -1 0 0 
vn -1 0 0 
vn -1 0 0 
vn -1 0 0 
vn -1 0 0 
vn -1 0 0 
vn -1 0 0 
vn -1 0 0 
vn -1 0 0 
vn -1 0 0 
vn -1 0 0 
vn -1 0 0 
vn -1 0 0 
vn -1 0 0 
vn -1 0 0 
vn -1 0 0 
vn -1 0 0 
vn -1 0 0 
vn -1 0 0 
vn -1 0 0 
vn -1 0 0 
vn -1 0 0 
vn -1 0 0 
vn -1 0 0 
vn -1 0 0 
vn -1 0 0 
vn -1 0 0 
vn -1 0 0 
vn -1 0 0 
vn -1 0 0 
vn -1 0 0 
vn -1 0 0 
vn -1 0 0 
vn -1 0 0 
vn -1 0 0 
vn -1 0 0 
vn -1 0 0 
vn -1 0 0 
vn -1 0 0 
vn -1 0 0 
vn -1 0 0 
vn -1 0 0 
vn -1 0 0 
vn -1 0 0 
vn -1 0 0 
vn -1 0 0 
vn -1 0 0 
vn -1 0 0 
vn -1 0 0 
vn -1 0 0 
vn -1 0 0 
vn -1 0 0 
vn -1 0 0 
vn -1 0 0 
vn -1 0 0 
vn -1 0 0 
vn -1 0 0 
vn -1 0 0 
vn -1 0 0 
vn -1 0 0 
vn -1 0 0 
vn -1 0 0 
vn -1 0 0 
vn -1 0 0 
vn -1 0 0 
vn -1 0 0 
vn -1 0 0 
vn -1 0 0 
vn -1 0 0 
vn -1 0 0 
vn -1 0 0 
vn -1 0 0 
vn -1 0 0 
vn -1 0 0 
vn -1 0 0 
vn -1 0 0 
vn -1 0 0 
vn -1 0 0 
vn -1 0 0 
vn -1 0 0 
vn -1 0 0 
vn -1 0 0 
vn -1 0 0 
vn -1 0 0 
vn -1 0 0 
vn -1 0 0 
vn -1 0 0 
vn -1 0 0 
vn -1 0 0 
vn -1 0 0 
vn 0 -1 0 
vn 0 -1 0 
vn 0 -1 0 
vn 0 -1 0 
vn 0 -1 0 
vn 0 -1 0 
vn 0 -1 0 
vn 0 -1 0 
vn 0 -1 0 
vn 0 -1 0 
vn 0 -1 0 
vn 0 -1 0 
vn 0 -1 0 
vn 0 -1 0 
vn 0 -1 0 
vn 0 -1 0 
vn 0 -1 0 
vn 0 -1 0 
vn 0 -1 0 
vn 0 -1 0 
vn 0 -1 0 
vn 0 -1 0 
vn 0 -1 0 
vn 0 -1 0 
vn 0 -1 0 
vn 0 -1 0 
vn 0 -1 0 
vn 0 -1 0 
vn 0 -1 0 
vn 0 -1 0 
vn 0 -1 0 
vn 0 -1 0 
vn 0 -1 0 
vn 0 -1 0 
vn 0 -1 0 
vn 0 -1 0 
vn 0 -1 0 
vn 0 -1 0 
vn 0 -1 0 
vn 0 -1 0 
vn 0 -1 0 
vn 0 -1 0 
vn 0 -1 0 
vn 0 -1 0 
vn 0 -1 0 
vn 0 -1 0 
vn 0 -1 0 
vn 0 -1 0 
vn 0 -1 0 
vn 0 -1 0 
vn 0 -1 0 
vn 0 -1 0 
vn 0 -1 0 
vn 0 -1 0 
vn 0 -1 0 
vn 0 -1 0 
vn 0 -1 0 
vn 0 -1 0 
vn 0 -1 0 
vn 0 -1 0 
vn 0 -1 0 
vn 0 -1 0 
vn 0 -1 0 
vn 0 -1 0 
vn 0 -1 0 
vn 0 -1 0 
vn 0 -1 0 
vn 0 -1 0 
vn 0 -1 0 
vn 0 -1 0 
vn 0 -1 0 
vn 0 -1 0 
vn 0 -1 0 
vn 0 -1 0 
vn 0 -1 0 
vn 0 -1 0 
vn 0 -1 0 
vn 0 -1 0 
vn 0 -1 0 
vn 0 -1 0 
vn 0 -1 0 
vn 0 -1 0 
vn 0 -1 0 
vn 0 -1 0 
vn 0 -1 0 
vn 0 -1 0 
vn 0 -1 0 
vn 0 -1 0 
vn 0 -1 0 
vn 0 -1 0 
vn 0 -1 0 
vn 0 -1 0 
vn 0 -1 0 
vn 0 -1 0 
vn 0 -1 0 
vn 0 -1 0 
vn 0 -1 0 
vn 0 -1 0 
vn 0 -1 0 
vn 0 -1 0 
vn 0 -1 0 
vn 0 -1 0 
vn 0 -1 0 
vn 0 -1 0 
vn 0 -1 0 
vn 0 -1 0 
vn 0 -1 0 
vn 0 -1 0 
vn 0 -1 0 
vn 0 -1 0 
vn 0 -1 0 
vn 0 -1 0 
vn 0 -1 0 
vn 0 -1 0 
vn 0 -1 0 
vn 0 -1 0 
vn 0 -1 0 
vn 0 -1 0 
vn 0 -1 0 
vn 0 -1 0 
vn 0 -1 0 
vn 0 -1 0 
vn 0 -1 0 
vn 0 -1 0 
vn 0 -1 0 
vn 0 -1 0 
vn 0 -1 0 
vn 0 -1 0 
vn 0 -1 0 
vn 0 -1 0 
vn 0 -1 0 
vn 0 -1 0 
vn 0 -1 0 
vn 0 -1 0 
vn 0 -1 0 
vn 0 -1 0 
vn 0 -1 0 
vn 0 -1 0 
vn 0 -1 0 
vn 0 -1 0 
vn 0 -1 0 
vn 0 -1 0 
vn 0 -1 0 
vn 0 -1 0 
vn 0 -1 0 
vn 0 -1 0 
vn 0 -1 0 
vn 0 -1 0 
vn 0 -1 0 
vn 0 -1 0 
vn 0 -1 0 
vn 0 -1 0 
vn 0 -1 0 
vn 0 -1 0 
vn 0 -1 0 
vn 0 -1 0 
vn 0 -1 0 
vn 0 -1 0 
vn 0 -1 0 
vn 0 -1 0 
vn 0 -1 0 
vn 0 -1 0 
vn 0 -1 0 
vn 0 -1 0 
vn 0 -1 0 
vn 0 -1 0 
vn 0 -1 0 
vn 0 -1 0 
vn 0 -1 0 
vn 0 -1 0 
vn 0 -1 0 
vn 0 -1 0 
vn 0 -1 0 
vn 0 -1 0 
vn 0 -1 0 
vn 0 -1 0 
vn 0 -1 0 
vn 0 -1 0 
vn 0 -1 0 
vn 0 -1 0 
vn 0 -1 0 
vn 0 0 -1 
vn 0 0 -1 
vn 0 0 -1 
vn 0 0 -1 
vn 0 0 -1 
vn 0 0 -1 
vn 0 0 -1 
vn 0 0 -1 
vn 0 0 -1 
vn 0 0 -1 
vn 0 0 -1 
vn 0 0 -1 
vn 0 0 -1 
vn 0 0 -1 
vn 0 0 -1 
vn 0 0 -1 
vn 0 0 -1 
vn 0 0 -1 
vn 0 0 -1 
vn 0 0 -1 
vn 0 0 -1 
vn 0 0 -1 
vn 0 0 -1 
vn 0 0 -1 
vn 0 0 -1 
vn 0 0 -1 
vn 0 0 -1 
vn 0 0 -1 
vn 0 0 -1 
vn 0 0 -1 
vn 0 0 -1 
vn 0 0 -1 
vn 0 0 -1 
vn 0 0 -1 
vn 0 0 -1 
vn 0 0 -1 
vn 0 0 -1 
vn 0 0 -1 
vn 0 0 -1 
vn 0 0 -1 
vn 0 0 -1 
vn 0 0 -1 
vn 0 0 -1 
vn 0 0 -1 
vn 0 0 -1 
vn 0 0 -1 
vn 0 0 -1 
vn 0 0 -1 
vn 0 0 -1 
vn 0 0 -1 
vn 0 0 -1 
vn 0 0 -1 
vn 0 0 -1 
vn 0 0 -1 
vn 0 0 -1 
vn 0 0 -1 
vn 0 0 -1 
vn 0 0 -1 
vn 0 0 -1 
vn 0 0 -1 
vn 0 0 -1 
vn 0 0 -1 
vn 0 0 -1 
vn 0 0 -1 
vn 0 0 -1 
vn 0 0 -1 
vn 0 0 -1 
vn 0 0 -1 
vn 0 0 -1 
vn 0 0 -1 
vn 0 0 -1 
vn 0 0 -1 
vn 0 0 -1 
vn 0 0 -1 
vn 0 0 -1 
vn 0 0 -1 
vn 0 0 -1 
vn 0 0 -1 
vn 0 0 -1 
vn 0 0 -1 
vn 0 0 -1 
vn 0 0 -1 
vn 0 0 -1 
vn 0 0 -1 
vn 0 0 -1 
vn 0 0 -1 
vn 0 0 -1 
vn 0 0 -1 
vn 0 0 -1 
vn 0 0 -1 
vn 0 0 -1 
vn 0 0 -1 
vn 0 0 -1 
vn 0 0 -1 
vn 0 0 -1 
vn 0 0 -1 
vn 0 0 -1 
vn 0 0 -1 
vn 0 0 -1 
vn 0 0 -1 
vn 0 0 -1 
vn 0 0 -1 
vn 0 0 -1 
vn 0 0 -1 
vn 0 0 -1 
vn 0 0 -1 
vn 0 0 -1 
vn 0 0 -1 
vn 0 0 -1 
vn 0 0 -1 
vn 0 0 -1 
vn 0 0 -1 
vn 0 0 -1 
vn 0 0 -1 
vn 0 0 -1 
vn 0 0 -1 
vn 0 0 -1 
vn 0 0 -1 
vn 0 0 -1 
vn 0 0 -1 
vn 0 0 -1 
vn 0 0 -1 
vn 0 0 -1 
vn 0 0 -1 
vn 0 0 -1 
vn 0 0 -1 
vn 0 0 -1 
vn 0 0 -1 
vn 0 0 -1 
vn 0 0 -1 
vn 0 0 -1 
vn 0 0 -1 
vn 0 0 -1 
vn 0 0 -1 
vn 0 0 -1 
vn 0 0 -1 
vn 0 0 -1 
vn 0 0 -1 
vn 0 0 -1 
vn 0 0 -1 
vn 0 0 -1 
vn 0 0 -1 
vn 0 0 -1 
vn 0 0 -1 
vn 0 0 -1 
vn 0 0 -1 
vn 0 0 -1 
vn 0 0 -1 
vn 0 0 -1 
vn 0 0 -1 
vn 0 0 -1 
vn 0 0 -1 
vn 0 0 -1 
vn 0 0 -1 
vn 0 0 -1 
vn 0 0 -1 
vn 0 0 -1 
vn 0 0 -1 
vn 0 0 -1 
vn 0 0 -1 
vn 0 0 -1 
vn 0 0 -1 
vn 0 0 -1 
vn 0 0 -1 
vn 0 0 -1 
vn 0 0 -1 
vn 0 0 -1 
vn 0 0 -1 
vn 0 0 -1 
vn 0 0 -1 

vt 33.9375 -34.5625 
vt 23.0625 -31.4375 
vt 23.0625 -34.5625 
vt 33.9375 -31.4375 
vt 31.9375 -34.5625 
vt 25.0625 -31.4375 
vt 25.0625 -34.5625 
vt 31.9375 -31.4375 
vt 23.0625 -34.5625 
vt 21.0625 -31.4375 
vt 21.0625 -34.5625 
vt 23.0625 -31.4375 
vt 21.1875 -32.1875 
vt 23.1875 -34.5625 
vt 21.1875 -31.4375 
vt 23.1875 -31.4375 
vt 21.1875 -33.8125 
vt 21.1875 -34.5625 
vt 21.0625 -33.8125 
vt 21.0625 -32.1875 
vt 25.1875 -31.4375 
vt 25.1875 -34.5625 
vt 27.6875 -34.5625 
vt 27.6875 -31.4375 
vt 1.1875 -31.4375 
vt 5.6875 -31.9375 
vt 23.0625 -31.9375 
vt 23.0625 -31.4375 
vt 5.6875 -32.4375 
vt 1.3125 -32.4375 
vt 1.3125 -34.5625 
vt 1.1875 -34.5625 
vt 23.1875 -34.5625 
vt 15.375 -31.4375 
vt 15.375 -34.5625 
vt 23.1875 -31.4375 
vt 13.5 -34.5625 
vt 5.6875 -31.4375 
vt 5.6875 -34.5625 
vt 13.5 -31.4375 
vt 31.8125 -34.5625 
vt 27.6875 -31.4375 
vt 27.6875 -34.5625 
vt 31.8125 -31.4375 
vt 1.3125 -31.4375 
vt 2.5625 -34.5625 
vt 2.5625 -31.4375 
vt 1.3125 -34.5625 
vt 4.4375 -31.4375 
vt 5.6875 -34.5625 
vt 5.6875 -31.4375 
vt 4.4375 -34.5625 
vt 23.1875 -34.5625 
vt 24.4375 -34.5625 
vt 23.1875 -31.4375 
vt 24.4375 -31.4375 
vt 33.8125 -34.5625 
vt 26.3125 -31.4375 
vt 26.3125 -34.5625 
vt 33.8125 -31.4375 
vt 13.5 -31.4375 
vt 13.5 -34.5625 
vt 15.375 -34.5625 
vt 15.375 -31.4375 
vt 26.3125 -34.5625 
vt 27.5625 -34.5625 
vt 27.5625 -31.4375 
vt 26.3125 -31.4375 
vt 30.1875 -31.4375 
vt 27.6875 -34.5625 
vt 30.1875 -34.5625 
vt 27.6875 -31.4375 
vt 23.1875 -34.5625 
vt 24.4375 -34.5625 
vt 24.4375 -31.4375 
vt 23.1875 -31.4375 
vt 1.1875 -31.4375 
vt 1.3125 -31.9375 
vt 1.3125 -31.4375 
vt 1.1875 -31.9375 
vt 19.0625 -31.4375 
vt 24.3125 -34.5625 
vt 24.3125 -31.4375 
vt 19.0625 -34.5625 
vt 1.3125 -34.5625 
vt 1.3125 -31.9375 
vt 1.1875 -34.5625 
vt 1.1875 -31.9375 
vt 1.1875 -34.4375 
vt 1.1875 -31.4375 
vt -1.9375 -34.5625 
vt -1.9375 -31.4375 
vt 1.1875 -34.5625 
vt 5.8125 -34.5625 
vt 11.4375 -34.5625 
vt 5.8125 -31.4375 
vt 11.4375 -31.4375 
vt 26.4375 -31.9375 
vt 26.3125 -31.4375 
vt 26.3125 -31.9375 
vt 30.0625 -34.5625 
vt 30.0625 -31.4375 
vt 26.4375 -34.5625 
vt 24.4375 -34.5625 
vt 24.4375 -31.4375 
vt 19.1875 -34.5625 
vt 19.1875 -31.4375 
vt 9.4375 -34.5625 
vt 9.4375 -31.4375 
vt 0.0625 -34.5625 
vt 0.0625 -31.4375 
vt 0.1875 -34.5625 
vt 0.0625 -31.4375 
vt 0.0625 -34.5625 
vt 0.1875 -31.4375 
vt 22.3125 -31.4375 
vt 22.3125 -34.5625 
vt 24.3125 -31.4375 
vt 24.3125 -34.5625 
vt 24.4375 -34.5625 
vt 24.4375 -31.4375 
vt 22.4375 -34.5625 
vt 22.4375 -31.4375 
vt 24.3125 -34.5625 
vt 24.3125 -31.4375 
vt 22.3125 -34.5625 
vt 22.3125 -31.4375 
vt 11.4375 -31.4375 
vt 11.4375 -34.5625 
vt 15.3125 -31.4375 
vt 15.3125 -34.5625 
vt 11.3125 -31.4375 
vt 11.4375 -32.4375 
vt 11.4375 -31.4375 
vt 11.3125 -32.4375 
vt 24.4375 -34.5625 
vt 24.4375 -31.4375 
vt 22.4375 -34.5625 
vt 22.4375 -31.4375 
vt 11.3125 -34.5625 
vt 11.4375 -32.4375 
vt 11.3125 -32.4375 
vt 11.4375 -34.5625 
vt 19.0625 -31.4375 
vt 19.1875 -34.5625 
vt 19.1875 -31.4375 
vt 19.0625 -34.5625 
vt 24.3125 -34.5625 
vt 24.3125 -31.4375 
vt 24.4375 -34.5625 
vt 24.4375 -31.4375 
vt 19.1875 -34.5625 
vt 19.1875 -31.4375 
vt 11.4375 -31.4375 
vt 15.1875 -34.5625 
vt 15.1875 -31.4375 
vt 11.4375 -34.5625 
vt 24.4375 -31.4375 
vt 26.3125 -31.9375 
vt 26.3125 -31.4375 
vt 24.4375 -31.9375 
vt 0.1875 -31.4375 
vt 9.3125 -34.5625 
vt 9.3125 -31.4375 
vt 0.1875 -34.5625 
vt -1.8125 -31.4375 
vt -1.8125 -34.5625 
vt 11.3125 -31.4375 
vt 11.3125 -34.5625 
vt 10.5625 -19.5625 
vt 11.8125 -19.5625 
vt 10.5625 -18.3125 
vt 11.8125 -18.3125 
vt 5.6875 -18.1875 
vt 5.8125 -18.3125 
vt 15.4375 -18.3125 
vt 5.6875 -40.0625 
vt 15.4375 -18.1875 
vt 5.8125 -40.1875 
vt 21.3125 -18.3125 
vt 2.6875 -40.0625 
vt 2.5625 -40.1875 
vt 2.6875 -38.0625 
vt 2.5625 -38.1875 
vt -0.6875 -38.0625 
vt -0.5625 -38.1875 
vt -0.5625 -40.1875 
vt -0.6875 -40.0625 
vt -8.8125 -40.0625 
vt -8.6875 -40.1875 
vt -8.6875 -50.8125 
vt -8.8125 -50.9375 
vt 10.6875 -50.9375 
vt 10.5625 -50.8125 
vt 10.5625 -43.3125 
vt 10.6875 -44.6875 
vt 11.8125 -44.5625 
vt 11.8125 -43.3125 
vt 15.3125 -44.6875 
vt 15.3125 -44.5625 
vt 15.4375 -47.0625 
vt 15.3125 -43.3125 
vt 15.4375 -43.3125 
vt 15.3125 -47.1875 
vt 21.4375 -47.0625 
vt 21.5625 -47.1875 
vt 21.4375 -43.3125 
vt 21.5625 -43.4375 
vt 36.4375 -43.3125 
vt 36.5625 -43.4375 
vt 36.4375 -41.4375 
vt 36.5625 -41.3125 
vt 34.5625 -41.4375 
vt 34.6875 -41.3125 
vt 34.5625 -36.1875 
vt 34.6875 -36.1875 
vt 34.6875 -36.0625 
vt 32.5625 -36.0625 
vt 32.5625 -36.1875 
vt 32.6875 -36.1875 
vt 32.5625 -41.3125 
vt 32.6875 -41.4375 
vt 30.3125 -41.3125 
vt 30.1875 -41.4375 
vt 30.1875 -39.4375 
vt 30.3125 -39.3125 
vt 28.4375 -39.3125 
vt 28.5625 -39.4375 
vt 28.4375 -41.3125 
vt 28.5625 -41.4375 
vt 25.6875 -41.3125 
vt 25.5625 -41.4375 
vt 25.5625 -39.4375 
vt 25.6875 -39.3125 
vt 23.8125 -39.3125 
vt 23.9375 -39.4375 
vt 23.8125 -41.3125 
vt 23.9375 -41.4375 
vt 21.5625 -41.3125 
vt 21.4375 -41.4375 
vt 21.4375 -36.1875 
vt 21.5625 -36.1875 
vt 21.5625 -36.0625 
vt 18.9375 -36.1875 
vt 18.8125 -36.0625 
vt 18.9375 -41.4375 
vt 18.8125 -41.3125 
vt 15.4375 -41.3125 
vt 15.3125 -41.4375 
vt 15.3125 -40.1875 
vt 15.3125 -40.0625 
vt 15.4375 -40.0625 
vt 7.8125 -40.0625 
vt 11.8125 -40.1875 
vt 10.5625 -40.1875 
vt 11.8125 -41.4375 
vt 10.5625 -41.4375 
vt 7.8125 -40.1875 
vt 7.6875 -32.375 
vt 7.6875 -40.1875 
vt 7.8125 -32.5 
vt 15.3125 -32.5 
vt 15.1875 -32.375 
vt 15.3125 -32.375 
vt 15.1875 -30.5 
vt 15.3125 -30.5 
vt 7.8125 -30.375 
vt 15.3125 -30.375 
vt 7.6875 -30.5 
vt 7.6875 -22.6875 
vt 7.8125 -22.8125 
vt 7.8125 -22.6875 
vt 21.3125 -22.8125 
vt 10.5625 -22.6875 
vt 11.8125 -22.6875 
vt 10.5625 -21.4375 
vt 11.8125 -21.4375 
vt 21.4375 -22.6875 
vt 21.4375 -28.3125 
vt 21.3125 -28.4375 
vt 29.6875 -28.4375 
vt 29.8125 -28.3125 
vt 29.8125 -32.1875 
vt 29.6875 -32.3125 
vt 34.6875 -32.3125 
vt 34.5625 -32.1875 
vt 34.6875 -28.4375 
vt 34.5625 -28.4375 
vt 29.8125 -28.3125 
vt 29.8125 -28.4375 
vt 40.8125 -28.4375 
vt 40.6875 -28.3125 
vt 40.8125 -15.0625 
vt 40.6875 -15.1875 
vt 21.3125 -15.0625 
vt 21.4375 -15.1875 
vt 21.3125 -18.1875 
vt 21.4375 -18.1875 
vt 21.4375 -18.3125 
vt 4.0625 -44.5625 
vt 3.9375 -44.6875 
vt 8.5625 -44.6875 
vt 4.0625 -42.0625 
vt 8.6875 -44.5625 
vt 3.9375 -42.1875 
vt 8.6875 -48.9375 
vt -6.8125 -42.0625 
vt 8.5625 -48.8125 
vt -6.6875 -42.1875 
vt -6.8125 -48.9375 
vt -6.6875 -48.8125 
vt 38.8125 -17.0625 
vt 38.6875 -17.1875 
vt 38.6875 -26.3125 
vt 23.4375 -17.0625 
vt 23.4375 -17.1875 
vt 38.8125 -26.4375 
vt 23.4375 -26.3125 
vt 23.3125 -17.0625 
vt 23.3125 -26.4375 
vt 2.5625 -38.0625 
vt -0.5625 -38.0625 
vt 2.5625 -38.1875 
vt -0.5625 -38.1875 
vt -8.8125 -31.4375 
vt 10.6875 -34.5625 
vt 10.6875 -31.4375 
vt -8.8125 -34.5625 
vt -6.8125 -31.4375 
vt 8.5625 -34.5625 
vt 8.5625 -31.4375 
vt -6.8125 -34.5625 
vt 8.6875 -34.5625 
vt 8.6875 -31.4375 
vt 16.5625 -34.5625 
vt 26.3125 -34.5625 
vt 16.5625 -31.4375 
vt 26.3125 -31.4375 
vt 11.4375 -31.9375 
vt 16.5625 -31.9375 
vt 10.6875 -31.4375 
vt 11.4375 -34.5625 
vt 10.6875 -34.4375 
vt 10.6875 -34.5625 
vt 20.1875 -31.4375 
vt 21.4375 -34.5625 
vt 21.4375 -31.4375 
vt 20.1875 -34.5625 
vt 24.1875 -34.5625 
vt 24.3125 -34.5625 
vt 24.1875 -31.4375 
vt 24.3125 -31.4375 
vt 21.4375 -31.4375 
vt 21.4375 -34.5625 
vt 10.5625 -34.5625 
vt 20.1875 -34.5625 
vt 10.5625 -31.4375 
vt 20.1875 -31.4375 
vt -6.6875 -31.4375 
vt 8.5625 -34.5625 
vt 8.5625 -31.4375 
vt -6.6875 -34.5625 
vt 2.1875 -34.5625 
vt 10.5625 -34.5625 
vt 2.1875 -31.4375 
vt 10.5625 -31.4375 
vt -8.6875 -34.5625 
vt 0.937503 -34.5625 
vt -8.6875 -31.4375 
vt 0.937503 -32.4375 
vt 2.1875 -31.4375 
vt 2.1875 -32.4375 
vt 16.6875 -34.5625 
vt 24.1875 -34.5625 
vt 16.6875 -31.4375 
vt 24.1875 -31.4375 
vt -2.5625 -34.5625 
vt 2.1875 -34.5625 
vt 2.1875 -31.4375 
vt -2.5625 -31.4375 
vt 24.3125 -31.4375 
vt 16.8125 -31.4375 
vt 16.8125 -34.5625 
vt 24.3125 -34.5625 
vt -2.6875 -31.4375 
vt -0.562498 -34.5625 
vt -0.562498 -31.4375 
vt -2.6875 -34.5625 
vt 10.4375 -34.5625 
vt 13.1875 -34.5625 
vt 10.4375 -31.4375 
vt 13.1875 -31.4375 
vt -2.6875 -34.5625 
vt -2.5625 -34.5625 
vt -2.6875 -31.4375 
vt -2.5625 -31.4375 
vt -0.687498 -31.4375 
vt -0.562498 -34.5625 
vt -0.562498 -31.4375 
vt -0.687498 -34.5625 
vt 10.4375 -34.5625 
vt 10.5625 -34.5625 
vt 10.4375 -31.4375 
vt 10.5625 -31.4375 
vt 32.5625 -32.1875 
vt 32.6875 -34.5625 
vt 32.6875 -31.4375 
vt 29.3125 -31.4375 
vt 32.5625 -33.8125 
vt 29.4375 -32.1875 
vt 29.4375 -33.8125 
vt 29.3125 -34.5625 
vt 1.6875 -34.5625 
vt 3.5625 -34.5625 
vt 1.6875 -31.4375 
vt 3.5625 -31.4375 
vt 6.3125 -34.5625 
vt 8.1875 -34.5625 
vt 6.3125 -31.4375 
vt 8.1875 -31.4375 
vt 32.6875 -34.5625 
vt 40.8125 -34.5625 
vt 40.8125 -31.4375 
vt 32.6875 -31.4375 
vt 26.3125 -31.4375 
vt 29.3125 -31.9375 
vt 29.3125 -31.4375 
vt 26.3125 -31.9375 
vt 16.5625 -34.5625 
vt 16.6875 -34.5625 
vt 16.5625 -31.4375 
vt 16.6875 -31.4375 
vt 24.1875 -34.5625 
vt 24.1875 -31.4375 
vt -4.5625 -34.5625 
vt -2.6875 -31.4375 
vt -4.5625 -31.4375 
vt -2.6875 -34.5625 
vt -0.562498 -34.5625 
vt 1.6875 -34.5625 
vt 1.6875 -31.4375 
vt -0.562498 -31.4375 
vt 3.5625 -31.4375 
vt 3.5625 -34.5625 
vt 6.3125 -31.4375 
vt 6.3125 -34.5625 
vt 8.1875 -34.5625 
vt 10.4375 -34.5625 
vt 8.1875 -31.4375 
vt 10.4375 -31.4375 
vt 13.1875 -34.5625 
vt 16.5625 -34.5625 
vt 16.5625 -31.4375 
vt 13.1875 -31.4375 
vt 27.9375 -31.4375 
vt 38.8125 -34.5625 
vt 38.8125 -31.4375 
vt 27.9375 -34.5625 
vt 20.1875 -31.4375 
vt 21.4375 -34.5625 
vt 21.4375 -31.4375 
vt 20.1875 -34.5625 
vt 10.5625 -31.9375 
vt 10.5625 -31.4375 
vt -4.4375 -31.4375 
vt -4.4375 -31.9375 
vt 16.5625 -34.5625 
vt 16.6875 -34.5625 
vt 16.5625 -31.4375 
vt 16.6875 -31.4375 
vt 10.4375 -34.5625 
vt 10.5625 -34.5625 
vt 10.5625 -31.9375 
vt 10.4375 -31.9375 
vt 16.6875 -34.5625 
vt 20.1875 -34.5625 
vt 16.6875 -31.4375 
vt 20.1875 -31.4375 
vt 23.3125 -31.4375 
vt 27.9375 -34.5625 
vt 27.9375 -31.4375 
vt 23.3125 -34.5625 
vt 10.5625 -34.5625 
vt 16.5625 -34.5625 
vt 10.5625 -31.4375 
vt 16.5625 -31.4375 
vt 23.4375 -34.5625 
vt 38.6875 -34.5625 
vt 38.6875 -31.4375 
vt 23.4375 -31.4375 
vt 40.6875 -31.4375 
vt 21.4375 -31.4375 
vt 21.4375 -34.5625 
vt 40.6875 -34.5625 
vt 20.5625 -34.5625 
vt 33.9375 -34.5625 
vt 33.9375 -31.4375 
vt 20.5625 -31.4375 
vt 22.5625 -34.5625 
vt 31.9375 -34.5625 
vt 31.9375 -31.4375 
vt 22.5625 -31.4375 
vt 5.5625 -31.9375 
vt 7.5625 -31.9375 
vt 5.5625 -31.4375 
vt 7.6875 -31.4375 
vt 7.6875 -34.5625 
vt 7.5625 -34.5625 
vt 7.6875 -34.5625 
vt 12.8125 -34.5625 
vt 7.6875 -31.4375 
vt 12.8125 -31.4375 
vt 12.9375 -34.5625 
vt 12.9375 -31.4375 
vt 16.6875 -31.4375 
vt 16.6875 -34.5625 
vt 20.5625 -31.4375 
vt 20.5625 -34.5625 
vt 7.5625 -34.5625 
vt 12.8125 -34.5625 
vt 12.8125 -31.4375 
vt 7.5625 -31.4375 
vt 7.6875 -34.5625 
vt 9.6875 -34.5625 
vt 9.6875 -31.4375 
vt 7.6875 -31.4375 
vt 16.8125 -34.5625 
vt 20.6875 -34.5625 
vt 20.6875 -31.4375 
vt 16.8125 -31.4375 
vt 7.5625 -34.5625 
vt 9.5625 -34.5625 
vt 9.5625 -31.4375 
vt 7.5625 -31.4375 
vt 7.6875 -31.4375 
vt 7.6875 -34.5625 
vt 9.6875 -31.4375 
vt 9.6875 -34.5625 
vt 7.5625 -34.5625 
vt 9.5625 -34.5625 
vt 9.5625 -31.4375 
vt 7.5625 -31.4375 
vt 22.6875 -31.4375 
vt 31.9375 -34.5625 
vt 31.9375 -31.4375 
vt 22.6875 -34.5625 
vt 1.8125 -31.4375 
vt 5.5625 -31.9375 
vt 5.5625 -31.4375 
vt 5.5625 -34.5625 
vt 1.8125 -34.5625 
vt 7.6875 -31.4375 
vt 12.8125 -34.5625 
vt 12.8125 -31.4375 
vt 7.6875 -34.5625 
vt 12.9375 -34.5625 
vt 12.9375 -31.4375 
vt 20.6875 -34.5625 
vt 26.3125 -34.5625 
vt 26.3125 -31.4375 
vt 20.6875 -31.4375 
vt 33.8125 -34.5625 
vt 30.8125 -31.4375 
vt 30.8125 -34.4375 
vt 33.8125 -31.4375 
vt 30.8125 -34.5625 
vt 30.6875 -31.4375 
vt 30.6875 -34.4375 
vt 30.6875 -34.4375 
vt 30.8125 -34.5625 
vt 30.8125 -34.4375 
vt 30.6875 -34.5625 
vt 7.5625 -31.4375 
vt 12.8125 -34.5625 
vt 12.8125 -31.4375 
vt 7.5625 -34.5625 
vt 1.9375 -34.5625 
vt 5.6875 -34.5625 
vt 1.9375 -31.4375 
vt 5.6875 -31.4375 
vt 7.6875 -31.4375 
vt 8.9375 -34.5625 
vt 8.9375 -31.4375 
vt 7.6875 -34.5625 
vt 30.6875 -31.4375 
vt 30.8125 -34.5625 
vt 30.8125 -31.4375 
vt 30.6875 -34.5625 
vt 16.5 -31.4375 
vt 16.625 -34.5625 
vt 16.625 -31.4375 
vt 16.5 -34.5625 
vt 18.5 -34.5625 
vt 18.5 -31.4375 
vt 18.625 -34.5625 
vt 18.625 -31.4375 
vt 29.4375 -31.4375 
vt 30.6875 -34.5625 
vt 30.6875 -31.4375 
vt 29.4375 -34.5625 
vt 26.3125 -31.4375 
vt 27.5625 -34.5625 
vt 27.5625 -31.4375 
vt 26.3125 -34.5625 
vt 4.4375 -31.4375 
vt 5.6875 -34.5625 
vt 5.6875 -31.4375 
vt 4.4375 -34.5625 
vt 8.8125 -34.5625 
vt 7.5625 -31.4375 
vt 7.5625 -34.5625 
vt 8.8125 -31.4375 
vt -1.9375 -34.5625 
vt 4.3125 -34.5625 
vt 4.3125 -31.4375 
vt -1.9375 -31.4375 
vt 0.0625 -34.5625 
vt 4.4375 -34.5625 
vt 0.0625 -31.4375 
vt 4.4375 -31.4375 
vt 16.5 -34.5625 
vt 16.5 -31.4375 
vt 8.9375 -34.5625 
vt 8.9375 -31.4375 
vt 18.625 -34.5625 
vt 26.1875 -34.5625 
vt 26.1875 -31.4375 
vt 18.625 -31.4375 
vt 8.8125 -31.9375 
vt 26.3125 -31.9375 
vt 8.8125 -31.4375 
vt 30.6875 -31.4375 
vt 30.6875 -32.4375 
vt 26.3125 -32.4375 
vt 4.4375 -34.5625 
vt 6.9375 -34.5625 
vt 4.4375 -31.4375 
vt 6.9375 -31.4375 
vt 8.8125 -34.5625 
vt 10.9375 -34.5625 
vt 8.9375 -31.9375 
vt 8.8125 -31.9375 
vt 8.9375 -31.4375 
vt 10.9375 -31.4375 
vt 10.8125 -33.8125 
vt 10.9375 -33.8125 
vt 10.9375 -32.1875 
vt 10.8125 -32.1875 
vt 8.8125 -31.4375 
vt 10.8125 -31.4375 
vt 10.8125 -34.5625 
vt 8.8125 -34.5625 
vt 0.1875 -31.4375 
vt 6.8125 -34.5625 
vt 6.8125 -31.4375 
vt 0.1875 -34.5625 
vt -1.8125 -34.5625 
vt 8.8125 -34.5625 
vt -1.8125 -31.4375 
vt 8.8125 -31.4375 
vt 21.4375 -18.3125 
vt 20.1875 -18.3125 
vt 21.4375 -19.5625 
vt 20.1875 -19.5625 
vt 16.5625 -18.1875 
vt 16.5625 -18.3125 
vt 26.3125 -18.3125 
vt 26.3125 -18.1875 
vt 21.4375 -21.4375 
vt 20.1875 -21.4375 
vt 21.4375 -22.6875 
vt 20.1875 -22.6875 
vt 24.1875 -22.8125 
vt 24.1875 -22.6875 
vt 10.5625 -22.6875 
vt 24.3125 -30.5 
vt 24.3125 -22.6875 
vt 10.6875 -22.8125 
vt 10.5625 -28.3125 
vt 24.1875 -30.375 
vt 10.6875 -28.4375 
vt 2.1875 -28.3125 
vt 2.3125 -28.4375 
vt 2.1875 -32.1875 
vt 2.3125 -32.3125 
vt -2.5625 -32.1875 
vt -2.6875 -32.3125 
vt -2.6875 -28.4375 
vt -2.5625 -28.4375 
vt 16.8125 -30.5 
vt 16.6875 -30.5 
vt 16.6875 -30.375 
vt 16.8125 -32.375 
vt 16.6875 -32.375 
vt -8.6875 -28.3125 
vt 0.937503 -28.4375 
vt 0.937503 -28.3125 
vt -8.8125 -28.4375 
vt -8.8125 -15.0625 
vt -8.6875 -15.1875 
vt 10.5625 -15.1875 
vt 10.6875 -15.0625 
vt 10.6875 -18.1875 
vt 10.5625 -18.1875 
vt 11.4375 -18.3125 
vt 10.6875 -18.3125 
vt 11.4375 -18.1875 
vt 24.1875 -32.5 
vt 16.6875 -32.5 
vt 24.3125 -32.375 
vt 24.3125 -40.1875 
vt 24.1875 -40.0625 
vt 24.1875 -40.1875 
vt 16.6875 -40.0625 
vt 21.4375 -40.1875 
vt 20.1875 -40.1875 
vt 21.4375 -41.4375 
vt 20.1875 -41.4375 
vt 16.6875 -40.1875 
vt 16.5625 -40.0625 
vt 16.6875 -41.4375 
vt 16.5625 -41.3125 
vt 13.1875 -41.3125 
vt 13.0625 -41.4375 
vt 13.0625 -36.1875 
vt 13.1875 -36.0625 
vt 10.4375 -36.0625 
vt 10.4375 -36.1875 
vt 10.5625 -36.1875 
vt 10.4375 -41.3125 
vt 10.5625 -41.4375 
vt 8.1875 -41.3125 
vt 8.0625 -41.4375 
vt 8.0625 -39.4375 
vt 8.1875 -39.3125 
vt 6.3125 -39.3125 
vt 6.4375 -39.4375 
vt 6.3125 -41.3125 
vt 6.4375 -41.4375 
vt 3.5625 -41.3125 
vt 3.4375 -41.4375 
vt 3.4375 -39.4375 
vt 3.5625 -39.3125 
vt 1.6875 -39.3125 
vt 1.8125 -39.4375 
vt 1.6875 -41.3125 
vt 1.8125 -41.4375 
vt -0.562498 -41.3125 
vt -0.687498 -41.4375 
vt -0.687498 -36.1875 
vt -0.562498 -36.1875 
vt -0.562498 -36.0625 
vt -2.6875 -36.0625 
vt -2.6875 -36.1875 
vt -2.6875 -41.3125 
vt -2.5625 -36.1875 
vt -2.5625 -41.4375 
vt -4.5625 -41.3125 
vt -4.5625 -41.4375 
vt 21.4375 -43.3125 
vt 20.1875 -43.3125 
vt 21.3125 -44.6875 
vt 20.1875 -44.5625 
vt 21.4375 -50.8125 
vt 16.6875 -44.5625 
vt 21.3125 -50.9375 
vt 40.6875 -50.8125 
vt 16.6875 -44.6875 
vt 40.8125 -50.9375 
vt 40.6875 -40.1875 
vt 40.8125 -40.0625 
vt 32.5625 -40.1875 
vt 32.6875 -40.0625 
vt 32.5625 -38.1875 
vt 32.6875 -38.0625 
vt 29.3125 -38.0625 
vt 29.4375 -38.1875 
vt 29.4375 -40.1875 
vt 29.3125 -40.1875 
vt 16.5625 -43.3125 
vt 16.6875 -43.3125 
vt 16.6875 -47.1875 
vt 16.5625 -47.0625 
vt 10.4375 -47.1875 
vt 10.5625 -47.0625 
vt 10.4375 -43.4375 
vt 10.5625 -43.4375 
vt 23.4375 -44.6875 
vt 27.9375 -44.5625 
vt 23.3125 -44.5625 
vt 28.0625 -44.6875 
vt 23.4375 -48.8125 
vt 27.9375 -42.0625 
vt 23.3125 -48.9375 
vt 28.0625 -42.1875 
vt 38.8125 -48.9375 
vt 38.8125 -42.0625 
vt 38.6875 -48.8125 
vt 38.6875 -42.1875 
vt -6.6875 -17.1875 
vt -6.8125 -26.4375 
vt -6.6875 -26.3125 
vt 8.6875 -26.4375 
vt -6.8125 -17.0625 
vt 8.5625 -17.1875 
vt 8.5625 -17.0625 
vt 8.5625 -26.3125 
vt 8.6875 -17.0625 
vt 10.5625 -18.3125 
vt 10.6875 -18.3125 
vt 10.5625 -18.1875 
vt 10.6875 -18.1875 
vt 26.1875 -18.3125 
vt 26.3125 -22.6875 
vt 26.3125 -18.3125 
vt 26.1875 -22.6875 
vt 2.1875 -28.3125 
vt 0.937503 -28.3125 
vt 2.1875 -28.4375 
vt 0.9375 -28.4375 
vt 32.5625 -38.1875 
vt 32.5625 -38.0625 
vt 29.4375 -38.0625 
vt 29.4375 -38.1875 
vt -4.4375 -43.3125 
vt -4.5625 -43.4375 
vt 10.4375 -43.4375 
vt -4.5625 -41.4375 
vt -4.4375 -41.4375 
vt 10.5625 -43.4375 
vt 10.5625 -43.3125 
vt 29.3125 -40.1875 
vt 29.3125 -40.0625 
vt 26.3125 -40.0625 
vt 26.1875 -40.1875 
vt 26.3125 -22.6875 
vt 26.1875 -22.6875 
vt 16.5625 -18.3125 
vt 11.4375 -18.1875 
vt 11.4375 -18.3125 
vt 16.5625 -18.1875 
vt -8.8125 -31.4375 
vt 10.6875 -34.5625 
vt 10.6875 -31.4375 
vt -8.8125 -34.5625 
vt -6.8125 -31.4375 
vt 8.6875 -34.5625 
vt 8.6875 -31.4375 
vt -6.8125 -34.5625 
vt 15.3125 -31.4375 
vt 21.5625 -34.5625 
vt 21.5625 -31.4375 
vt 15.3125 -34.5625 
vt 10.6875 -31.4375 
vt 10.6875 -34.5625 
vt 15.3125 -34.5625 
vt 15.3125 -31.4375 
vt 3.9375 -31.4375 
vt 8.5625 -34.5625 
vt 8.5625 -31.4375 
vt 3.9375 -34.5625 
vt 21.5625 -31.4375 
vt 21.5625 -31.9375 
vt 36.5625 -31.9375 
vt 36.5625 -31.4375 
vt -6.6875 -34.5625 
vt 3.9375 -34.5625 
vt 3.9375 -31.4375 
vt -6.6875 -31.4375 
vt 11.8125 -34.5625 
vt 10.5625 -31.4375 
vt 10.5625 -34.5625 
vt 11.8125 -31.4375 
vt 36.4375 -31.9375 
vt 36.4375 -31.4375 
vt 34.5625 -31.4375 
vt 36.5625 -34.5625 
vt 36.5625 -31.9375 
vt 34.5625 -34.5625 
vt 30.1875 -31.4375 
vt 30.1875 -34.5625 
vt 32.6875 -34.5625 
vt 32.6875 -31.4375 
vt 25.5625 -31.4375 
vt 25.5625 -34.5625 
vt 28.5625 -34.5625 
vt 28.5625 -31.4375 
vt 21.4375 -31.4375 
vt 21.4375 -34.5625 
vt 23.9375 -34.5625 
vt 23.9375 -31.4375 
vt 15.3125 -31.4375 
vt 18.9375 -34.5625 
vt 18.9375 -31.4375 
vt 15.3125 -34.5625 
vt -8.6875 -34.5625 
vt -0.5625 -31.4375 
vt -8.6875 -31.4375 
vt -0.5625 -34.5625 
vt 2.5625 -31.4375 
vt 2.6875 -34.5625 
vt 2.6875 -31.9375 
vt 2.5625 -34.5625 
vt 5.8125 -31.4375 
vt 5.8125 -31.9375 
vt 10.5625 -31.4375 
vt 7.8125 -31.4375 
vt 10.5625 -34.5625 
vt 7.8125 -34.5625 
vt 7.6875 -31.4375 
vt 7.6875 -34.5625 
vt 15.3125 -34.5625 
vt 15.3125 -31.4375 
vt 11.8125 -31.4375 
vt 11.8125 -34.5625 
vt 28.5625 -34.5625 
vt 30.1875 -34.5625 
vt 30.1875 -31.4375 
vt 28.5625 -31.4375 
vt 23.9375 -31.4375 
vt 23.9375 -34.5625 
vt 25.5625 -31.4375 
vt 25.5625 -34.5625 
vt -0.5625 -31.4375 
vt 2.5625 -32.1875 
vt 2.5625 -31.4375 
vt -0.5625 -32.1875 
vt -0.5625 -34.5625 
vt 2.5625 -34.5625 
vt -0.5625 -33.8125 
vt 2.5625 -33.8125 
vt 32.5625 -31.4375 
vt 34.6875 -34.5625 
vt 34.6875 -31.4375 
vt 32.5625 -34.5625 
vt 18.9375 -34.5625 
vt 21.5625 -34.5625 
vt 18.9375 -31.4375 
vt 21.5625 -31.4375 
vt 7.8125 -31.4375 
vt 15.3125 -34.5625 
vt 15.3125 -31.4375 
vt 7.8125 -34.5625 
vt 29.6875 -31.4375 
vt 29.6875 -34.5625 
vt 34.6875 -34.5625 
vt 34.6875 -31.4375 
vt 7.6875 -34.5625 
vt 15.1875 -31.4375 
vt 7.6875 -31.4375 
vt 15.1875 -34.5625 
vt 21.3125 -34.5625 
vt 29.6875 -34.5625 
vt 29.6875 -31.4375 
vt 21.3125 -31.4375 
vt 31.0625 -32.4375 
vt 31.0625 -34.5625 
vt 34.5625 -34.5625 
vt 29.8125 -31.4375 
vt 34.5625 -31.4375 
vt 29.8125 -32.4375 
vt 34.6875 -31.4375 
vt 40.8125 -34.5625 
vt 40.8125 -31.4375 
vt 34.6875 -34.5625 
vt 23.3125 -31.4375 
vt 38.8125 -34.5625 
vt 38.8125 -31.4375 
vt 23.3125 -34.5625 
vt 7.8125 -34.5625 
vt 21.3125 -34.5625 
vt 7.8125 -31.4375 
vt 21.3125 -31.4375 
vt 5.6875 -32.4375 
vt 5.8125 -32.4375 
vt 5.6875 -31.9375 
vt 5.8125 -31.9375 
vt 11.8125 -34.5625 
vt 10.5625 -31.4375 
vt 10.5625 -34.5625 
vt 11.8125 -31.4375 
vt 5.6875 -34.5625 
vt 10.5625 -34.5625 
vt 5.8125 -32.4375 
vt 5.6875 -32.4375 
vt 5.8125 -31.4375 
vt 10.5625 -31.4375 
vt 11.8125 -34.5625 
vt 15.4375 -34.5625 
vt 11.8125 -31.4375 
vt 15.4375 -31.4375 
vt 15.4375 -31.9375 
vt 20.5625 -31.9375 
vt 21.3125 -31.4375 
vt 20.5625 -34.5625 
vt 21.3125 -34.5625 
vt 21.3125 -34.4375 
vt 21.4375 -34.4375 
vt 21.4375 -31.4375 
vt 21.4375 -34.5625 
vt 21.3125 -34.4375 
vt 21.3125 -34.5625 
vt 21.4375 -34.4375 
vt 23.4375 -31.4375 
vt 38.6875 -34.5625 
vt 38.6875 -31.4375 
vt 23.4375 -34.5625 
vt 21.4375 -34.5625 
vt 40.6875 -34.5625 
vt 21.4375 -31.4375 
vt 40.6875 -31.4375 

usemtl Union161Mtl

f 1509/1509/1509 1510/1510/1510 1511/1511/1511 
f 1510/1510/1510 1509/1509/1509 1512/1512/1512 
f 1513/1513/1513 1514/1514/1514 1515/1515/1515 
f 1514/1514/1514 1513/1513/1513 1516/1516/1516 
f 1517/1517/1517 1518/1518/1518 1519/1519/1519 
f 1518/1518/1518 1517/1517/1517 1520/1520/1520 
f 1521/1521/1521 1522/1522/1522 1523/1523/1523 
f 1523/1523/1523 1522/1522/1522 1524/1524/1524 
f 1525/1525/1525 1522/1522/1522 1521/1521/1521 
f 1526/1526/1526 1522/1522/1522 1525/1525/1525 
f 1527/1527/1527 1525/1525/1525 1521/1521/1521 
f 1527/1527/1527 1521/1521/1521 1528/1528/1528 
f 1529/1529/1529 1530/1530/1530 1531/1531/1531 
f 1529/1529/1529 1531/1531/1531 1532/1532/1532 
f 1533/1533/1533 1534/1534/1534 1535/1535/1535 
f 1536/1536/1536 1533/1533/1533 1535/1535/1535 
f 1533/1533/1533 1537/1537/1537 1534/1534/1534 
f 1537/1537/1537 1533/1533/1533 1538/1538/1538 
f 1533/1533/1533 1539/1539/1539 1538/1538/1538 
f 1539/1539/1539 1533/1533/1533 1540/1540/1540 
f 1541/1541/1541 1542/1542/1542 1543/1543/1543 
f 1542/1542/1542 1541/1541/1541 1544/1544/1544 
f 1545/1545/1545 1546/1546/1546 1547/1547/1547 
f 1546/1546/1546 1545/1545/1545 1548/1548/1548 
f 1549/1549/1549 1550/1550/1550 1551/1551/1551 
f 1550/1550/1550 1549/1549/1549 1552/1552/1552 
f 1553/1553/1553 1554/1554/1554 1555/1555/1555 
f 1556/1556/1556 1554/1554/1554 1553/1553/1553 
f 1557/1557/1557 1558/1558/1558 1559/1559/1559 
f 1558/1558/1558 1557/1557/1557 1560/1560/1560 
f 1561/1561/1561 1562/1562/1562 1563/1563/1563 
f 1563/1563/1563 1562/1562/1562 1564/1564/1564 
f 1565/1565/1565 1566/1566/1566 1567/1567/1567 
f 1566/1566/1566 1565/1565/1565 1568/1568/1568 
f 1569/1569/1569 1570/1570/1570 1571/1571/1571 
f 1571/1571/1571 1572/1572/1572 1569/1569/1569 
f 1573/1573/1573 1574/1574/1574 1575/1575/1575 
f 1576/1576/1576 1573/1573/1573 1575/1575/1575 
f 1577/1577/1577 1578/1578/1578 1579/1579/1579 
f 1577/1577/1577 1580/1580/1580 1578/1578/1578 
f 1581/1581/1581 1582/1582/1582 1583/1583/1583 
f 1581/1581/1581 1583/1583/1583 1584/1584/1584 
f 1585/1585/1585 1586/1586/1586 1587/1587/1587 
f 1586/1586/1586 1585/1585/1585 1588/1588/1588 
f 1589/1589/1589 1590/1590/1590 1591/1591/1591 
f 1590/1590/1590 1589/1589/1589 1592/1592/1592 
f 1593/1593/1593 1594/1594/1594 1595/1595/1595 
f 1595/1595/1595 1594/1594/1594 1596/1596/1596 
f 1597/1597/1597 1598/1598/1598 1599/1599/1599 
f 1599/1599/1599 1598/1598/1598 1600/1600/1600 
f 1597/1597/1597 1599/1599/1599 1601/1601/1601 
f 1602/1602/1602 1603/1603/1603 1604/1604/1604 
f 1605/1605/1605 1604/1604/1604 1603/1603/1603 
f 1606/1606/1606 1607/1607/1607 1608/1608/1608 
f 1606/1606/1606 1609/1609/1609 1607/1607/1607 
f 1607/1607/1607 1609/1609/1609 1610/1610/1610 
f 1606/1606/1606 1611/1611/1611 1609/1609/1609 
f 1612/1612/1612 1613/1613/1613 1614/1614/1614 
f 1615/1615/1615 1614/1614/1614 1613/1613/1613 
f 1616/1616/1616 1617/1617/1617 1618/1618/1618 
f 1619/1619/1619 1618/1618/1618 1617/1617/1617 
f 1620/1620/1620 1621/1621/1621 1622/1622/1622 
f 1621/1621/1621 1620/1620/1620 1623/1623/1623 
f 1624/1624/1624 1625/1625/1625 1626/1626/1626 
f 1627/1627/1627 1626/1626/1626 1625/1625/1625 
f 1628/1628/1628 1629/1629/1629 1630/1630/1630 
f 1631/1631/1631 1630/1630/1630 1629/1629/1629 
f 1632/1632/1632 1633/1633/1633 1634/1634/1634 
f 1635/1635/1635 1634/1634/1634 1633/1633/1633 
f 1636/1636/1636 1637/1637/1637 1638/1638/1638 
f 1639/1639/1639 1638/1638/1638 1637/1637/1637 
f 1640/1640/1640 1641/1641/1641 1642/1642/1642 
f 1641/1641/1641 1640/1640/1640 1643/1643/1643 
f 1644/1644/1644 1645/1645/1645 1646/1646/1646 
f 1647/1647/1647 1646/1646/1646 1645/1645/1645 
f 1648/1648/1648 1649/1649/1649 1650/1650/1650 
f 1648/1648/1648 1651/1651/1651 1649/1649/1649 
f 1652/1652/1652 1653/1653/1653 1654/1654/1654 
f 1653/1653/1653 1652/1652/1652 1655/1655/1655 
f 1653/1653/1653 1656/1656/1656 1654/1654/1654 
f 1654/1654/1654 1656/1656/1656 1657/1657/1657 
f 1658/1658/1658 1659/1659/1659 1660/1660/1660 
f 1661/1661/1661 1660/1660/1660 1659/1659/1659 
f 1662/1662/1662 1663/1663/1663 1664/1664/1664 
f 1665/1665/1665 1663/1663/1663 1662/1662/1662 
f 1666/1666/1666 1667/1667/1667 1668/1668/1668 
f 1666/1666/1666 1669/1669/1669 1667/1667/1667 
f 1670/1670/1670 1671/1671/1671 1672/1672/1672 
f 1673/1673/1673 1671/1671/1671 1670/1670/1670 
f 1674/1674/1674 1675/1675/1675 1676/1676/1676 
f 1675/1675/1675 1677/1677/1677 1676/1676/1676 
f 1678/1678/1678 1679/1679/1679 1680/1680/1680 
f 1679/1679/1679 1681/1681/1681 1680/1680/1680 
f 1682/1682/1682 1680/1680/1680 1681/1681/1681 
f 1682/1682/1682 1683/1683/1683 1680/1680/1680 
f 1681/1681/1681 1684/1684/1684 1682/1682/1682 
f 1683/1683/1683 1682/1682/1682 1685/1685/1685 
f 1686/1686/1686 1682/1682/1682 1684/1684/1684 
f 1687/1687/1687 1683/1683/1683 1685/1685/1685 
f 1684/1684/1684 1688/1688/1688 1686/1686/1686 
f 1687/1687/1687 1685/1685/1685 1689/1689/1689 
f 1690/1690/1690 1687/1687/1687 1689/1689/1689 
f 1689/1689/1689 1691/1691/1691 1690/1690/1690 
f 1691/1691/1691 1692/1692/1692 1690/1690/1690 
f 1691/1691/1691 1693/1693/1693 1692/1692/1692 
f 1694/1694/1694 1692/1692/1692 1693/1693/1693 
f 1695/1695/1695 1694/1694/1694 1693/1693/1693 
f 1695/1695/1695 1693/1693/1693 1696/1696/1696 
f 1696/1696/1696 1697/1697/1697 1695/1695/1695 
f 1698/1698/1698 1695/1695/1695 1697/1697/1697 
f 1699/1699/1699 1698/1698/1698 1697/1697/1697 
f 1699/1699/1699 1697/1697/1697 1700/1700/1700 
f 1699/1699/1699 1700/1700/1700 1701/1701/1701 
f 1702/1702/1702 1699/1699/1699 1701/1701/1701 
f 1701/1701/1701 1703/1703/1703 1702/1702/1702 
f 1701/1701/1701 1704/1704/1704 1703/1703/1703 
f 1704/1704/1704 1705/1705/1705 1703/1703/1703 
f 1706/1706/1706 1703/1703/1703 1705/1705/1705 
f 1704/1704/1704 1707/1707/1707 1705/1705/1705 
f 1707/1707/1707 1708/1708/1708 1705/1705/1705 
f 1709/1709/1709 1708/1708/1708 1707/1707/1707 
f 1709/1709/1709 1710/1710/1710 1708/1708/1708 
f 1711/1711/1711 1710/1710/1710 1709/1709/1709 
f 1709/1709/1709 1707/1707/1707 1712/1712/1712 
f 1709/1709/1709 1712/1712/1712 1713/1713/1713 
f 1714/1714/1714 1713/1713/1713 1712/1712/1712 
f 1714/1714/1714 1715/1715/1715 1713/1713/1713 
f 1714/1714/1714 1716/1716/1716 1715/1715/1715 
f 1717/1717/1717 1715/1715/1715 1716/1716/1716 
f 1718/1718/1718 1717/1717/1717 1716/1716/1716 
f 1718/1718/1718 1719/1719/1719 1717/1717/1717 
f 1720/1720/1720 1719/1719/1719 1718/1718/1718 
f 1720/1720/1720 1721/1721/1721 1719/1719/1719 
f 1722/1722/1722 1721/1721/1721 1720/1720/1720 
f 1723/1723/1723 1721/1721/1721 1722/1722/1722 
f 1724/1724/1724 1723/1723/1723 1722/1722/1722 
f 1725/1725/1725 1726/1726/1726 1724/1724/1724 
f 1727/1727/1727 1724/1724/1724 1726/1726/1726 
f 1728/1728/1728 1727/1727/1727 1729/1729/1729 
f 1730/1730/1730 1728/1728/1728 1729/1729/1729 
f 1729/1729/1729 1731/1731/1731 1730/1730/1730 
f 1731/1731/1731 1732/1732/1732 1730/1730/1730 
f 1731/1731/1731 1733/1733/1733 1732/1732/1732 
f 1731/1731/1731 1734/1734/1734 1733/1733/1733 
f 1734/1734/1734 1735/1735/1735 1733/1733/1733 
f 1736/1736/1736 1733/1733/1733 1735/1735/1735 
f 1736/1736/1736 1735/1735/1735 1737/1737/1737 
f 1738/1738/1738 1736/1736/1736 1737/1737/1737 
f 1737/1737/1737 1739/1739/1739 1738/1738/1738 
f 1739/1739/1739 1740/1740/1740 1738/1738/1738 
f 1739/1739/1739 1741/1741/1741 1740/1740/1740 
f 1739/1739/1739 1742/1742/1742 1741/1741/1741 
f 1742/1742/1742 1743/1743/1743 1741/1741/1741 
f 1744/1744/1744 1741/1741/1741 1743/1743/1743 
f 1744/1744/1744 1743/1743/1743 1745/1745/1745 
f 1746/1746/1746 1744/1744/1744 1745/1745/1745 
f 1745/1745/1745 1747/1747/1747 1746/1746/1746 
f 1747/1747/1747 1748/1748/1748 1746/1746/1746 
f 1747/1747/1747 1749/1749/1749 1748/1748/1748 
f 1750/1750/1750 1749/1749/1749 1747/1747/1747 
f 1750/1750/1750 1751/1751/1751 1752/1752/1752 
f 1751/1751/1751 1753/1753/1753 1752/1752/1752 
f 1754/1754/1754 1752/1752/1752 1753/1753/1753 
f 1754/1754/1754 1753/1753/1753 1755/1755/1755 
f 1755/1755/1755 1756/1756/1756 1754/1754/1754 
f 1756/1756/1756 1757/1757/1757 1754/1754/1754 
f 1756/1756/1756 1758/1758/1758 1757/1757/1757 
f 1756/1756/1756 1759/1759/1759 1758/1758/1758 
f 1760/1760/1760 1759/1759/1759 1756/1756/1756 
f 1761/1761/1761 1758/1758/1758 1759/1759/1759 
f 1762/1762/1762 1758/1758/1758 1761/1761/1761 
f 1762/1762/1762 1761/1761/1761 1763/1763/1763 
f 1762/1762/1762 1763/1763/1763 1764/1764/1764 
f 1765/1765/1765 1764/1764/1764 1763/1763/1763 
f 1761/1761/1761 1766/1766/1766 1763/1763/1763 
f 1767/1767/1767 1766/1766/1766 1761/1761/1761 
f 1766/1766/1766 1767/1767/1767 1768/1768/1768 
f 1769/1769/1769 1767/1767/1767 1761/1761/1761 
f 1769/1769/1769 1770/1770/1770 1767/1767/1767 
f 1771/1771/1771 1767/1767/1767 1770/1770/1770 
f 1770/1770/1770 1772/1772/1772 1771/1771/1771 
f 1772/1772/1772 1773/1773/1773 1771/1771/1771 
f 1773/1773/1773 1772/1772/1772 1774/1774/1774 
f 1773/1773/1773 1774/1774/1774 1775/1775/1775 
f 1776/1776/1776 1775/1775/1775 1774/1774/1774 
f 1773/1773/1773 1775/1775/1775 1777/1777/1777 
f 1775/1775/1775 1778/1778/1778 1777/1777/1777 
f 1779/1779/1779 1778/1778/1778 1775/1775/1775 
f 1780/1780/1780 1778/1778/1778 1779/1779/1779 
f 1780/1780/1780 1779/1779/1779 1781/1781/1781 
f 1782/1782/1782 1780/1780/1780 1781/1781/1781 
f 1782/1782/1782 1781/1781/1781 1783/1783/1783 
f 1782/1782/1782 1783/1783/1783 1784/1784/1784 
f 1785/1785/1785 1784/1784/1784 1783/1783/1783 
f 1781/1781/1781 1786/1786/1786 1783/1783/1783 
f 1786/1786/1786 1781/1781/1781 1787/1787/1787 
f 1787/1787/1787 1781/1781/1781 1788/1788/1788 
f 1787/1787/1787 1788/1788/1788 1789/1789/1789 
f 1790/1790/1790 1787/1787/1787 1789/1789/1789 
f 1790/1790/1790 1789/1789/1789 1791/1791/1791 
f 1791/1791/1791 1789/1789/1789 1792/1792/1792 
f 1791/1791/1791 1792/1792/1792 1793/1793/1793 
f 1794/1794/1794 1791/1791/1791 1793/1793/1793 
f 1793/1793/1793 1795/1795/1795 1794/1794/1794 
f 1795/1795/1795 1796/1796/1796 1794/1794/1794 
f 1797/1797/1797 1796/1796/1796 1795/1795/1795 
f 1797/1797/1797 1798/1798/1798 1796/1796/1796 
f 1795/1795/1795 1799/1799/1799 1797/1797/1797 
f 1799/1799/1799 1800/1800/1800 1797/1797/1797 
f 1799/1799/1799 1801/1801/1801 1800/1800/1800 
f 1801/1801/1801 1802/1802/1802 1800/1800/1800 
f 1801/1801/1801 1803/1803/1803 1802/1802/1802 
f 1803/1803/1803 1804/1804/1804 1802/1802/1802 
f 1803/1803/1803 1805/1805/1805 1804/1804/1804 
f 1806/1806/1806 1804/1804/1804 1805/1805/1805 
f 1805/1805/1805 1807/1807/1807 1806/1806/1806 
f 1688/1688/1688 1807/1807/1807 1805/1805/1805 
f 1688/1688/1688 1805/1805/1805 1686/1686/1686 
f 1808/1808/1808 1809/1809/1809 1810/1810/1810 
f 1808/1808/1808 1811/1811/1811 1809/1809/1809 
f 1812/1812/1812 1808/1808/1808 1810/1810/1810 
f 1811/1811/1811 1813/1813/1813 1809/1809/1809 
f 1814/1814/1814 1812/1812/1812 1810/1810/1810 
f 1811/1811/1811 1815/1815/1815 1813/1813/1813 
f 1814/1814/1814 1810/1810/1810 1816/1816/1816 
f 1817/1817/1817 1813/1813/1813 1815/1815/1815 
f 1816/1816/1816 1818/1818/1818 1814/1814/1814 
f 1819/1819/1819 1817/1817/1817 1815/1815/1815 
f 1816/1816/1816 1819/1819/1819 1818/1818/1818 
f 1819/1819/1819 1815/1815/1815 1818/1818/1818 
f 1820/1820/1820 1821/1821/1821 1822/1822/1822 
f 1820/1820/1820 1823/1823/1823 1821/1821/1821 
f 1823/1823/1823 1824/1824/1824 1821/1821/1821 
f 1825/1825/1825 1820/1820/1820 1822/1822/1822 
f 1822/1822/1822 1826/1826/1826 1825/1825/1825 
f 1823/1823/1823 1827/1827/1827 1826/1826/1826 
f 1826/1826/1826 1828/1828/1828 1825/1825/1825 
f 1826/1826/1826 1827/1827/1827 1828/1828/1828 
f 1829/1829/1829 1830/1830/1830 1831/1831/1831 
f 1832/1832/1832 1831/1831/1831 1830/1830/1830 
f 1833/1833/1833 1834/1834/1834 1835/1835/1835 
f 1836/1836/1836 1834/1834/1834 1833/1833/1833 
f 1837/1837/1837 1838/1838/1838 1839/1839/1839 
f 1840/1840/1840 1838/1838/1838 1837/1837/1837 
f 1838/1838/1838 1841/1841/1841 1839/1839/1839 
f 1839/1839/1839 1841/1841/1841 1842/1842/1842 
f 1843/1843/1843 1844/1844/1844 1845/1845/1845 
f 1845/1845/1845 1844/1844/1844 1846/1846/1846 
f 1847/1847/1847 1848/1848/1848 1845/1845/1845 
f 1849/1849/1849 1847/1847/1847 1845/1845/1845 
f 1849/1849/1849 1850/1850/1850 1847/1847/1847 
f 1850/1850/1850 1849/1849/1849 1851/1851/1851 
f 1852/1852/1852 1850/1850/1850 1851/1851/1851 
f 1853/1853/1853 1854/1854/1854 1855/1855/1855 
f 1856/1856/1856 1854/1854/1854 1853/1853/1853 
f 1857/1857/1857 1858/1858/1858 1859/1859/1859 
f 1859/1859/1859 1858/1858/1858 1860/1860/1860 
f 1861/1861/1861 1857/1857/1857 1859/1859/1859 
f 1862/1862/1862 1857/1857/1857 1861/1861/1861 
f 1863/1863/1863 1864/1864/1864 1865/1865/1865 
f 1866/1866/1866 1865/1865/1865 1864/1864/1864 
f 1867/1867/1867 1868/1868/1868 1869/1869/1869 
f 1870/1870/1870 1868/1868/1868 1867/1867/1867 
f 1871/1871/1871 1872/1872/1872 1873/1873/1873 
f 1873/1873/1873 1872/1872/1872 1874/1874/1874 
f 1875/1875/1875 1876/1876/1876 1877/1877/1877 
f 1877/1877/1877 1876/1876/1876 1878/1878/1878 
f 1877/1877/1877 1878/1878/1878 1879/1879/1879 
f 1878/1878/1878 1880/1880/1880 1879/1879/1879 
f 1881/1881/1881 1882/1882/1882 1883/1883/1883 
f 1883/1883/1883 1882/1882/1882 1884/1884/1884 
f 1885/1885/1885 1886/1886/1886 1887/1887/1887 
f 1885/1885/1885 1887/1887/1887 1888/1888/1888 
f 1889/1889/1889 1890/1890/1890 1891/1891/1891 
f 1889/1889/1889 1891/1891/1891 1892/1892/1892 
f 1893/1893/1893 1894/1894/1894 1895/1895/1895 
f 1896/1896/1896 1894/1894/1894 1893/1893/1893 
f 1897/1897/1897 1898/1898/1898 1899/1899/1899 
f 1899/1899/1899 1898/1898/1898 1900/1900/1900 
f 1901/1901/1901 1902/1902/1902 1903/1903/1903 
f 1903/1903/1903 1902/1902/1902 1904/1904/1904 
f 1905/1905/1905 1906/1906/1906 1907/1907/1907 
f 1908/1908/1908 1906/1906/1906 1905/1905/1905 
f 1909/1909/1909 1910/1910/1910 1911/1911/1911 
f 1911/1911/1911 1910/1910/1910 1912/1912/1912 
f 1913/1913/1913 1914/1914/1914 1915/1915/1915 
f 1916/1916/1916 1913/1913/1913 1915/1915/1915 
f 1917/1917/1917 1914/1914/1914 1913/1913/1913 
f 1918/1918/1918 1913/1913/1913 1916/1916/1916 
f 1919/1919/1919 1914/1914/1914 1917/1917/1917 
f 1916/1916/1916 1919/1919/1919 1918/1918/1918 
f 1920/1920/1920 1914/1914/1914 1919/1919/1919 
f 1920/1920/1920 1919/1919/1919 1916/1916/1916 
f 1921/1921/1921 1922/1922/1922 1923/1923/1923 
f 1923/1923/1923 1922/1922/1922 1924/1924/1924 
f 1925/1925/1925 1926/1926/1926 1927/1927/1927 
f 1927/1927/1927 1926/1926/1926 1928/1928/1928 
f 1929/1929/1929 1930/1930/1930 1931/1931/1931 
f 1929/1929/1929 1931/1931/1931 1932/1932/1932 
f 1933/1933/1933 1934/1934/1934 1935/1935/1935 
f 1936/1936/1936 1934/1934/1934 1933/1933/1933 
f 1937/1937/1937 1938/1938/1938 1939/1939/1939 
f 1939/1939/1939 1938/1938/1938 1940/1940/1940 
f 1938/1938/1938 1941/1941/1941 1940/1940/1940 
f 1941/1941/1941 1942/1942/1942 1940/1940/1940 
f 1943/1943/1943 1944/1944/1944 1945/1945/1945 
f 1943/1943/1943 1946/1946/1946 1944/1944/1944 
f 1947/1947/1947 1948/1948/1948 1949/1949/1949 
f 1950/1950/1950 1947/1947/1947 1949/1949/1949 
f 1951/1951/1951 1952/1952/1952 1953/1953/1953 
f 1952/1952/1952 1954/1954/1954 1953/1953/1953 
f 1955/1955/1955 1956/1956/1956 1957/1957/1957 
f 1957/1957/1957 1956/1956/1956 1958/1958/1958 
f 1959/1959/1959 1960/1960/1960 1961/1961/1961 
f 1959/1959/1959 1961/1961/1961 1962/1962/1962 
f 1963/1963/1963 1964/1964/1964 1965/1965/1965 
f 1966/1966/1966 1964/1964/1964 1963/1963/1963 
f 1967/1967/1967 1968/1968/1968 1969/1969/1969 
f 1970/1970/1970 1968/1968/1968 1967/1967/1967 
f 1971/1971/1971 1972/1972/1972 1973/1973/1973 
f 1974/1974/1974 1971/1971/1971 1973/1973/1973 
f 1975/1975/1975 1976/1976/1976 1977/1977/1977 
f 1977/1977/1977 1976/1976/1976 1978/1978/1978 
f 1979/1979/1979 1980/1980/1980 1981/1981/1981 
f 1981/1981/1981 1982/1982/1982 1979/1979/1979 
f 1983/1983/1983 1984/1984/1984 1985/1985/1985 
f 1986/1986/1986 1985/1985/1985 1984/1984/1984 
f 1987/1987/1987 1988/1988/1988 1989/1989/1989 
f 1990/1990/1990 1988/1988/1988 1987/1987/1987 
f 1991/1991/1991 1992/1992/1992 1993/1993/1993 
f 1993/1993/1993 1992/1992/1992 1994/1994/1994 
f 1995/1995/1995 1996/1996/1996 1997/1997/1997 
f 1997/1997/1997 1998/1998/1998 1995/1995/1995 
f 1999/1999/1999 2000/2000/2000 2001/2001/2001 
f 2002/2002/2002 1999/1999/1999 2001/2001/2001 
f 2003/2003/2003 2004/2004/2004 2005/2005/2005 
f 2003/2003/2003 2005/2005/2005 2006/2006/2006 
f 2007/2007/2007 2008/2008/2008 2009/2009/2009 
f 2007/2007/2007 2009/2009/2009 2010/2010/2010 
f 2011/2011/2011 2012/2012/2012 2013/2013/2013 
f 2013/2013/2013 2012/2012/2012 2014/2014/2014 
f 2012/2012/2012 2015/2015/2015 2014/2014/2014 
f 2016/2016/2016 2015/2015/2015 2012/2012/2012 
f 2017/2017/2017 2018/2018/2018 2019/2019/2019 
f 2019/2019/2019 2018/2018/2018 2020/2020/2020 
f 2018/2018/2018 2021/2021/2021 2020/2020/2020 
f 2020/2020/2020 2021/2021/2021 2022/2022/2022 
f 2023/2023/2023 2024/2024/2024 2025/2025/2025 
f 2024/2024/2024 2026/2026/2026 2025/2025/2025 
f 2027/2027/2027 2028/2028/2028 2029/2029/2029 
f 2027/2027/2027 2029/2029/2029 2030/2030/2030 
f 2031/2031/2031 2032/2032/2032 2033/2033/2033 
f 2034/2034/2034 2031/2031/2031 2033/2033/2033 
f 2035/2035/2035 2036/2036/2036 2037/2037/2037 
f 2038/2038/2038 2035/2035/2035 2037/2037/2037 
f 2039/2039/2039 2040/2040/2040 2041/2041/2041 
f 2042/2042/2042 2039/2039/2039 2041/2041/2041 
f 2043/2043/2043 2044/2044/2044 2045/2045/2045 
f 2044/2044/2044 2046/2046/2046 2045/2045/2045 
f 2047/2047/2047 2048/2048/2048 2049/2049/2049 
f 2050/2050/2050 2047/2047/2047 2049/2049/2049 
f 2051/2051/2051 2052/2052/2052 2053/2053/2053 
f 2054/2054/2054 2052/2052/2052 2051/2051/2051 
f 2055/2055/2055 2056/2056/2056 2057/2057/2057 
f 2055/2055/2055 2058/2058/2058 2056/2056/2056 
f 2059/2059/2059 2058/2058/2058 2055/2055/2055 
f 2060/2060/2060 2061/2061/2061 2062/2062/2062 
f 2063/2063/2063 2061/2061/2061 2060/2060/2060 
f 2061/2061/2061 2064/2064/2064 2062/2062/2062 
f 2062/2062/2062 2064/2064/2064 2065/2065/2065 
f 2066/2066/2066 2067/2067/2067 2068/2068/2068 
f 2066/2066/2066 2068/2068/2068 2069/2069/2069 
f 2070/2070/2070 2071/2071/2071 2072/2072/2072 
f 2071/2071/2071 2070/2070/2070 2073/2073/2073 
f 2074/2074/2074 2070/2070/2070 2072/2072/2072 
f 2075/2075/2075 2072/2072/2072 2071/2071/2071 
f 2072/2072/2072 2075/2075/2075 2076/2076/2076 
f 2077/2077/2077 2078/2078/2078 2079/2079/2079 
f 2080/2080/2080 2078/2078/2078 2077/2077/2077 
f 2081/2081/2081 2082/2082/2082 2083/2083/2083 
f 2084/2084/2084 2082/2082/2082 2081/2081/2081 
f 2085/2085/2085 2086/2086/2086 2087/2087/2087 
f 2087/2087/2087 2086/2086/2086 2088/2088/2088 
f 2089/2089/2089 2090/2090/2090 2091/2091/2091 
f 2092/2092/2092 2090/2090/2090 2089/2089/2089 
f 2093/2093/2093 2094/2094/2094 2095/2095/2095 
f 2096/2096/2096 2094/2094/2094 2093/2093/2093 
f 2097/2097/2097 2098/2098/2098 2099/2099/2099 
f 2100/2100/2100 2098/2098/2098 2097/2097/2097 
f 2101/2101/2101 2099/2099/2099 2098/2098/2098 
f 2099/2099/2099 2101/2101/2101 2102/2102/2102 
f 2101/2101/2101 2103/2103/2103 2102/2102/2102 
f 2102/2102/2102 2103/2103/2103 2104/2104/2104 
f 2105/2105/2105 2106/2106/2106 2107/2107/2107 
f 2108/2108/2108 2106/2106/2106 2105/2105/2105 
f 2109/2109/2109 2110/2110/2110 2111/2111/2111 
f 2112/2112/2112 2110/2110/2110 2109/2109/2109 
f 2113/2113/2113 2114/2114/2114 2115/2115/2115 
f 2114/2114/2114 2113/2113/2113 2116/2116/2116 
f 2117/2117/2117 2118/2118/2118 2119/2119/2119 
f 2118/2118/2118 2117/2117/2117 2120/2120/2120 
f 2121/2121/2121 2122/2122/2122 2123/2123/2123 
f 2121/2121/2121 2123/2123/2123 2124/2124/2124 
f 2125/2125/2125 2126/2126/2126 2127/2127/2127 
f 2127/2127/2127 2126/2126/2126 2128/2128/2128 
f 2129/2129/2129 2130/2130/2130 2131/2131/2131 
f 2131/2131/2131 2130/2130/2130 2132/2132/2132 
f 2133/2133/2133 2134/2134/2134 2135/2135/2135 
f 2133/2133/2133 2135/2135/2135 2136/2136/2136 
f 2137/2137/2137 2138/2138/2138 2139/2139/2139 
f 2140/2140/2140 2139/2139/2139 2138/2138/2138 
f 2138/2138/2138 2141/2141/2141 2140/2140/2140 
f 2142/2142/2142 2141/2141/2141 2138/2138/2138 
f 2143/2143/2143 2144/2144/2144 2145/2145/2145 
f 2145/2145/2145 2144/2144/2144 2146/2146/2146 
f 2147/2147/2147 2148/2148/2148 2149/2149/2149 
f 2149/2149/2149 2150/2150/2150 2147/2147/2147 
f 2149/2149/2149 2148/2148/2148 2151/2151/2151 
f 2151/2151/2151 2148/2148/2148 2152/2152/2152 
f 2153/2153/2153 2154/2154/2154 2155/2155/2155 
f 2153/2153/2153 2155/2155/2155 2156/2156/2156 
f 2157/2157/2157 2153/2153/2153 2156/2156/2156 
f 2157/2157/2157 2156/2156/2156 2158/2158/2158 
f 2157/2157/2157 2159/2159/2159 2153/2153/2153 
f 2160/2160/2160 2159/2159/2159 2157/2157/2157 
f 2161/2161/2161 2162/2162/2162 2163/2163/2163 
f 2164/2164/2164 2162/2162/2162 2161/2161/2161 
f 2165/2165/2165 2166/2166/2166 2167/2167/2167 
f 2167/2167/2167 2166/2166/2166 2168/2168/2168 
f 2169/2169/2169 2170/2170/2170 2171/2171/2171 
f 2171/2171/2171 2170/2170/2170 2172/2172/2172 
f 2170/2170/2170 2169/2169/2169 2173/2173/2173 
f 2173/2173/2173 2174/2174/2174 2170/2170/2170 
f 2169/2169/2169 2175/2175/2175 2173/2173/2173 
f 2176/2176/2176 2173/2173/2173 2175/2175/2175 
f 2177/2177/2177 2178/2178/2178 2179/2179/2179 
f 2179/2179/2179 2178/2178/2178 2180/2180/2180 
f 2180/2180/2180 2181/2181/2181 2179/2179/2179 
f 2181/2181/2181 2182/2182/2182 2179/2179/2179 
f 2180/2180/2180 2183/2183/2183 2181/2181/2181 
f 2184/2184/2184 2182/2182/2182 2181/2181/2181 
f 2185/2185/2185 2182/2182/2182 2184/2184/2184 
f 2181/2181/2181 2183/2183/2183 2186/2186/2186 
f 2183/2183/2183 2187/2187/2187 2186/2186/2186 
f 2184/2184/2184 2181/2181/2181 2188/2188/2188 
f 2186/2186/2186 2187/2187/2187 2189/2189/2189 
f 2189/2189/2189 2187/2187/2187 2190/2190/2190 
f 2189/2189/2189 2190/2190/2190 2191/2191/2191 
f 2190/2190/2190 2192/2192/2192 2191/2191/2191 
f 2191/2191/2191 2192/2192/2192 2193/2193/2193 
f 2192/2192/2192 2194/2194/2194 2193/2193/2193 
f 2194/2194/2194 2195/2195/2195 2193/2193/2193 
f 2195/2195/2195 2194/2194/2194 2196/2196/2196 
f 2197/2197/2197 2196/2196/2196 2194/2194/2194 
f 2184/2184/2184 2188/2188/2188 2198/2198/2198 
f 2188/2188/2188 2199/2199/2199 2198/2198/2198 
f 2199/2199/2199 2188/2188/2188 2200/2200/2200 
f 2199/2199/2199 2201/2201/2201 2198/2198/2198 
f 2201/2201/2201 2199/2199/2199 2202/2202/2202 
f 2196/2196/2196 2197/2197/2197 2203/2203/2203 
f 2197/2197/2197 2204/2204/2204 2203/2203/2203 
f 2205/2205/2205 2203/2203/2203 2204/2204/2204 
f 2203/2203/2203 2206/2206/2206 2196/2196/2196 
f 2203/2203/2203 2207/2207/2207 2206/2206/2206 
f 2208/2208/2208 2207/2207/2207 2203/2203/2203 
f 2208/2208/2208 2209/2209/2209 2207/2207/2207 
f 2209/2209/2209 2210/2210/2210 2207/2207/2207 
f 2210/2210/2210 2209/2209/2209 2211/2211/2211 
f 2211/2211/2211 2209/2209/2209 2212/2212/2212 
f 2213/2213/2213 2211/2211/2211 2214/2214/2214 
f 2215/2215/2215 2211/2211/2211 2213/2213/2213 
f 2201/2201/2201 2202/2202/2202 2216/2216/2216 
f 2216/2216/2216 2202/2202/2202 2217/2217/2217 
f 2201/2201/2201 2216/2216/2216 2218/2218/2218 
f 2219/2219/2219 2218/2218/2218 2216/2216/2216 
f 2220/2220/2220 2219/2219/2219 2216/2216/2216 
f 2219/2219/2219 2220/2220/2220 2221/2221/2221 
f 2222/2222/2222 2221/2221/2221 2220/2220/2220 
f 2223/2223/2223 2221/2221/2221 2222/2222/2222 
f 2223/2223/2223 2222/2222/2222 2224/2224/2224 
f 2223/2223/2223 2224/2224/2224 2225/2225/2225 
f 2225/2225/2225 2224/2224/2224 2226/2226/2226 
f 2222/2222/2222 2227/2227/2227 2224/2224/2224 
f 2228/2228/2228 2227/2227/2227 2222/2222/2222 
f 2227/2227/2227 2228/2228/2228 2229/2229/2229 
f 2229/2229/2229 2228/2228/2228 2230/2230/2230 
f 2229/2229/2229 2230/2230/2230 2231/2231/2231 
f 2229/2229/2229 2231/2231/2231 2232/2232/2232 
f 2231/2231/2231 2233/2233/2233 2232/2232/2232 
f 2234/2234/2234 2233/2233/2233 2231/2231/2231 
f 2234/2234/2234 2235/2235/2235 2233/2233/2233 
f 2233/2233/2233 2235/2235/2235 2236/2236/2236 
f 2237/2237/2237 2236/2236/2236 2238/2238/2238 
f 2237/2237/2237 2238/2238/2238 2239/2239/2239 
f 2239/2239/2239 2238/2238/2238 2240/2240/2240 
f 2240/2240/2240 2241/2241/2241 2239/2239/2239 
f 2241/2241/2241 2240/2240/2240 2242/2242/2242 
f 2243/2243/2243 2242/2242/2242 2240/2240/2240 
f 2243/2243/2243 2244/2244/2244 2242/2242/2242 
f 2242/2242/2242 2244/2244/2244 2245/2245/2245 
f 2244/2244/2244 2246/2246/2246 2245/2245/2245 
f 2245/2245/2245 2246/2246/2246 2247/2247/2247 
f 2247/2247/2247 2246/2246/2246 2248/2248/2248 
f 2248/2248/2248 2249/2249/2249 2247/2247/2247 
f 2249/2249/2249 2248/2248/2248 2250/2250/2250 
f 2251/2251/2251 2250/2250/2250 2248/2248/2248 
f 2251/2251/2251 2252/2252/2252 2250/2250/2250 
f 2250/2250/2250 2252/2252/2252 2253/2253/2253 
f 2252/2252/2252 2254/2254/2254 2253/2253/2253 
f 2253/2253/2253 2254/2254/2254 2255/2255/2255 
f 2255/2255/2255 2254/2254/2254 2256/2256/2256 
f 2256/2256/2256 2257/2257/2257 2255/2255/2255 
f 2256/2256/2256 2258/2258/2258 2257/2257/2257 
f 2259/2259/2259 2258/2258/2258 2256/2256/2256 
f 2260/2260/2260 2261/2261/2261 2259/2259/2259 
f 2259/2259/2259 2261/2261/2261 2262/2262/2262 
f 2263/2263/2263 2264/2264/2264 2262/2262/2262 
f 2264/2264/2264 2263/2263/2263 2265/2265/2265 
f 2263/2263/2263 2266/2266/2266 2265/2265/2265 
f 2265/2265/2265 2266/2266/2266 2267/2267/2267 
f 2268/2268/2268 2269/2269/2269 2270/2270/2270 
f 2270/2270/2270 2269/2269/2269 2271/2271/2271 
f 2270/2270/2270 2272/2272/2272 2268/2268/2268 
f 2273/2273/2273 2270/2270/2270 2271/2271/2271 
f 2272/2272/2272 2270/2270/2270 2274/2274/2274 
f 2274/2274/2274 2275/2275/2275 2272/2272/2272 
f 2270/2270/2270 2273/2273/2273 2276/2276/2276 
f 2277/2277/2277 2275/2275/2275 2274/2274/2274 
f 2277/2277/2277 2278/2278/2278 2275/2275/2275 
f 2278/2278/2278 2277/2277/2277 2279/2279/2279 
f 2279/2279/2279 2280/2280/2280 2278/2278/2278 
f 2280/2280/2280 2279/2279/2279 2281/2281/2281 
f 2280/2280/2280 2281/2281/2281 2282/2282/2282 
f 2283/2283/2283 2282/2282/2282 2281/2281/2281 
f 2283/2283/2283 2284/2284/2284 2282/2282/2282 
f 2285/2285/2285 2282/2282/2282 2284/2284/2284 
f 2284/2284/2284 2286/2286/2286 2285/2285/2285 
f 2286/2286/2286 2284/2284/2284 2287/2287/2287 
f 2288/2288/2288 2276/2276/2276 2273/2273/2273 
f 2289/2289/2289 2288/2288/2288 2273/2273/2273 
f 2288/2288/2288 2290/2290/2290 2276/2276/2276 
f 2290/2290/2290 2288/2288/2288 2291/2291/2291 
f 2290/2290/2290 2291/2291/2291 2292/2292/2292 
f 2292/2292/2292 2291/2291/2291 2293/2293/2293 
f 2293/2293/2293 2294/2294/2294 2292/2292/2292 
f 2295/2295/2295 2294/2294/2294 2293/2293/2293 
f 2296/2296/2296 2297/2297/2297 2298/2298/2298 
f 2299/2299/2299 2297/2297/2297 2296/2296/2296 
f 2298/2298/2298 2300/2300/2300 2296/2296/2296 
f 2299/2299/2299 2301/2301/2301 2297/2297/2297 
f 2302/2302/2302 2300/2300/2300 2298/2298/2298 
f 2301/2301/2301 2299/2299/2299 2303/2303/2303 
f 2304/2304/2304 2300/2300/2300 2302/2302/2302 
f 2303/2303/2303 2305/2305/2305 2301/2301/2301 
f 2304/2304/2304 2306/2306/2306 2300/2300/2300 
f 2305/2305/2305 2306/2306/2306 2304/2304/2304 
f 2307/2307/2307 2305/2305/2305 2303/2303/2303 
f 2305/2305/2305 2307/2307/2307 2306/2306/2306 
f 2308/2308/2308 2309/2309/2309 2310/2310/2310 
f 2310/2310/2310 2309/2309/2309 2311/2311/2311 
f 2308/2308/2308 2312/2312/2312 2309/2309/2309 
f 2313/2313/2313 2312/2312/2312 2308/2308/2308 
f 2313/2313/2313 2314/2314/2314 2312/2312/2312 
f 2315/2315/2315 2310/2310/2310 2311/2311/2311 
f 2316/2316/2316 2314/2314/2314 2315/2315/2315 
f 2316/2316/2316 2315/2315/2315 2311/2311/2311 
f 2317/2317/2317 2318/2318/2318 2319/2319/2319 
f 2319/2319/2319 2318/2318/2318 2320/2320/2320 
f 2321/2321/2321 2322/2322/2322 2323/2323/2323 
f 2322/2322/2322 2321/2321/2321 2324/2324/2324 
f 2325/2325/2325 2326/2326/2326 2327/2327/2327 
f 2327/2327/2327 2326/2326/2326 2328/2328/2328 
f 2329/2329/2329 2330/2330/2330 2331/2331/2331 
f 2332/2332/2332 2329/2329/2329 2331/2331/2331 
f 2333/2333/2333 2334/2334/2334 2335/2335/2335 
f 2334/2334/2334 2333/2333/2333 2336/2336/2336 
f 2336/2336/2336 2333/2333/2333 2337/2337/2337 
f 2335/2335/2335 2338/2338/2338 2333/2333/2333 
f 2338/2338/2338 2339/2339/2339 2333/2333/2333 
f 2340/2340/2340 2341/2341/2341 2342/2342/2342 
f 2340/2340/2340 2342/2342/2342 2343/2343/2343 
f 2342/2342/2342 2344/2344/2344 2343/2343/2343 
f 2345/2345/2345 2343/2343/2343 2344/2344/2344 
f 2346/2346/2346 2347/2347/2347 2348/2348/2348 
f 2346/2346/2346 2349/2349/2349 2347/2347/2347 
f 2350/2350/2350 2351/2351/2351 2352/2352/2352 
f 2351/2351/2351 2350/2350/2350 2353/2353/2353 
f 2354/2354/2354 2355/2355/2355 2356/2356/2356 
f 2355/2355/2355 2354/2354/2354 2357/2357/2357 
f 2358/2358/2358 2359/2359/2359 2360/2360/2360 
f 2358/2358/2358 2361/2361/2361 2359/2359/2359 
f 2362/2362/2362 2363/2363/2363 2364/2364/2364 
f 2364/2364/2364 2365/2365/2365 2362/2362/2362 
f 2366/2366/2366 2367/2367/2367 2368/2368/2368 
f 2367/2367/2367 2366/2366/2366 2369/2369/2369 
f 2370/2370/2370 2371/2371/2371 2372/2372/2372 
f 2370/2370/2370 2372/2372/2372 2373/2373/2373 
f 2374/2374/2374 2375/2375/2375 2376/2376/2376 
f 2377/2377/2377 2374/2374/2374 2376/2376/2376 
f 2378/2378/2378 2379/2379/2379 2380/2380/2380 
f 2379/2379/2379 2378/2378/2378 2381/2381/2381 
f 2382/2382/2382 2383/2383/2383 2384/2384/2384 
f 2384/2384/2384 2385/2385/2385 2382/2382/2382 
f 2385/2385/2385 2386/2386/2386 2382/2382/2382 
f 2385/2385/2385 2384/2384/2384 2387/2387/2387 
f 2388/2388/2388 2389/2389/2389 2390/2390/2390 
f 2388/2388/2388 2390/2390/2390 2391/2391/2391 
f 2392/2392/2392 2393/2393/2393 2394/2394/2394 
f 2392/2392/2392 2394/2394/2394 2395/2395/2395 
f 2396/2396/2396 2397/2397/2397 2398/2398/2398 
f 2396/2396/2396 2398/2398/2398 2399/2399/2399 
f 2400/2400/2400 2401/2401/2401 2402/2402/2402 
f 2400/2400/2400 2403/2403/2403 2401/2401/2401 
f 2404/2404/2404 2405/2405/2405 2406/2406/2406 
f 2404/2404/2404 2407/2407/2407 2405/2405/2405 
f 2408/2408/2408 2409/2409/2409 2410/2410/2410 
f 2409/2409/2409 2408/2408/2408 2411/2411/2411 
f 2408/2408/2408 2410/2410/2410 2412/2412/2412 
f 2413/2413/2413 2412/2412/2412 2410/2410/2410 
f 2414/2414/2414 2415/2415/2415 2416/2416/2416 
f 2416/2416/2416 2415/2415/2415 2417/2417/2417 
f 2418/2418/2418 2417/2417/2417 2415/2415/2415 
f 2417/2417/2417 2418/2418/2418 2419/2419/2419 
f 2420/2420/2420 2421/2421/2421 2422/2422/2422 
f 2423/2423/2423 2420/2420/2420 2422/2422/2422 
f 2424/2424/2424 2425/2425/2425 2426/2426/2426 
f 2427/2427/2427 2424/2424/2424 2426/2426/2426 
f 2428/2428/2428 2429/2429/2429 2430/2430/2430 
f 2429/2429/2429 2431/2431/2431 2430/2430/2430 
f 2432/2432/2432 2433/2433/2433 2434/2434/2434 
f 2433/2433/2433 2432/2432/2432 2435/2435/2435 
f 2436/2436/2436 2437/2437/2437 2438/2438/2438 
f 2438/2438/2438 2437/2437/2437 2439/2439/2439 
f 2440/2440/2440 2441/2441/2441 2442/2442/2442 
f 2441/2441/2441 2440/2440/2440 2443/2443/2443 
f 2444/2444/2444 2445/2445/2445 2446/2446/2446 
f 2446/2446/2446 2445/2445/2445 2447/2447/2447 
f 2448/2448/2448 2449/2449/2449 2450/2450/2450 
f 2449/2449/2449 2448/2448/2448 2451/2451/2451 
f 2452/2452/2452 2453/2453/2453 2454/2454/2454 
f 2452/2452/2452 2454/2454/2454 2455/2455/2455 
f 2456/2456/2456 2457/2457/2457 2458/2458/2458 
f 2456/2456/2456 2459/2459/2459 2457/2457/2457 
f 2460/2460/2460 2461/2461/2461 2462/2462/2462 
f 2463/2463/2463 2460/2460/2460 2462/2462/2462 
f 2464/2464/2464 2465/2465/2465 2466/2466/2466 
f 2464/2464/2464 2466/2466/2466 2467/2467/2467 
f 2467/2467/2467 2466/2466/2466 2468/2468/2468 
f 2464/2464/2464 2467/2467/2467 2469/2469/2469 
f 2470/2470/2470 2471/2471/2471 2472/2472/2472 
f 2473/2473/2473 2471/2471/2471 2470/2470/2470 
f 2474/2474/2474 2475/2475/2475 2476/2476/2476 
f 2474/2474/2474 2477/2477/2477 2475/2475/2475 
f 2478/2478/2478 2479/2479/2479 2480/2480/2480 
f 2481/2481/2481 2480/2480/2480 2479/2479/2479 
f 2482/2482/2482 2483/2483/2483 2484/2484/2484 
f 2484/2484/2484 2483/2483/2483 2485/2485/2485 
f 2486/2486/2486 2487/2487/2487 2488/2488/2488 
f 2487/2487/2487 2486/2486/2486 2489/2489/2489 
f 2490/2490/2490 2491/2491/2491 2492/2492/2492 
f 2490/2490/2490 2492/2492/2492 2493/2493/2493 
f 2492/2492/2492 2491/2491/2491 2494/2494/2494 
f 2494/2494/2494 2491/2491/2491 2495/2495/2495 
f 2496/2496/2496 2497/2497/2497 2498/2498/2498 
f 2498/2498/2498 2497/2497/2497 2499/2499/2499 
f 2499/2499/2499 2500/2500/2500 2501/2501/2501 
f 2502/2502/2502 2499/2499/2499 2501/2501/2501 
f 2501/2501/2501 2503/2503/2503 2504/2504/2504 
f 2505/2505/2505 2501/2501/2501 2504/2504/2504 
f 2501/2501/2501 2505/2505/2505 2502/2502/2502 
f 2506/2506/2506 2502/2502/2502 2505/2505/2505 
f 2502/2502/2502 2506/2506/2506 2507/2507/2507 
f 2508/2508/2508 2509/2509/2509 2510/2510/2510 
f 2509/2509/2509 2508/2508/2508 2511/2511/2511 
f 2512/2512/2512 2513/2513/2513 2514/2514/2514 
f 2513/2513/2513 2512/2512/2512 2515/2515/2515 
f 2516/2516/2516 2517/2517/2517 2518/2518/2518 
f 2518/2518/2518 2517/2517/2517 2519/2519/2519 

g Union201

v 321 25 155.5 
v 321 24 155.5 
v 321 25 70.5 
v 321 24 70.5 
v 256 25 171.5 
v 256 24 155.5 
v 256 25 155.5 
v 256 24 171.5 
v 219 25 140.5 
v 219 24 140.5 
v 219 25 120.5 
v 219 24 120.5 
v 205 24 155.5 
v 205 25 330.5 
v 205 24 330.5 
v 205 25 155.5 
v 182 24 120.5 
v 182 24 85.5 
v 182 25 85.5 
v 182 25 120.5 
v 80 24 130.5 
v 129 25 130.5 
v 80 24 145.5 
v 80 25 187.5 
v 128 24 130.5 
v 128 25 100.5 
v 128 25 130.5 
v 128 24 100.5 
v 128 24 145.5 
v 129 25 145.5 
v 100 24 187.5 
v 100 24 145.5 
v 100 25 145.5 
v 100 25 187.5 
v 80 24 355.5 
v 80 24 330.5 
v 80 25 355.5 
v 80 25 330.5 
v 80 25 295.5 
v 80 24 295.5 
v 80 24 250.5 
v 80 25 250.5 
v 60 24 145.5 
v 60 25 161.5 
v 60 24 161.5 
v 60 25 145.5 
v 23 25 161.5 
v 23 24 145.5 
v 23 25 145.5 
v 23 24 161.5 
v 13 25 250.5 
v 13 24 219.5 
v 13 25 219.5 
v 13 24 250.5 
v -10 25 187.5 
v -10 24 145.5 
v -10 25 145.5 
v -10 24 187.5 
v -59 25 340.5 
v -59 24 340.5 
v -59 24 265.5 
v -59 25 265.5 
v 321 25 155.5 
v 321 24 70.5 
v -74 24 355.5 
v -74 25 250.5 
v 80 25 355.5 
v 256 25 171.5 
v 256 24 155.5 
v 205 25 330.5 
v 80 25 330.5 
v 80 24 330.5 
v -40 24 145.5 
v -40 25 130.5 
v -25 24 249.5 
v -25 25 219.5 
v -25 25 145.5 
v -25 24 187.5 
v -25 24 145.5 
v 219 25 140.5 
v 219 24 120.5 
v 182 25 70.5 
v 167 25 70.5 
v 3 24 249.5 
v 3 24 250.5 
v 205 24 155.5 
v 205 25 155.5 
v 10 25 145.5 
v 10 24 161.5 
v 10 24 145.5 
v 128 25 100.5 
v 80 25 100.5 
v -59 24 265.5 
v 65 25 265.5 
v 182 24 85.5 
v 182 25 120.5 
v 167 24 120.5 
v 129 25 120.5 
v 47 24 145.5 
v 47 24 161.5 
v 47 25 145.5 
v 80 24 130.5 
v 128 25 130.5 
v 129 25 130.5 
v 130 24 233 
v 190 25 233 
v 306 24 140.5 
v 65 24 340.5 
v 80 24 145.5 
v 80 25 145.5 
v 80 24 187.5 
v -10 25 187.5 
v 100 25 187.5 
v 190 24 295.5 
v 80 24 250.5 
v -59 24 340.5 
v 13 24 250.5 
v 13 24 219.5 
v 190 24 218 
v 129 24 155.5 
v 231 24 171.5 
v 128 24 145.5 
v 100 24 145.5 
v 60 24 145.5 
v 23 24 145.5 
v -10 24 145.5 
v 80 25 330.5 
v 205 25 330.5 
v 80 25 295.5 
v 190 25 295.5 
v 190 25 233 
v 65 25 265.5 
v 80 25 250.5 
v 80 25 355.5 
v 190 25 218 
v 130 25 218 
v 130 25 233 
v 190 25 155.5 
v 205 25 155.5 
v 65 25 340.5 
v -74 25 355.5 
v -59 25 340.5 
v -74 25 250.5 
v -59 25 265.5 
v 3 25 250.5 
v 13 25 250.5 
v 3 25 249.5 
v -25 25 219.5 
v 13 25 219.5 
v -25 25 249.5 
v 129 25 155.5 
v 129 25 145.5 
v 129 25 130.5 
v 128 25 130.5 
v 128 25 145.5 
v 129 25 120.5 
v 100 25 145.5 
v 128 25 100.5 
v 80 25 100.5 
v 100 25 187.5 
v 80 25 130.5 
v 80 25 145.5 
v 80 25 187.5 
v -40 25 130.5 
v 60 25 145.5 
v 47 25 145.5 
v 60 25 161.5 
v 47 25 161.5 
v 23 25 145.5 
v 10 25 145.5 
v 23 25 161.5 
v 10 25 161.5 
v -10 25 145.5 
v -25 25 145.5 
v -40 25 145.5 
v -10 25 187.5 
v -25 25 187.5 
v 219 25 140.5 
v 219 25 120.5 
v 182 25 120.5 
v 167 25 120.5 
v 167 25 70.5 
v 182 25 85.5 
v 182 25 70.5 
v 306 25 85.5 
v 321 25 70.5 
v 306 25 140.5 
v 321 25 155.5 
v 256 25 155.5 
v 231 25 155.5 
v 256 25 171.5 
v 231 25 171.5 
v 321 25 155.5 
v -74 25 355.5 
v 80 24 355.5 
v 80 25 355.5 
v -74 24 355.5 
v 205 25 330.5 
v 80 25 330.5 
v 205 24 330.5 
v 80 24 330.5 
v 205 25 155.5 
v -59 24 265.5 
v 65 24 265.5 
v 65 25 265.5 
v -59 25 265.5 
v 3 25 249.5 
v -25 25 249.5 
v -25 24 249.5 
v 3 24 249.5 
v 130 24 233 
v 190 24 233 
v 130 25 233 
v 190 25 233 
v -25 24 187.5 
v -10 24 187.5 
v -25 25 187.5 
v -10 25 187.5 
v 80 24 187.5 
v 100 24 187.5 
v 80 25 187.5 
v 100 25 187.5 
v 231 25 155.5 
v 231 25 171.5 
v 256 24 171.5 
v 256 25 171.5 
v 231 24 171.5 
v 10 24 161.5 
v 23 24 161.5 
v 10 25 161.5 
v 23 25 161.5 
v 47 24 161.5 
v 60 24 161.5 
v 47 25 161.5 
v 60 25 161.5 
v 190 25 155.5 
v 129 25 155.5 
v 129 24 155.5 
v 190 24 155.5 
v 205 24 155.5 
v 231 24 155.5 
v 231 25 155.5 
v 205 25 155.5 
v 256 24 155.5 
v 321 24 155.5 
v 256 25 155.5 
v 321 25 155.5 
v 23 25 145.5 
v 47 24 145.5 
v 47 25 145.5 
v 23 24 145.5 
v 60 24 145.5 
v 80 24 145.5 
v 60 25 145.5 
v 80 25 145.5 
v -10 24 145.5 
v 10 24 145.5 
v -10 25 145.5 
v 10 25 145.5 
v -40 24 145.5 
v -25 24 145.5 
v -40 25 145.5 
v -25 25 145.5 
v 100 25 145.5 
v 128 24 145.5 
v 128 25 145.5 
v 100 24 145.5 
v 129 24 145.5 
v 129 25 145.5 
v 306 24 85.5 
v 182 25 85.5 
v 182 24 85.5 
v 306 25 85.5 
v -74 24 250.5 
v -74 24 355.5 
v -74 25 250.5 
v -74 25 355.5 
v -40 24 130.5 
v -40 24 145.5 
v -40 25 130.5 
v -40 25 145.5 
v -25 24 219.5 
v -25 24 249.5 
v -25 25 219.5 
v -25 25 249.5 
v -25 25 145.5 
v -25 24 187.5 
v -25 25 187.5 
v -25 24 145.5 
v 3 24 249.5 
v 3 24 250.5 
v 3 25 249.5 
v 3 25 250.5 
v 10 25 145.5 
v 10 24 161.5 
v 10 25 161.5 
v 10 24 145.5 
v 47 24 145.5 
v 47 24 161.5 
v 47 25 145.5 
v 47 25 161.5 
v 80 24 130.5 
v 128 25 130.5 
v 65 24 265.5 
v 65 24 340.5 
v 65 25 265.5 
v 65 25 340.5 
v 80 25 130.5 
v 80 25 100.5 
v 80 24 100.5 
v 80 24 130.5 
v 80 24 145.5 
v 80 25 187.5 
v 80 25 145.5 
v 80 24 187.5 
v 128 24 145.5 
v 129 25 145.5 
v 129 24 145.5 
v 129 25 155.5 
v 129 25 145.5 
v 129 24 155.5 
v 129 25 130.5 
v 129 25 120.5 
v 129 24 120.5 
v 129 24 130.5 
v 130 24 218 
v 130 24 233 
v 130 25 218 
v 130 25 233 
v 167 25 70.5 
v 167 24 120.5 
v 167 25 120.5 
v 167 24 70.5 
v 190 24 233 
v 190 24 295.5 
v 190 25 233 
v 190 25 295.5 
v 190 24 155.5 
v 190 24 218 
v 190 25 155.5 
v 190 25 218 
v 231 25 155.5 
v 231 24 171.5 
v 231 25 171.5 
v 231 24 155.5 
v 306 24 140.5 
v 306 25 85.5 
v 306 24 85.5 
v 306 25 140.5 
v 321 25 155.5 
v 321 24 70.5 
v -74 24 355.5 
v -74 25 250.5 
v 80 25 355.5 
v 256 25 171.5 
v 256 24 155.5 
v 205 25 330.5 
v 80 25 330.5 
v 80 24 330.5 
v -40 24 145.5 
v -40 25 130.5 
v -25 24 249.5 
v -25 25 219.5 
v -25 25 145.5 
v -25 24 187.5 
v -25 24 145.5 
v 219 25 140.5 
v 219 24 120.5 
v 182 25 70.5 
v 167 25 70.5 
v 3 24 249.5 
v 3 24 250.5 
v 205 24 155.5 
v 205 25 155.5 
v 10 25 145.5 
v 10 24 161.5 
v 10 24 145.5 
v 128 25 100.5 
v 80 25 100.5 
v -59 24 265.5 
v 65 25 265.5 
v 182 24 85.5 
v 182 25 120.5 
v 167 24 120.5 
v 129 25 120.5 
v 47 24 145.5 
v 47 24 161.5 
v 47 25 145.5 
v 80 24 130.5 
v 128 25 130.5 
v 129 25 130.5 
v 130 24 233 
v 190 25 233 
v 306 24 140.5 
v 65 24 340.5 
v 80 24 145.5 
v 80 25 145.5 
v 80 24 187.5 
v -10 25 187.5 
v 100 25 187.5 
v 205 24 330.5 
v 80 24 330.5 
v 190 24 295.5 
v 205 24 155.5 
v 80 24 295.5 
v 190 24 233 
v 65 24 340.5 
v 80 24 355.5 
v 80 24 250.5 
v -74 24 355.5 
v 65 24 265.5 
v -59 24 340.5 
v -74 24 250.5 
v -59 24 265.5 
v 13 24 250.5 
v 3 24 250.5 
v 3 24 249.5 
v 13 24 219.5 
v -25 24 249.5 
v -25 24 219.5 
v 190 24 218 
v 130 24 233 
v 130 24 218 
v 190 24 155.5 
v 219 24 120.5 
v 129 24 155.5 
v 219 24 140.5 
v 231 24 155.5 
v 182 24 120.5 
v 306 24 140.5 
v 167 24 120.5 
v 256 24 155.5 
v 231 24 171.5 
v 256 24 171.5 
v 321 24 155.5 
v 306 24 85.5 
v 321 24 70.5 
v 182 24 85.5 
v 182 24 70.5 
v 167 24 70.5 
v 129 24 145.5 
v 129 24 130.5 
v 129 24 120.5 
v 128 24 145.5 
v 128 24 130.5 
v 100 24 145.5 
v 128 24 100.5 
v 80 24 100.5 
v 80 24 130.5 
v 100 24 187.5 
v 80 24 187.5 
v 80 24 145.5 
v 60 24 145.5 
v 60 24 161.5 
v 47 24 161.5 
v 47 24 145.5 
v 23 24 145.5 
v 23 24 161.5 
v 10 24 161.5 
v 10 24 145.5 
v -10 24 145.5 
v -10 24 187.5 
v -25 24 187.5 
v -25 24 145.5 
v -40 24 145.5 
v -40 24 130.5 
v 167 24 70.5 
v 182 25 70.5 
v 182 24 70.5 
v 167 25 70.5 
v 321 25 70.5 
v 321 24 70.5 
v 128 25 100.5 
v 80 24 100.5 
v 80 25 100.5 
v 128 24 100.5 
v 219 25 120.5 
v 219 24 120.5 
v 182 25 120.5 
v 182 24 120.5 
v 167 24 120.5 
v 129 24 120.5 
v 129 25 120.5 
v 167 25 120.5 
v 80 25 130.5 
v 80 24 130.5 
v -40 24 130.5 
v -40 25 130.5 
v 128 24 130.5 
v 128 25 130.5 
v 129 25 130.5 
v 129 24 130.5 
v 306 24 140.5 
v 219 24 140.5 
v 306 25 140.5 
v 219 25 140.5 
v 190 24 218 
v 130 24 218 
v 190 25 218 
v 130 25 218 
v 13 25 219.5 
v -25 24 219.5 
v -25 25 219.5 
v 13 24 219.5 
v 80 24 250.5 
v 13 24 250.5 
v 13 25 250.5 
v 80 25 250.5 
v 3 25 250.5 
v 3 24 250.5 
v -74 25 250.5 
v -74 24 250.5 
v 80 25 295.5 
v 190 24 295.5 
v 80 24 295.5 
v 190 25 295.5 
v 65 25 340.5 
v 65 24 340.5 
v -59 25 340.5 
v -59 24 340.5 

vn 1 0 0 
vn 1 0 0 
vn 1 0 0 
vn 1 0 0 
vn 1 0 0 
vn 1 0 0 
vn 1 0 0 
vn 1 0 0 
vn 1 0 0 
vn 1 0 0 
vn 1 0 0 
vn 1 0 0 
vn 1 0 0 
vn 1 0 0 
vn 1 0 0 
vn 1 0 0 
vn 1 0 0 
vn 1 0 0 
vn 1 0 0 
vn 1 0 0 
vn 0 0 -1 
vn 0 0 -1 
vn -1 0 0 
vn -1 0 0 
vn 1 0 0 
vn 1 0 0 
vn 1 0 0 
vn 1 0 0 
vn 0 -1 0 
vn 0 1 0 
vn 1 0 0 
vn 1 0 0 
vn 1 0 0 
vn 1 0 0 
vn 1 0 0 
vn 1 0 0 
vn 1 0 0 
vn 1 0 0 
vn 1 0 0 
vn 1 0 0 
vn 1 0 0 
vn 1 0 0 
vn 1 0 0 
vn 1 0 0 
vn 1 0 0 
vn 1 0 0 
vn 1 0 0 
vn 1 0 0 
vn 1 0 0 
vn 1 0 0 
vn 1 0 0 
vn 1 0 0 
vn 1 0 0 
vn 1 0 0 
vn 1 0 0 
vn 1 0 0 
vn 1 0 0 
vn 1 0 0 
vn 1 0 0 
vn 1 0 0 
vn 1 0 0 
vn 1 0 0 
vn 1 0 0 
vn 1 0 0 
vn -1 0 0 
vn -1 0 0 
vn 0 0 1 
vn 1 0 0 
vn 1 0 0 
vn 0 0 1 
vn 0 0 1 
vn 0 0 1 
vn -1 0 0 
vn -1 0 0 
vn -1 0 0 
vn -1 0 0 
vn -1 0 0 
vn -1 0 0 
vn -1 0 0 
vn 1 0 0 
vn 1 0 0 
vn 0 0 -1 
vn 0 0 -1 
vn -1 0 0 
vn -1 0 0 
vn 1 0 0 
vn 1 0 0 
vn -1 0 0 
vn -1 0 0 
vn -1 0 0 
vn 0 0 -1 
vn 0 0 -1 
vn 0 0 1 
vn 0 0 1 
vn 1 0 0 
vn 1 0 0 
vn 0 0 -1 
vn 0 0 -1 
vn -1 0 0 
vn -1 0 0 
vn -1 0 0 
vn 0 0 -1 
vn 0 0 -1 
vn 0 0 -1 
vn 0 0 1 
vn 0 0 1 
vn 0 0 -1 
vn -1 0 0 
vn -1 0 0 
vn -1 0 0 
vn -1 0 0 
vn 0 0 1 
vn 0 0 1 
vn 0 -1 0 
vn 0 -1 0 
vn 0 -1 0 
vn 0 -1 0 
vn 0 -1 0 
vn 0 -1 0 
vn 0 -1 0 
vn 0 -1 0 
vn 0 -1 0 
vn 0 -1 0 
vn 0 -1 0 
vn 0 -1 0 
vn 0 -1 0 
vn 0 1 0 
vn 0 1 0 
vn 0 1 0 
vn 0 1 0 
vn 0 1 0 
vn 0 1 0 
vn 0 1 0 
vn 0 1 0 
vn 0 1 0 
vn 0 1 0 
vn 0 1 0 
vn 0 1 0 
vn 0 1 0 
vn 0 1 0 
vn 0 1 0 
vn 0 1 0 
vn 0 1 0 
vn 0 1 0 
vn 0 1 0 
vn 0 1 0 
vn 0 1 0 
vn 0 1 0 
vn 0 1 0 
vn 0 1 0 
vn 0 1 0 
vn 0 1 0 
vn 0 1 0 
vn 0 1 0 
vn 0 1 0 
vn 0 1 0 
vn 0 1 0 
vn 0 1 0 
vn 0 1 0 
vn 0 1 0 
vn 0 1 0 
vn 0 1 0 
vn 0 1 0 
vn 0 1 0 
vn 0 1 0 
vn 0 1 0 
vn 0 1 0 
vn 0 1 0 
vn 0 1 0 
vn 0 1 0 
vn 0 1 0 
vn 0 1 0 
vn 0 1 0 
vn 0 1 0 
vn 0 1 0 
vn 0 1 0 
vn 0 1 0 
vn 0 1 0 
vn 0 1 0 
vn 0 1 0 
vn 0 1 0 
vn 0 1 0 
vn 0 1 0 
vn 0 1 0 
vn 0 1 0 
vn 0 1 0 
vn 0 1 0 
vn 0 1 0 
vn 0 1 0 
vn 0 1 0 
vn 0 1 0 
vn 0 1 0 
vn 1 0 0 
vn 0 0 1 
vn 0 0 1 
vn 0 0 1 
vn 0 0 1 
vn 0 0 1 
vn 0 0 1 
vn 0 0 1 
vn 0 0 1 
vn 1 0 0 
vn 0 0 1 
vn 0 0 1 
vn 0 0 1 
vn 0 0 1 
vn 0 0 1 
vn 0 0 1 
vn 0 0 1 
vn 0 0 1 
vn 0 0 1 
vn 0 0 1 
vn 0 0 1 
vn 0 0 1 
vn 0 0 1 
vn 0 0 1 
vn 0 0 1 
vn 0 0 1 
vn 0 0 1 
vn 0 0 1 
vn 0 0 1 
vn 0 0 1 
vn 0 1 0 
vn 0 0 1 
vn 0 0 1 
vn 0 0 1 
vn 0 0 1 
vn 0 0 1 
vn 0 0 1 
vn 0 0 1 
vn 0 0 1 
vn 0 0 1 
vn 0 0 1 
vn 0 0 1 
vn 0 0 1 
vn 0 0 1 
vn 0 0 1 
vn 0 0 1 
vn 0 0 1 
vn 0 0 1 
vn 0 0 1 
vn 0 0 1 
vn 0 0 1 
vn 0 0 1 
vn 0 0 1 
vn 0 0 1 
vn 0 0 1 
vn 0 0 1 
vn 0 0 1 
vn 0 0 1 
vn 0 0 1 
vn 0 0 1 
vn 0 0 1 
vn 0 0 1 
vn 0 0 1 
vn 0 0 1 
vn 0 0 1 
vn 0 0 1 
vn 0 0 1 
vn 0 0 1 
vn 0 0 1 
vn 0 0 1 
vn 0 0 1 
vn 0 0 1 
vn 0 0 1 
vn 0 0 1 
vn 0 0 1 
vn 0 0 1 
vn 0 0 1 
vn 0 0 1 
vn 0 0 1 
vn 0 0 1 
vn 0 0 1 
vn -1 0 0 
vn -1 0 0 
vn -1 0 0 
vn -1 0 0 
vn -1 0 0 
vn -1 0 0 
vn -1 0 0 
vn -1 0 0 
vn -1 0 0 
vn -1 0 0 
vn -1 0 0 
vn -1 0 0 
vn -1 0 0 
vn -1 0 0 
vn -1 0 0 
vn -1 0 0 
vn -1 0 0 
vn -1 0 0 
vn -1 0 0 
vn -1 0 0 
vn -1 0 0 
vn -1 0 0 
vn -1 0 0 
vn -1 0 0 
vn -1 0 0 
vn -1 0 0 
vn -1 0 0 
vn -1 0 0 
vn 0 0 -1 
vn 0 0 -1 
vn -1 0 0 
vn -1 0 0 
vn -1 0 0 
vn -1 0 0 
vn -1 0 0 
vn -1 0 0 
vn -1 0 0 
vn -1 0 0 
vn -1 0 0 
vn -1 0 0 
vn -1 0 0 
vn -1 0 0 
vn 0 -1 0 
vn 0 1 0 
vn -1 0 0 
vn -1 0 0 
vn -1 0 0 
vn -1 0 0 
vn -1 0 0 
vn -1 0 0 
vn -1 0 0 
vn -1 0 0 
vn -1 0 0 
vn -1 0 0 
vn -1 0 0 
vn -1 0 0 
vn -1 0 0 
vn -1 0 0 
vn -1 0 0 
vn -1 0 0 
vn -1 0 0 
vn -1 0 0 
vn -1 0 0 
vn -1 0 0 
vn -1 0 0 
vn -1 0 0 
vn -1 0 0 
vn -1 0 0 
vn -1 0 0 
vn -1 0 0 
vn -1 0 0 
vn -1 0 0 
vn -1 0 0 
vn -1 0 0 
vn -1 0 0 
vn -1 0 0 
vn 1 0 0 
vn 1 0 0 
vn -1 0 0 
vn -1 0 0 
vn 0 0 1 
vn 1 0 0 
vn 1 0 0 
vn 0 0 1 
vn 0 0 1 
vn 0 0 1 
vn -1 0 0 
vn -1 0 0 
vn -1 0 0 
vn -1 0 0 
vn -1 0 0 
vn -1 0 0 
vn -1 0 0 
vn 1 0 0 
vn 1 0 0 
vn 0 0 -1 
vn 0 0 -1 
vn -1 0 0 
vn -1 0 0 
vn 1 0 0 
vn 1 0 0 
vn -1 0 0 
vn -1 0 0 
vn -1 0 0 
vn 0 0 -1 
vn 0 0 -1 
vn 0 0 1 
vn 0 0 1 
vn 1 0 0 
vn 1 0 0 
vn 0 0 -1 
vn 0 0 -1 
vn -1 0 0 
vn -1 0 0 
vn -1 0 0 
vn 0 0 -1 
vn 0 0 -1 
vn 0 0 -1 
vn 0 0 1 
vn 0 0 1 
vn 0 0 -1 
vn -1 0 0 
vn -1 0 0 
vn -1 0 0 
vn -1 0 0 
vn 0 0 1 
vn 0 0 1 
vn 0 -1 0 
vn 0 -1 0 
vn 0 -1 0 
vn 0 -1 0 
vn 0 -1 0 
vn 0 -1 0 
vn 0 -1 0 
vn 0 -1 0 
vn 0 -1 0 
vn 0 -1 0 
vn 0 -1 0 
vn 0 -1 0 
vn 0 -1 0 
vn 0 -1 0 
vn 0 -1 0 
vn 0 -1 0 
vn 0 -1 0 
vn 0 -1 0 
vn 0 -1 0 
vn 0 -1 0 
vn 0 -1 0 
vn 0 -1 0 
vn 0 -1 0 
vn 0 -1 0 
vn 0 -1 0 
vn 0 -1 0 
vn 0 -1 0 
vn 0 -1 0 
vn 0 -1 0 
vn 0 -1 0 
vn 0 -1 0 
vn 0 -1 0 
vn 0 -1 0 
vn 0 -1 0 
vn 0 -1 0 
vn 0 -1 0 
vn 0 -1 0 
vn 0 -1 0 
vn 0 -1 0 
vn 0 -1 0 
vn 0 -1 0 
vn 0 -1 0 
vn 0 -1 0 
vn 0 -1 0 
vn 0 -1 0 
vn 0 -1 0 
vn 0 -1 0 
vn 0 -1 0 
vn 0 -1 0 
vn 0 -1 0 
vn 0 -1 0 
vn 0 -1 0 
vn 0 -1 0 
vn 0 -1 0 
vn 0 -1 0 
vn 0 -1 0 
vn 0 -1 0 
vn 0 -1 0 
vn 0 -1 0 
vn 0 -1 0 
vn 0 -1 0 
vn 0 -1 0 
vn 0 -1 0 
vn 0 -1 0 
vn 0 -1 0 
vn 0 -1 0 
vn 0 0 -1 
vn 0 0 -1 
vn 0 0 -1 
vn 0 0 -1 
vn 0 0 -1 
vn 0 0 -1 
vn 0 0 -1 
vn 0 0 -1 
vn 0 0 -1 
vn 0 0 -1 
vn 0 0 -1 
vn 0 0 -1 
vn 0 0 -1 
vn 0 0 -1 
vn 0 0 -1 
vn 0 0 -1 
vn 0 0 -1 
vn 0 0 -1 
vn 0 0 -1 
vn 0 0 -1 
vn 0 0 -1 
vn 0 0 -1 
vn 0 0 -1 
vn 0 0 -1 
vn 0 0 -1 
vn 0 0 -1 
vn 0 0 -1 
vn 0 0 -1 
vn 0 0 -1 
vn 0 0 -1 
vn 0 0 -1 
vn 0 0 -1 
vn 0 0 -1 
vn 0 0 -1 
vn 0 0 -1 
vn 0 0 -1 
vn 0 0 -1 
vn 0 0 -1 
vn 0 0 -1 
vn 0 0 -1 
vn 0 0 -1 
vn 0 0 -1 
vn 0 0 -1 
vn 0 0 -1 
vn 0 0 -1 
vn 0 0 -1 
vn 0 0 -1 
vn 0 0 -1 
vn 0 0 -1 
vn 0 0 -1 
vn 0 0 -1 
vn 0 0 -1 
vn 0 0 -1 
vn 0 0 -1 

vt 59.1875 -20.9375 
vt 59.1875 -21.0625 
vt 69.8125 -20.9375 
vt 69.8125 -21.0625 
vt 57.1875 -20.9375 
vt 59.1875 -21.0625 
vt 59.1875 -20.9375 
vt 57.1875 -21.0625 
vt 61.0625 -20.9375 
vt 61.0625 -21.0625 
vt 63.5625 -20.9375 
vt 63.5625 -21.0625 
vt 59.1875 -21.0625 
vt 37.3125 -20.9375 
vt 37.3125 -21.0625 
vt 59.1875 -20.9375 
vt 63.5625 -21.0625 
vt 67.9375 -21.0625 
vt 67.9375 -20.9375 
vt 63.5625 -20.9375 
vt 62.3125 -21.0625 
vt 62.3125 -20.9375 
vt 60.4375 -21.0625 
vt 55.1875 -20.9375 
vt 62.3125 -21.0625 
vt 66.0625 -20.9375 
vt 62.3125 -20.9375 
vt 66.0625 -21.0625 
vt 60.4375 -21.0625 
vt 60.4375 -20.9375 
vt 55.1875 -21.0625 
vt 60.4375 -21.0625 
vt 60.4375 -20.9375 
vt 55.1875 -20.9375 
vt 34.1875 -21.0625 
vt 37.3125 -21.0625 
vt 34.1875 -20.9375 
vt 37.3125 -20.9375 
vt 41.6875 -20.9375 
vt 41.6875 -21.0625 
vt 47.3125 -21.0625 
vt 47.3125 -20.9375 
vt 60.4375 -21.0625 
vt 58.4375 -20.9375 
vt 58.4375 -21.0625 
vt 60.4375 -20.9375 
vt 58.4375 -20.9375 
vt 60.4375 -21.0625 
vt 60.4375 -20.9375 
vt 58.4375 -21.0625 
vt 47.3125 -20.9375 
vt 51.1875 -21.0625 
vt 51.1875 -20.9375 
vt 47.3125 -21.0625 
vt 55.1875 -20.9375 
vt 60.4375 -21.0625 
vt 60.4375 -20.9375 
vt 55.1875 -21.0625 
vt 36.0625 -20.9375 
vt 36.0625 -21.0625 
vt 45.4375 -21.0625 
vt 45.4375 -20.9375 
vt 27.3125 -28.1875 
vt 27.3125 -38.8125 
vt 76.6875 -3.1875 
vt 76.6875 -16.3125 
vt 57.4375 -3.1875 
vt 35.4375 -26.1875 
vt 35.4375 -28.1875 
vt 41.8125 -6.3125 
vt 57.4375 -6.3125 
vt 57.4375 -6.3125 
vt 72.4375 -29.4375 
vt 72.4375 -31.3125 
vt 70.5625 -16.4375 
vt 70.5625 -20.1875 
vt 70.5625 -29.4375 
vt 70.5625 -24.1875 
vt 70.5625 -29.4375 
vt 40.0625 -30.0625 
vt 40.0625 -32.5625 
vt 44.6875 -38.8125 
vt 46.5625 -38.8125 
vt 67.0625 -16.4375 
vt 67.0625 -16.3125 
vt 41.8125 -28.1875 
vt 41.8125 -28.1875 
vt 66.1875 -29.4375 
vt 66.1875 -27.4375 
vt 66.1875 -29.4375 
vt 51.4375 -35.0625 
vt 57.4375 -35.0625 
vt 74.8125 -14.4375 
vt 59.3125 -14.4375 
vt 44.6875 -36.9375 
vt 44.6875 -32.5625 
vt 46.5625 -32.5625 
vt 51.3125 -32.5625 
vt 61.5625 -29.4375 
vt 61.5625 -27.4375 
vt 61.5625 -29.4375 
vt 57.4375 -31.3125 
vt 51.4375 -31.3125 
vt 51.3125 -31.3125 
vt 51.1875 -18.5 
vt 43.6875 -18.5 
vt 29.1875 -30.0625 
vt 59.3125 -5.0625 
vt 57.4375 -29.4375 
vt 57.4375 -29.4375 
vt 57.4375 -24.1875 
vt 68.6875 -24.1875 
vt 54.9375 -24.1875 
vt 43.6875 -10.6875 
vt 57.4375 -16.3125 
vt 74.8125 -5.0625 
vt 65.8125 -16.3125 
vt 65.8125 -20.1875 
vt 43.6875 -20.375 
vt 51.3125 -28.1875 
vt 38.5625 -26.1875 
vt 51.4375 -29.4375 
vt 54.9375 -29.4375 
vt 59.9375 -29.4375 
vt 64.5625 -29.4375 
vt 68.6875 -29.4375 
vt 57.4375 -6.3125 
vt 41.8125 -6.3125 
vt 57.4375 -10.6875 
vt 43.6875 -10.6875 
vt 43.6875 -18.5 
vt 59.3125 -14.4375 
vt 57.4375 -16.3125 
vt 57.4375 -3.1875 
vt 43.6875 -20.375 
vt 51.1875 -20.375 
vt 51.1875 -18.5 
vt 43.6875 -28.1875 
vt 41.8125 -28.1875 
vt 59.3125 -5.0625 
vt 76.6875 -3.1875 
vt 74.8125 -5.0625 
vt 76.6875 -16.3125 
vt 74.8125 -14.4375 
vt 67.0625 -16.3125 
vt 65.8125 -16.3125 
vt 67.0625 -16.4375 
vt 70.5625 -20.1875 
vt 65.8125 -20.1875 
vt 70.5625 -16.4375 
vt 51.3125 -28.1875 
vt 51.3125 -29.4375 
vt 51.3125 -31.3125 
vt 51.4375 -31.3125 
vt 51.4375 -29.4375 
vt 51.3125 -32.5625 
vt 54.9375 -29.4375 
vt 51.4375 -35.0625 
vt 57.4375 -35.0625 
vt 54.9375 -24.1875 
vt 57.4375 -31.3125 
vt 57.4375 -29.4375 
vt 57.4375 -24.1875 
vt 72.4375 -31.3125 
vt 59.9375 -29.4375 
vt 61.5625 -29.4375 
vt 59.9375 -27.4375 
vt 61.5625 -27.4375 
vt 64.5625 -29.4375 
vt 66.1875 -29.4375 
vt 64.5625 -27.4375 
vt 66.1875 -27.4375 
vt 68.6875 -29.4375 
vt 70.5625 -29.4375 
vt 72.4375 -29.4375 
vt 68.6875 -24.1875 
vt 70.5625 -24.1875 
vt 40.0625 -30.0625 
vt 40.0625 -32.5625 
vt 44.6875 -32.5625 
vt 46.5625 -32.5625 
vt 46.5625 -38.8125 
vt 44.6875 -36.9375 
vt 44.6875 -38.8125 
vt 29.1875 -36.9375 
vt 27.3125 -38.8125 
vt 29.1875 -30.0625 
vt 27.3125 -28.1875 
vt 35.4375 -28.1875 
vt 38.5625 -28.1875 
vt 35.4375 -26.1875 
vt 38.5625 -26.1875 
vt 76.6875 -20.9375 
vt 27.3125 -20.9375 
vt 46.5625 -21.0625 
vt 46.5625 -20.9375 
vt 27.3125 -21.0625 
vt 62.1875 -20.9375 
vt 46.5625 -20.9375 
vt 62.1875 -21.0625 
vt 46.5625 -21.0625 
vt 62.1875 -20.9375 
vt 29.1875 -21.0625 
vt 44.6875 -21.0625 
vt 44.6875 -20.9375 
vt 29.1875 -20.9375 
vt 36.9375 -20.9375 
vt 33.4375 -20.9375 
vt 33.4375 -21.0625 
vt 36.9375 -21.0625 
vt 52.8125 -21.0625 
vt 60.3125 -21.0625 
vt 52.8125 -20.9375 
vt 60.3125 -20.9375 
vt 33.4375 -21.0625 
vt 35.3125 -21.0625 
vt 33.4375 -20.9375 
vt 35.3125 -20.9375 
vt 46.5625 -21.0625 
vt 49.0625 -21.0625 
vt 46.5625 -20.9375 
vt 49.0625 -20.9375 
vt 65.4375 -20.9375 
vt 65.4375 -20.9375 
vt 68.5625 -21.0625 
vt 68.5625 -20.9375 
vt 65.4375 -21.0625 
vt 37.8125 -21.0625 
vt 39.4375 -21.0625 
vt 37.8125 -20.9375 
vt 39.4375 -20.9375 
vt 42.4375 -21.0625 
vt 44.0625 -21.0625 
vt 42.4375 -20.9375 
vt 44.0625 -20.9375 
vt 60.3125 -20.9375 
vt 52.6875 -20.9375 
vt 52.6875 -21.0625 
vt 60.3125 -21.0625 
vt 62.1875 -21.0625 
vt 65.4375 -21.0625 
vt 65.4375 -20.9375 
vt 62.1875 -20.9375 
vt 68.5625 -21.0625 
vt 76.6875 -21.0625 
vt 68.5625 -20.9375 
vt 76.6875 -20.9375 
vt 39.4375 -20.9375 
vt 42.4375 -21.0625 
vt 42.4375 -20.9375 
vt 39.4375 -21.0625 
vt 44.0625 -21.0625 
vt 46.5625 -21.0625 
vt 44.0625 -20.9375 
vt 46.5625 -20.9375 
vt 35.3125 -21.0625 
vt 37.8125 -21.0625 
vt 35.3125 -20.9375 
vt 37.8125 -20.9375 
vt 31.5625 -21.0625 
vt 33.4375 -21.0625 
vt 31.5625 -20.9375 
vt 33.4375 -20.9375 
vt 49.0625 -20.9375 
vt 52.5625 -21.0625 
vt 52.5625 -20.9375 
vt 49.0625 -21.0625 
vt 52.6875 -21.0625 
vt 52.6875 -20.9375 
vt 74.8125 -21.0625 
vt 59.3125 -20.9375 
vt 59.3125 -21.0625 
vt 74.8125 -20.9375 
vt 56.6875 -21.0625 
vt 69.8125 -21.0625 
vt 56.6875 -20.9375 
vt 69.8125 -20.9375 
vt 41.6875 -21.0625 
vt 43.5625 -21.0625 
vt 41.6875 -20.9375 
vt 43.5625 -20.9375 
vt 52.8125 -21.0625 
vt 56.5625 -21.0625 
vt 52.8125 -20.9375 
vt 56.5625 -20.9375 
vt 43.5625 -20.9375 
vt 48.8125 -21.0625 
vt 48.8125 -20.9375 
vt 43.5625 -21.0625 
vt 56.5625 -21.0625 
vt 56.6875 -21.0625 
vt 56.5625 -20.9375 
vt 56.6875 -20.9375 
vt 43.5625 -20.9375 
vt 45.5625 -21.0625 
vt 45.5625 -20.9375 
vt 43.5625 -21.0625 
vt 43.5625 -21.0625 
vt 45.5625 -21.0625 
vt 43.5625 -20.9375 
vt 45.5625 -20.9375 
vt 41.6875 -21.0625 
vt 41.6875 -20.9375 
vt 58.5625 -21.0625 
vt 67.9375 -21.0625 
vt 58.5625 -20.9375 
vt 67.9375 -20.9375 
vt 41.6875 -20.9375 
vt 37.9375 -20.9375 
vt 37.9375 -21.0625 
vt 41.6875 -21.0625 
vt 43.5625 -21.0625 
vt 48.8125 -20.9375 
vt 43.5625 -20.9375 
vt 48.8125 -21.0625 
vt 43.5625 -21.0625 
vt 43.5625 -20.9375 
vt 43.5625 -21.0625 
vt 44.8125 -20.9375 
vt 43.5625 -20.9375 
vt 44.8125 -21.0625 
vt 41.6875 -20.9375 
vt 40.4375 -20.9375 
vt 40.4375 -21.0625 
vt 41.6875 -21.0625 
vt 52.625 -21.0625 
vt 54.5 -21.0625 
vt 52.625 -20.9375 
vt 54.5 -20.9375 
vt 34.1875 -20.9375 
vt 40.4375 -21.0625 
vt 40.4375 -20.9375 
vt 34.1875 -21.0625 
vt 54.5 -21.0625 
vt 62.3125 -21.0625 
vt 54.5 -20.9375 
vt 62.3125 -20.9375 
vt 44.8125 -21.0625 
vt 52.625 -21.0625 
vt 44.8125 -20.9375 
vt 52.625 -20.9375 
vt 44.8125 -20.9375 
vt 46.8125 -21.0625 
vt 46.8125 -20.9375 
vt 44.8125 -21.0625 
vt 42.9375 -21.0625 
vt 36.0625 -20.9375 
vt 36.0625 -21.0625 
vt 42.9375 -20.9375 
vt 76.6875 -28.1875 
vt 76.6875 -38.8125 
vt 27.3125 -3.1875 
vt 27.3125 -16.3125 
vt 46.5625 -3.1875 
vt 68.5625 -26.1875 
vt 68.5625 -28.1875 
vt 62.1875 -6.3125 
vt 46.5625 -6.3125 
vt 46.5625 -6.3125 
vt 31.5625 -29.4375 
vt 31.5625 -31.3125 
vt 33.4375 -16.4375 
vt 33.4375 -20.1875 
vt 33.4375 -29.4375 
vt 33.4375 -24.1875 
vt 33.4375 -29.4375 
vt 63.9375 -30.0625 
vt 63.9375 -32.5625 
vt 59.3125 -38.8125 
vt 57.4375 -38.8125 
vt 36.9375 -16.4375 
vt 36.9375 -16.3125 
vt 62.1875 -28.1875 
vt 62.1875 -28.1875 
vt 37.8125 -29.4375 
vt 37.8125 -27.4375 
vt 37.8125 -29.4375 
vt 52.5625 -35.0625 
vt 46.5625 -35.0625 
vt 29.1875 -14.4375 
vt 44.6875 -14.4375 
vt 59.3125 -36.9375 
vt 59.3125 -32.5625 
vt 57.4375 -32.5625 
vt 52.6875 -32.5625 
vt 42.4375 -29.4375 
vt 42.4375 -27.4375 
vt 42.4375 -29.4375 
vt 46.5625 -31.3125 
vt 52.5625 -31.3125 
vt 52.6875 -31.3125 
vt 52.8125 -18.5 
vt 60.3125 -18.5 
vt 74.8125 -30.0625 
vt 44.6875 -5.0625 
vt 46.5625 -29.4375 
vt 46.5625 -29.4375 
vt 46.5625 -24.1875 
vt 35.3125 -24.1875 
vt 49.0625 -24.1875 
vt 62.1875 -6.3125 
vt 46.5625 -6.3125 
vt 60.3125 -10.6875 
vt 62.1875 -28.1875 
vt 46.5625 -10.6875 
vt 60.3125 -18.5 
vt 44.6875 -5.0625 
vt 46.5625 -3.1875 
vt 46.5625 -16.3125 
vt 27.3125 -3.1875 
vt 44.6875 -14.4375 
vt 29.1875 -5.0625 
vt 27.3125 -16.3125 
vt 29.1875 -14.4375 
vt 38.1875 -16.3125 
vt 36.9375 -16.3125 
vt 36.9375 -16.4375 
vt 38.1875 -20.1875 
vt 33.4375 -16.4375 
vt 33.4375 -20.1875 
vt 60.3125 -20.375 
vt 52.8125 -18.5 
vt 52.8125 -20.375 
vt 60.3125 -28.1875 
vt 63.9375 -32.5625 
vt 52.6875 -28.1875 
vt 63.9375 -30.0625 
vt 65.4375 -28.1875 
vt 59.3125 -32.5625 
vt 74.8125 -30.0625 
vt 57.4375 -32.5625 
vt 68.5625 -28.1875 
vt 65.4375 -26.1875 
vt 68.5625 -26.1875 
vt 76.6875 -28.1875 
vt 74.8125 -36.9375 
vt 76.6875 -38.8125 
vt 59.3125 -36.9375 
vt 59.3125 -38.8125 
vt 57.4375 -38.8125 
vt 52.6875 -29.4375 
vt 52.6875 -31.3125 
vt 52.6875 -32.5625 
vt 52.5625 -29.4375 
vt 52.5625 -31.3125 
vt 49.0625 -29.4375 
vt 52.5625 -35.0625 
vt 46.5625 -35.0625 
vt 46.5625 -31.3125 
vt 49.0625 -24.1875 
vt 46.5625 -24.1875 
vt 46.5625 -29.4375 
vt 44.0625 -29.4375 
vt 44.0625 -27.4375 
vt 42.4375 -27.4375 
vt 42.4375 -29.4375 
vt 39.4375 -29.4375 
vt 39.4375 -27.4375 
vt 37.8125 -27.4375 
vt 37.8125 -29.4375 
vt 35.3125 -29.4375 
vt 35.3125 -24.1875 
vt 33.4375 -24.1875 
vt 33.4375 -29.4375 
vt 31.5625 -29.4375 
vt 31.5625 -31.3125 
vt 46.5625 -21.0625 
vt 44.6875 -20.9375 
vt 44.6875 -21.0625 
vt 46.5625 -20.9375 
vt 27.3125 -20.9375 
vt 27.3125 -21.0625 
vt 51.4375 -20.9375 
vt 57.4375 -21.0625 
vt 57.4375 -20.9375 
vt 51.4375 -21.0625 
vt 40.0625 -20.9375 
vt 40.0625 -21.0625 
vt 44.6875 -20.9375 
vt 44.6875 -21.0625 
vt 46.5625 -21.0625 
vt 51.3125 -21.0625 
vt 51.3125 -20.9375 
vt 46.5625 -20.9375 
vt 57.4375 -20.9375 
vt 57.4375 -21.0625 
vt 72.4375 -21.0625 
vt 72.4375 -20.9375 
vt 51.4375 -21.0625 
vt 51.4375 -20.9375 
vt 51.3125 -20.9375 
vt 51.3125 -21.0625 
vt 29.1875 -21.0625 
vt 40.0625 -21.0625 
vt 29.1875 -20.9375 
vt 40.0625 -20.9375 
vt 43.6875 -21.0625 
vt 51.1875 -21.0625 
vt 43.6875 -20.9375 
vt 51.1875 -20.9375 
vt 65.8125 -20.9375 
vt 70.5625 -21.0625 
vt 70.5625 -20.9375 
vt 65.8125 -21.0625 
vt 57.4375 -21.0625 
vt 65.8125 -21.0625 
vt 65.8125 -20.9375 
vt 57.4375 -20.9375 
vt 67.0625 -20.9375 
vt 67.0625 -21.0625 
vt 76.6875 -20.9375 
vt 76.6875 -21.0625 
vt 57.4375 -20.9375 
vt 43.6875 -21.0625 
vt 57.4375 -21.0625 
vt 43.6875 -20.9375 
vt 59.3125 -20.9375 
vt 59.3125 -21.0625 
vt 74.8125 -20.9375 
vt 74.8125 -21.0625 

usemtl Union161Mtl

f 2520/2520/2520 2521/2521/2521 2522/2522/2522 
f 2523/2523/2523 2522/2522/2522 2521/2521/2521 
f 2524/2524/2524 2525/2525/2525 2526/2526/2526 
f 2527/2527/2527 2525/2525/2525 2524/2524/2524 
f 2528/2528/2528 2529/2529/2529 2530/2530/2530 
f 2529/2529/2529 2531/2531/2531 2530/2530/2530 
f 2532/2532/2532 2533/2533/2533 2534/2534/2534 
f 2533/2533/2533 2532/2532/2532 2535/2535/2535 
f 2536/2536/2536 2537/2537/2537 2538/2538/2538 
f 2536/2536/2536 2538/2538/2538 2539/2539/2539 
f 2544/2544/2544 2545/2545/2545 2546/2546/2546 
f 2544/2544/2544 2547/2547/2547 2545/2545/2545 
f 2550/2550/2550 2551/2551/2551 2552/2552/2552 
f 2553/2553/2553 2550/2550/2550 2552/2552/2552 
f 2554/2554/2554 2555/2555/2555 2556/2556/2556 
f 2556/2556/2556 2555/2555/2555 2557/2557/2557 
f 2558/2558/2558 2559/2559/2559 2560/2560/2560 
f 2558/2558/2558 2560/2560/2560 2561/2561/2561 
f 2562/2562/2562 2563/2563/2563 2564/2564/2564 
f 2563/2563/2563 2562/2562/2562 2565/2565/2565 
f 2566/2566/2566 2567/2567/2567 2568/2568/2568 
f 2567/2567/2567 2566/2566/2566 2569/2569/2569 
f 2570/2570/2570 2571/2571/2571 2572/2572/2572 
f 2571/2571/2571 2570/2570/2570 2573/2573/2573 
f 2574/2574/2574 2575/2575/2575 2576/2576/2576 
f 2575/2575/2575 2574/2574/2574 2577/2577/2577 
f 2578/2578/2578 2579/2579/2579 2580/2580/2580 
f 2578/2578/2578 2580/2580/2580 2581/2581/2581 
f 2646/2646/2646 2647/2647/2647 2648/2648/2648 
f 2649/2649/2649 2648/2648/2648 2647/2647/2647 
f 2650/2650/2650 2649/2649/2649 2647/2647/2647 
f 2651/2651/2651 2646/2646/2646 2648/2648/2648 
f 2651/2651/2651 2648/2648/2648 2652/2652/2652 
f 2646/2646/2646 2651/2651/2651 2653/2653/2653 
f 2650/2650/2650 2647/2647/2647 2654/2654/2654 
f 2654/2654/2654 2655/2655/2655 2650/2650/2650 
f 2656/2656/2656 2650/2650/2650 2655/2655/2655 
f 2654/2654/2654 2647/2647/2647 2657/2657/2657 
f 2657/2657/2657 2647/2647/2647 2658/2658/2658 
f 2651/2651/2651 2659/2659/2659 2653/2653/2653 
f 2660/2660/2660 2653/2653/2653 2659/2659/2659 
f 2660/2660/2660 2659/2659/2659 2661/2661/2661 
f 2662/2662/2662 2660/2660/2660 2661/2661/2661 
f 2662/2662/2662 2661/2661/2661 2663/2663/2663 
f 2663/2663/2663 2651/2651/2651 2662/2662/2662 
f 2651/2651/2651 2664/2664/2664 2662/2662/2662 
f 2651/2651/2651 2665/2665/2665 2664/2664/2664 
f 2651/2651/2651 2652/2652/2652 2665/2665/2665 
f 2664/2664/2664 2665/2665/2665 2666/2666/2666 
f 2666/2666/2666 2665/2665/2665 2667/2667/2667 
f 2665/2665/2665 2668/2668/2668 2667/2667/2667 
f 2669/2669/2669 2666/2666/2666 2667/2667/2667 
f 2670/2670/2670 2657/2657/2657 2671/2671/2671 
f 2657/2657/2657 2672/2672/2672 2671/2671/2671 
f 2673/2673/2673 2671/2671/2671 2672/2672/2672 
f 2671/2671/2671 2673/2673/2673 2674/2674/2674 
f 2657/2657/2657 2675/2675/2675 2672/2672/2672 
f 2676/2676/2676 2674/2674/2674 2673/2673/2673 
f 2657/2657/2657 2658/2658/2658 2675/2675/2675 
f 2676/2676/2676 2673/2673/2673 2677/2677/2677 
f 2678/2678/2678 2676/2676/2676 2677/2677/2677 
f 2676/2676/2676 2678/2678/2678 2679/2679/2679 
f 2678/2678/2678 2680/2680/2680 2679/2679/2679 
f 2681/2681/2681 2679/2679/2679 2680/2680/2680 
f 2682/2682/2682 2679/2679/2679 2681/2681/2681 
f 2680/2680/2680 2683/2683/2683 2681/2681/2681 
f 2684/2684/2684 2681/2681/2681 2683/2683/2683 
f 2685/2685/2685 2684/2684/2684 2683/2683/2683 
f 2686/2686/2686 2684/2684/2684 2685/2685/2685 
f 2687/2687/2687 2686/2686/2686 2685/2685/2685 
f 2688/2688/2688 2685/2685/2685 2683/2683/2683 
f 2689/2689/2689 2688/2688/2688 2683/2683/2683 
f 2690/2690/2690 2688/2688/2688 2689/2689/2689 
f 2691/2691/2691 2690/2690/2690 2689/2689/2689 
f 2692/2692/2692 2689/2689/2689 2683/2683/2683 
f 2693/2693/2693 2692/2692/2692 2683/2683/2683 
f 2694/2694/2694 2693/2693/2693 2683/2683/2683 
f 2693/2693/2693 2695/2695/2695 2692/2692/2692 
f 2696/2696/2696 2695/2695/2695 2693/2693/2693 
f 2697/2697/2697 2698/2698/2698 2699/2699/2699 
f 2697/2697/2697 2699/2699/2699 2700/2700/2700 
f 2701/2701/2701 2700/2700/2700 2699/2699/2699 
f 2702/2702/2702 2701/2701/2701 2699/2699/2699 
f 2702/2702/2702 2703/2703/2703 2701/2701/2701 
f 2703/2703/2703 2702/2702/2702 2704/2704/2704 
f 2705/2705/2705 2703/2703/2703 2704/2704/2704 
f 2704/2704/2704 2706/2706/2706 2705/2705/2705 
f 2706/2706/2706 2707/2707/2707 2705/2705/2705 
f 2707/2707/2707 2706/2706/2706 2697/2697/2697 
f 2675/2675/2675 2697/2697/2697 2700/2700/2700 
f 2708/2708/2708 2707/2707/2707 2697/2697/2697 
f 2675/2675/2675 2709/2709/2709 2697/2697/2697 
f 2709/2709/2709 2708/2708/2708 2697/2697/2697 
f 2658/2658/2658 2709/2709/2709 2675/2675/2675 
f 2708/2708/2708 2709/2709/2709 2710/2710/2710 
f 2711/2711/2711 2710/2710/2710 2709/2709/2709 
f 2713/2713/2713 2714/2714/2714 2715/2715/2715 
f 2716/2716/2716 2714/2714/2714 2713/2713/2713 
f 2717/2717/2717 2718/2718/2718 2719/2719/2719 
f 2720/2720/2720 2719/2719/2719 2718/2718/2718 
f 2722/2722/2722 2723/2723/2723 2724/2724/2724 
f 2725/2725/2725 2722/2722/2722 2724/2724/2724 
f 2726/2726/2726 2727/2727/2727 2728/2728/2728 
f 2728/2728/2728 2729/2729/2729 2726/2726/2726 
f 2730/2730/2730 2731/2731/2731 2732/2732/2732 
f 2732/2732/2732 2731/2731/2731 2733/2733/2733 
f 2734/2734/2734 2735/2735/2735 2736/2736/2736 
f 2736/2736/2736 2735/2735/2735 2737/2737/2737 
f 2738/2738/2738 2739/2739/2739 2740/2740/2740 
f 2740/2740/2740 2739/2739/2739 2741/2741/2741 
f 2743/2743/2743 2744/2744/2744 2745/2745/2745 
f 2746/2746/2746 2744/2744/2744 2743/2743/2743 
f 2747/2747/2747 2748/2748/2748 2749/2749/2749 
f 2749/2749/2749 2748/2748/2748 2750/2750/2750 
f 2751/2751/2751 2752/2752/2752 2753/2753/2753 
f 2753/2753/2753 2752/2752/2752 2754/2754/2754 
f 2755/2755/2755 2756/2756/2756 2757/2757/2757 
f 2757/2757/2757 2758/2758/2758 2755/2755/2755 
f 2759/2759/2759 2760/2760/2760 2761/2761/2761 
f 2762/2762/2762 2759/2759/2759 2761/2761/2761 
f 2763/2763/2763 2764/2764/2764 2765/2765/2765 
f 2765/2765/2765 2764/2764/2764 2766/2766/2766 
f 2767/2767/2767 2768/2768/2768 2769/2769/2769 
f 2770/2770/2770 2768/2768/2768 2767/2767/2767 
f 2771/2771/2771 2772/2772/2772 2773/2773/2773 
f 2773/2773/2773 2772/2772/2772 2774/2774/2774 
f 2775/2775/2775 2776/2776/2776 2777/2777/2777 
f 2777/2777/2777 2776/2776/2776 2778/2778/2778 
f 2779/2779/2779 2780/2780/2780 2781/2781/2781 
f 2781/2781/2781 2780/2780/2780 2782/2782/2782 
f 2783/2783/2783 2784/2784/2784 2785/2785/2785 
f 2786/2786/2786 2784/2784/2784 2783/2783/2783 
f 2787/2787/2787 2785/2785/2785 2784/2784/2784 
f 2787/2787/2787 2788/2788/2788 2785/2785/2785 
f 2789/2789/2789 2790/2790/2790 2791/2791/2791 
f 2792/2792/2792 2790/2790/2790 2789/2789/2789 
f 2793/2793/2793 2794/2794/2794 2795/2795/2795 
f 2795/2795/2795 2794/2794/2794 2796/2796/2796 
f 2797/2797/2797 2798/2798/2798 2799/2799/2799 
f 2799/2799/2799 2798/2798/2798 2800/2800/2800 
f 2801/2801/2801 2802/2802/2802 2803/2803/2803 
f 2803/2803/2803 2802/2802/2802 2804/2804/2804 
f 2805/2805/2805 2806/2806/2806 2807/2807/2807 
f 2808/2808/2808 2806/2806/2806 2805/2805/2805 
f 2809/2809/2809 2810/2810/2810 2811/2811/2811 
f 2811/2811/2811 2810/2810/2810 2812/2812/2812 
f 2813/2813/2813 2814/2814/2814 2815/2815/2815 
f 2816/2816/2816 2814/2814/2814 2813/2813/2813 
f 2817/2817/2817 2818/2818/2818 2819/2819/2819 
f 2819/2819/2819 2818/2818/2818 2820/2820/2820 
f 2823/2823/2823 2824/2824/2824 2825/2825/2825 
f 2825/2825/2825 2824/2824/2824 2826/2826/2826 
f 2827/2827/2827 2828/2828/2828 2829/2829/2829 
f 2829/2829/2829 2830/2830/2830 2827/2827/2827 
f 2831/2831/2831 2832/2832/2832 2833/2833/2833 
f 2831/2831/2831 2834/2834/2834 2832/2832/2832 
f 2837/2837/2837 2838/2838/2838 2839/2839/2839 
f 2837/2837/2837 2840/2840/2840 2838/2838/2838 
f 2841/2841/2841 2842/2842/2842 2843/2843/2843 
f 2841/2841/2841 2843/2843/2843 2844/2844/2844 
f 2845/2845/2845 2846/2846/2846 2847/2847/2847 
f 2847/2847/2847 2846/2846/2846 2848/2848/2848 
f 2849/2849/2849 2850/2850/2850 2851/2851/2851 
f 2852/2852/2852 2850/2850/2850 2849/2849/2849 
f 2853/2853/2853 2854/2854/2854 2855/2855/2855 
f 2855/2855/2855 2854/2854/2854 2856/2856/2856 
f 2857/2857/2857 2858/2858/2858 2859/2859/2859 
f 2859/2859/2859 2858/2858/2858 2860/2860/2860 
f 2861/2861/2861 2862/2862/2862 2863/2863/2863 
f 2864/2864/2864 2862/2862/2862 2861/2861/2861 
f 2865/2865/2865 2866/2866/2866 2867/2867/2867 
f 2868/2868/2868 2866/2866/2866 2865/2865/2865 
f 2920/2920/2920 2921/2921/2921 2922/2922/2922 
f 2922/2922/2922 2923/2923/2923 2920/2920/2920 
f 2922/2922/2922 2921/2921/2921 2924/2924/2924 
f 2923/2923/2923 2922/2922/2922 2925/2925/2925 
f 2921/2921/2921 2926/2926/2926 2924/2924/2924 
f 2927/2927/2927 2926/2926/2926 2921/2921/2921 
f 2924/2924/2924 2926/2926/2926 2928/2928/2928 
f 2926/2926/2926 2927/2927/2927 2929/2929/2929 
f 2928/2928/2928 2926/2926/2926 2930/2930/2930 
f 2926/2926/2926 2929/2929/2929 2931/2931/2931 
f 2929/2929/2929 2932/2932/2932 2931/2931/2931 
f 2928/2928/2928 2930/2930/2930 2933/2933/2933 
f 2932/2932/2932 2933/2933/2933 2931/2931/2931 
f 2934/2934/2934 2928/2928/2928 2933/2933/2933 
f 2935/2935/2935 2933/2933/2933 2932/2932/2932 
f 2934/2934/2934 2933/2933/2933 2935/2935/2935 
f 2934/2934/2934 2935/2935/2935 2936/2936/2936 
f 2934/2934/2934 2936/2936/2936 2937/2937/2937 
f 2937/2937/2937 2936/2936/2936 2938/2938/2938 
f 2937/2937/2937 2938/2938/2938 2939/2939/2939 
f 2923/2923/2923 2925/2925/2925 2940/2940/2940 
f 2925/2925/2925 2941/2941/2941 2940/2940/2940 
f 2940/2940/2940 2941/2941/2941 2942/2942/2942 
f 2923/2923/2923 2940/2940/2940 2943/2943/2943 
f 2923/2923/2923 2943/2943/2943 2944/2944/2944 
f 2944/2944/2944 2943/2943/2943 2945/2945/2945 
f 2946/2946/2946 2923/2923/2923 2944/2944/2944 
f 2946/2946/2946 2947/2947/2947 2923/2923/2923 
f 2944/2944/2944 2945/2945/2945 2948/2948/2948 
f 2947/2947/2947 2946/2946/2946 2949/2949/2949 
f 2948/2948/2948 2945/2945/2945 2950/2950/2950 
f 2949/2949/2949 2951/2951/2951 2947/2947/2947 
f 2947/2947/2947 2951/2951/2951 2952/2952/2952 
f 2953/2953/2953 2952/2952/2952 2951/2951/2951 
f 2954/2954/2954 2951/2951/2951 2949/2949/2949 
f 2954/2954/2954 2949/2949/2949 2955/2955/2955 
f 2956/2956/2956 2954/2954/2954 2955/2955/2955 
f 2957/2957/2957 2956/2956/2956 2955/2955/2955 
f 2948/2948/2948 2950/2950/2950 2957/2957/2957 
f 2958/2958/2958 2956/2956/2956 2957/2957/2957 
f 2950/2950/2950 2958/2958/2958 2957/2957/2957 
f 2958/2958/2958 2950/2950/2950 2959/2959/2959 
f 2950/2950/2950 2945/2945/2945 2960/2960/2960 
f 2950/2950/2950 2960/2960/2960 2961/2961/2961 
f 2950/2950/2950 2961/2961/2961 2962/2962/2962 
f 2963/2963/2963 2961/2961/2961 2960/2960/2960 
f 2961/2961/2961 2963/2963/2963 2964/2964/2964 
f 2964/2964/2964 2963/2963/2963 2965/2965/2965 
f 2964/2964/2964 2965/2965/2965 2966/2966/2966 
f 2966/2966/2966 2965/2965/2965 2967/2967/2967 
f 2965/2965/2965 2968/2968/2968 2967/2967/2967 
f 2969/2969/2969 2970/2970/2970 2965/2965/2965 
f 2965/2965/2965 2970/2970/2970 2971/2971/2971 
f 2965/2965/2965 2971/2971/2971 2968/2968/2968 
f 2968/2968/2968 2971/2971/2971 2972/2972/2972 
f 2973/2973/2973 2974/2974/2974 2972/2972/2972 
f 2972/2972/2972 2974/2974/2974 2975/2975/2975 
f 2968/2968/2968 2972/2972/2972 2975/2975/2975 
f 2968/2968/2968 2975/2975/2975 2976/2976/2976 
f 2977/2977/2977 2978/2978/2978 2976/2976/2976 
f 2979/2979/2979 2976/2976/2976 2978/2978/2978 
f 2968/2968/2968 2976/2976/2976 2979/2979/2979 
f 2968/2968/2968 2979/2979/2979 2980/2980/2980 
f 2981/2981/2981 2982/2982/2982 2980/2980/2980 
f 2980/2980/2980 2982/2982/2982 2983/2983/2983 
f 2968/2968/2968 2980/2980/2980 2983/2983/2983 
f 2983/2983/2983 2984/2984/2984 2968/2968/2968 
f 2985/2985/2985 2968/2968/2968 2984/2984/2984 
f 2986/2986/2986 2987/2987/2987 2988/2988/2988 
f 2987/2987/2987 2986/2986/2986 2989/2989/2989 
f 2987/2987/2987 2990/2990/2990 2988/2988/2988 
f 2988/2988/2988 2990/2990/2990 2991/2991/2991 
f 2992/2992/2992 2993/2993/2993 2994/2994/2994 
f 2992/2992/2992 2995/2995/2995 2993/2993/2993 
f 2996/2996/2996 2997/2997/2997 2998/2998/2998 
f 2997/2997/2997 2999/2999/2999 2998/2998/2998 
f 3000/3000/3000 3001/3001/3001 3002/3002/3002 
f 3000/3000/3000 3002/3002/3002 3003/3003/3003 
f 3004/3004/3004 3005/3005/3005 3006/3006/3006 
f 3004/3004/3004 3006/3006/3006 3007/3007/3007 
f 3008/3008/3008 3009/3009/3009 3010/3010/3010 
f 3010/3010/3010 3011/3011/3011 3008/3008/3008 
f 3012/3012/3012 3013/3013/3013 3014/3014/3014 
f 3014/3014/3014 3013/3013/3013 3015/3015/3015 
f 3016/3016/3016 3017/3017/3017 3018/3018/3018 
f 3018/3018/3018 3017/3017/3017 3019/3019/3019 
f 3020/3020/3020 3021/3021/3021 3022/3022/3022 
f 3021/3021/3021 3020/3020/3020 3023/3023/3023 
f 3024/3024/3024 3025/3025/3025 3026/3026/3026 
f 3027/3027/3027 3024/3024/3024 3026/3026/3026 
f 3028/3028/3028 3029/3029/3029 3030/3030/3030 
f 3029/3029/3029 3031/3031/3031 3030/3030/3030 
f 3032/3032/3032 3033/3033/3033 3034/3034/3034 
f 3033/3033/3033 3032/3032/3032 3035/3035/3035 
f 3036/3036/3036 3037/3037/3037 3038/3038/3038 
f 3037/3037/3037 3039/3039/3039 3038/3038/3038 

g Part81

v -15 15 219.5 
v -15 15 249.5 
v -15 13 219.5 
v -15 13 249.5 
v -25 15 249.5 
v -15 15 249.5 
v -25 15 219.5 
v -15 15 219.5 
v -15 15 249.5 
v -25 15 249.5 
v -15 13 249.5 
v -25 13 249.5 
v -25 15 249.5 
v -25 15 219.5 
v -25 13 249.5 
v -25 13 219.5 
v -25 13 219.5 
v -15 13 219.5 
v -25 13 249.5 
v -15 13 249.5 
v -25 15 219.5 
v -15 15 219.5 
v -25 13 219.5 
v -15 13 219.5 

vn 1 0 0 
vn 1 0 0 
vn 1 0 0 
vn 1 0 0 
vn 0 1 0 
vn 0 1 0 
vn 0 1 0 
vn 0 1 0 
vn 0 0 1 
vn 0 0 1 
vn 0 0 1 
vn 0 0 1 
vn -1 0 0 
vn -1 0 0 
vn -1 0 0 
vn -1 0 0 
vn 0 -1 0 
vn 0 -1 0 
vn 0 -1 0 
vn 0 -1 0 
vn 0 0 -1 
vn 0 0 -1 
vn 0 0 -1 
vn 0 0 -1 

vt 59.875 -58.875 
vt 56.125 -58.875 
vt 59.875 -59.125 
vt 56.125 -59.125 
vt 58.625 -57.125 
vt 57.375 -57.125 
vt 58.625 -60.875 
vt 57.375 -60.875 
vt 58.625 -58.875 
vt 57.375 -58.875 
vt 58.625 -59.125 
vt 57.375 -59.125 
vt 59.875 -58.875 
vt 56.125 -58.875 
vt 59.875 -59.125 
vt 56.125 -59.125 
vt 57.375 -60.875 
vt 58.625 -60.875 
vt 57.375 -57.125 
vt 58.625 -57.125 
vt 58.625 -58.875 
vt 57.375 -58.875 
vt 58.625 -59.125 
vt 57.375 -59.125 

usemtl Union161Mtl

f 3040/3040/3040 3041/3041/3041 3042/3042/3042 
f 3042/3042/3042 3041/3041/3041 3043/3043/3043 
f 3044/3044/3044 3045/3045/3045 3046/3046/3046 
f 3046/3046/3046 3045/3045/3045 3047/3047/3047 
f 3048/3048/3048 3049/3049/3049 3050/3050/3050 
f 3050/3050/3050 3049/3049/3049 3051/3051/3051 
f 3052/3052/3052 3053/3053/3053 3054/3054/3054 
f 3054/3054/3054 3053/3053/3053 3055/3055/3055 
f 3056/3056/3056 3057/3057/3057 3058/3058/3058 
f 3058/3058/3058 3057/3057/3057 3059/3059/3059 
f 3060/3060/3060 3061/3061/3061 3062/3062/3062 
f 3062/3062/3062 3061/3061/3061 3063/3063/3063 

g Union211

v 321 1 155.5 
v 321 9.53674e-07 155.5 
v 321 1 70.5 
v 321 9.53674e-07 70.5 
v 256 1 171.5 
v 256 9.53674e-07 155.5 
v 256 1 155.5 
v 256 9.53674e-07 171.5 
v 219 1 140.5 
v 219 9.53674e-07 140.5 
v 219 1 120.5 
v 219 9.53674e-07 120.5 
v 205 9.53674e-07 155.5 
v 205 1 330.5 
v 205 9.53674e-07 330.5 
v 205 1 155.5 
v 182 9.53674e-07 120.5 
v 182 9.53674e-07 85.5 
v 182 1 85.5 
v 182 1 120.5 
v 80 1.01328e-06 130.5 
v 80 1.01328e-06 145.5 
v 80 1 187.5 
v 128 9.53674e-07 130.5 
v 128 1 100.5 
v 128 1 130.5 
v 128 9.53674e-07 100.5 
v 100 9.53674e-07 187.5 
v 100 9.53674e-07 145.5 
v 100 1 145.5 
v 100 1 187.5 
v 80 9.53674e-07 355.5 
v 80 9.53674e-07 330.5 
v 80 1 355.5 
v 80 1 330.5 
v 80 1 295.5 
v 80 9.53674e-07 295.5 
v 80 9.53674e-07 250.5 
v 80 1 250.5 
v 60 1.01328e-06 145.5 
v 60 0.999999 161.5 
v 60 -9.53674e-07 161.5 
v 60 0.999999 145.5 
v 23 0.999999 161.5 
v 23 1.01328e-06 145.5 
v 23 0.999999 145.5 
v 23 -9.53674e-07 161.5 
v 13 1 250.5 
v 13 9.53674e-07 219.5 
v 13 1 219.5 
v 13 9.53674e-07 250.5 
v -10 1 187.5 
v -10 1.90735e-06 145.5 
v -10 1 145.5 
v -10 1.90735e-06 187.5 
v -59 1 340.5 
v -59 9.53674e-07 340.5 
v -59 9.53674e-07 265.5 
v -59 1 265.5 
v 321 1 155.5 
v 321 9.53674e-07 70.5 
v -74 9.53674e-07 355.5 
v -74 1 250.5 
v 80 1 355.5 
v 256 1 171.5 
v 256 9.53674e-07 155.5 
v 256 1 155.5 
v 205 1 330.5 
v 80 1 330.5 
v 80 9.53674e-07 330.5 
v -40 1.01328e-06 145.5 
v -40 1 130.5 
v -25 9.53674e-07 249.5 
v -25 1 219.5 
v -25 1 145.5 
v -25 1.90735e-06 187.5 
v -25 1.90735e-06 145.5 
v 219 1 140.5 
v 219 9.53674e-07 120.5 
v 182 1 70.5 
v 167 1 70.5 
v 3 9.53674e-07 249.5 
v 3 9.53674e-07 250.5 
v 205 9.53674e-07 155.5 
v 205 1 155.5 
v 10 0.999999 145.5 
v 10 -9.53674e-07 161.5 
v 10 1.01328e-06 145.5 
v 128 1 100.5 
v 80 1 100.5 
v -59 9.53674e-07 265.5 
v 65 1 265.5 
v 182 9.53674e-07 85.5 
v 182 1 120.5 
v 167 9.53674e-07 120.5 
v 129 1 120.5 
v 47 1.01328e-06 145.5 
v 47 -9.53674e-07 161.5 
v 47 0.999999 145.5 
v 80 1.01328e-06 130.5 
v 128 1 130.5 
v 129 1 130.5 
v 130 0 233 
v 190 9.53674e-07 233 
v 190 1 233 
v 306 9.53674e-07 140.5 
v 65 9.53674e-07 340.5 
v 80 1.01328e-06 145.5 
v 80 1 145.5 
v 80 9.53674e-07 187.5 
v -10 1 187.5 
v 100 1 187.5 
v 190 9.53674e-07 295.5 
v 80 9.53674e-07 250.5 
v -59 9.53674e-07 340.5 
v 13 9.53674e-07 250.5 
v 13 9.53674e-07 219.5 
v 190 9.53674e-07 218 
v 129 9.53674e-07 155.5 
v 231 9.53674e-07 171.5 
v 128 9.53674e-07 145.5 
v 100 9.53674e-07 145.5 
v 60 1.01328e-06 145.5 
v 23 1.01328e-06 145.5 
v -10 1.90735e-06 145.5 
v 80 1 330.5 
v 205 1 330.5 
v 80 1 295.5 
v 190 1 295.5 
v 190 1 233 
v 65 1 265.5 
v 80 1 250.5 
v 80 1 355.5 
v 190 1 218 
v 130 1 218 
v 130 1 233 
v 190 1 155.5 
v 205 1 155.5 
v 65 1 340.5 
v -74 1 355.5 
v -59 1 340.5 
v -74 1 250.5 
v -59 1 265.5 
v 3 1 250.5 
v 13 1 250.5 
v 3 1 249.5 
v -25 1 219.5 
v 13 1 219.5 
v -25 1 249.5 
v 129 1 155.5 
v 129 1 145.5 
v 129 1 130.5 
v 128 1 130.5 
v 128 1 145.5 
v 129 1 120.5 
v 100 1 145.5 
v 128 1 100.5 
v 80 1 100.5 
v 100 1 187.5 
v 80 1 130.5 
v 80 1 145.5 
v 80 1 187.5 
v -40 1 130.5 
v 60 0.999999 145.5 
v 47 0.999999 145.5 
v 60 0.999999 161.5 
v 47 0.999999 161.5 
v 23 0.999999 145.5 
v 10 0.999999 145.5 
v 23 0.999999 161.5 
v 10 0.999999 161.5 
v -10 1 145.5 
v -25 1 145.5 
v -40 1 145.5 
v -10 1 187.5 
v -25 1 187.5 
v 219 1 140.5 
v 219 1 120.5 
v 182 1 120.5 
v 167 1 120.5 
v 167 1 70.5 
v 182 1 85.5 
v 182 1 70.5 
v 306 1 85.5 
v 321 1 70.5 
v 306 1 140.5 
v 321 1 155.5 
v 256 1 155.5 
v 231 1 155.5 
v 256 1 171.5 
v 231 1 171.5 
v 321 1 155.5 
v -74 1 355.5 
v 80 9.53674e-07 355.5 
v 80 1 355.5 
v -74 9.53674e-07 355.5 
v 256 1 155.5 
v 205 1 330.5 
v 80 1 330.5 
v 205 9.53674e-07 330.5 
v 80 9.53674e-07 330.5 
v 205 1 155.5 
v -59 9.53674e-07 265.5 
v 65 9.53674e-07 265.5 
v 65 1 265.5 
v -59 1 265.5 
v 3 1 249.5 
v -25 1 249.5 
v -25 9.53674e-07 249.5 
v 3 9.53674e-07 249.5 
v 130 0 233 
v 190 9.53674e-07 233 
v 130 1 233 
v 190 1 233 
v -25 1.90735e-06 187.5 
v -10 1.90735e-06 187.5 
v -25 1 187.5 
v -10 1 187.5 
v 80 9.53674e-07 187.5 
v 100 9.53674e-07 187.5 
v 80 1 187.5 
v 100 1 187.5 
v 231 1 171.5 
v 256 9.53674e-07 171.5 
v 256 1 171.5 
v 231 9.53674e-07 171.5 
v 10 -9.53674e-07 161.5 
v 23 -9.53674e-07 161.5 
v 10 0.999999 161.5 
v 23 0.999999 161.5 
v 47 -9.53674e-07 161.5 
v 60 -9.53674e-07 161.5 
v 47 0.999999 161.5 
v 60 0.999999 161.5 
v 190 1 155.5 
v 129 1 155.5 
v 129 9.53674e-07 155.5 
v 190 9.53674e-07 155.5 
v 205 9.53674e-07 155.5 
v 231 9.53674e-07 155.5 
v 231 1 155.5 
v 205 1 155.5 
v 256 9.53674e-07 155.5 
v 321 9.53674e-07 155.5 
v 256 1 155.5 
v 321 1 155.5 
v 23 0.999999 145.5 
v 47 1.01328e-06 145.5 
v 47 0.999999 145.5 
v 23 1.01328e-06 145.5 
v 60 1.01328e-06 145.5 
v 80 1.01328e-06 145.5 
v 60 0.999999 145.5 
v 80 1 145.5 
v -10 1.90735e-06 145.5 
v 10 1.01328e-06 145.5 
v -10 1 145.5 
v 10 0.999999 145.5 
v -40 1.01328e-06 145.5 
v -25 1.90735e-06 145.5 
v -40 1 145.5 
v -25 1 145.5 
v 100 1 145.5 
v 128 9.53674e-07 145.5 
v 128 1 145.5 
v 100 9.53674e-07 145.5 
v 129 9.53674e-07 145.5 
v 129 1 145.5 
v 306 9.53674e-07 85.5 
v 182 1 85.5 
v 182 9.53674e-07 85.5 
v 306 1 85.5 
v -74 9.53674e-07 250.5 
v -74 9.53674e-07 355.5 
v -74 1 250.5 
v -74 1 355.5 
v -40 1.01328e-06 130.5 
v -40 1.01328e-06 145.5 
v -40 1 130.5 
v -40 1 145.5 
v -25 9.53674e-07 219.5 
v -25 9.53674e-07 249.5 
v -25 1 219.5 
v -25 1 249.5 
v -25 1 145.5 
v -25 1.90735e-06 187.5 
v -25 1 187.5 
v -25 1.90735e-06 145.5 
v 3 9.53674e-07 249.5 
v 3 9.53674e-07 250.5 
v 3 1 249.5 
v 3 1 250.5 
v 10 0.999999 145.5 
v 10 -9.53674e-07 161.5 
v 10 0.999999 161.5 
v 10 1.01328e-06 145.5 
v 47 1.01328e-06 145.5 
v 47 -9.53674e-07 161.5 
v 47 0.999999 145.5 
v 47 0.999999 161.5 
v 80 1.01328e-06 130.5 
v 65 9.53674e-07 265.5 
v 65 9.53674e-07 340.5 
v 65 1 265.5 
v 65 1 340.5 
v 80 1 130.5 
v 80 1 100.5 
v 80 9.53674e-07 100.5 
v 80 1.01328e-06 130.5 
v 80 1.01328e-06 145.5 
v 80 1 187.5 
v 80 1 145.5 
v 80 9.53674e-07 187.5 
v 129 9.53674e-07 145.5 
v 129 1 155.5 
v 129 1 145.5 
v 129 9.53674e-07 155.5 
v 129 1 130.5 
v 129 1 120.5 
v 129 9.53674e-07 120.5 
v 129 9.53674e-07 130.5 
v 130 0 218 
v 130 0 233 
v 130 1 218 
v 130 1 233 
v 167 1 70.5 
v 167 9.53674e-07 120.5 
v 167 1 120.5 
v 167 9.53674e-07 70.5 
v 190 9.53674e-07 233 
v 190 9.53674e-07 295.5 
v 190 1 233 
v 190 1 295.5 
v 190 9.53674e-07 155.5 
v 190 9.53674e-07 218 
v 190 1 155.5 
v 190 1 218 
v 231 1 155.5 
v 231 9.53674e-07 171.5 
v 231 1 171.5 
v 231 9.53674e-07 155.5 
v 306 9.53674e-07 140.5 
v 306 1 85.5 
v 306 9.53674e-07 85.5 
v 306 1 140.5 
v 321 1 155.5 
v 321 9.53674e-07 70.5 
v -74 9.53674e-07 355.5 
v -74 1 250.5 
v 80 1 355.5 
v 256 1 171.5 
v 256 9.53674e-07 155.5 
v 256 1 155.5 
v 205 1 330.5 
v 80 1 330.5 
v 80 9.53674e-07 330.5 
v -40 1.01328e-06 145.5 
v -40 1 130.5 
v -25 9.53674e-07 249.5 
v -25 1 219.5 
v -25 1 145.5 
v -25 1.90735e-06 187.5 
v -25 1.90735e-06 145.5 
v 219 1 140.5 
v 219 9.53674e-07 120.5 
v 182 1 70.5 
v 167 1 70.5 
v 3 9.53674e-07 249.5 
v 3 9.53674e-07 250.5 
v 205 9.53674e-07 155.5 
v 205 1 155.5 
v 10 0.999999 145.5 
v 10 -9.53674e-07 161.5 
v 10 1.01328e-06 145.5 
v 128 1 100.5 
v 80 1 100.5 
v -59 9.53674e-07 265.5 
v 65 1 265.5 
v 182 9.53674e-07 85.5 
v 182 1 120.5 
v 167 9.53674e-07 120.5 
v 129 1 120.5 
v 47 1.01328e-06 145.5 
v 47 -9.53674e-07 161.5 
v 47 0.999999 145.5 
v 80 1.01328e-06 130.5 
v 128 1 130.5 
v 129 1 130.5 
v 130 0 233 
v 190 9.53674e-07 233 
v 190 1 233 
v 306 9.53674e-07 140.5 
v 65 9.53674e-07 340.5 
v 80 1.01328e-06 145.5 
v 80 1 145.5 
v 80 9.53674e-07 187.5 
v -10 1 187.5 
v 100 1 187.5 
v 205 9.53674e-07 330.5 
v 80 9.53674e-07 330.5 
v 190 9.53674e-07 295.5 
v 205 9.53674e-07 155.5 
v 80 9.53674e-07 295.5 
v 190 9.53674e-07 233 
v 65 9.53674e-07 340.5 
v 80 9.53674e-07 355.5 
v 80 9.53674e-07 250.5 
v -74 9.53674e-07 355.5 
v 65 9.53674e-07 265.5 
v -59 9.53674e-07 340.5 
v -74 9.53674e-07 250.5 
v -59 9.53674e-07 265.5 
v 13 9.53674e-07 250.5 
v 3 9.53674e-07 250.5 
v 3 9.53674e-07 249.5 
v 13 9.53674e-07 219.5 
v -25 9.53674e-07 249.5 
v -25 9.53674e-07 219.5 
v 190 9.53674e-07 218 
v 130 0 233 
v 130 0 218 
v 190 9.53674e-07 155.5 
v 219 9.53674e-07 120.5 
v 129 9.53674e-07 155.5 
v 219 9.53674e-07 140.5 
v 231 9.53674e-07 155.5 
v 182 9.53674e-07 120.5 
v 306 9.53674e-07 140.5 
v 167 9.53674e-07 120.5 
v 256 9.53674e-07 155.5 
v 231 9.53674e-07 171.5 
v 256 9.53674e-07 171.5 
v 321 9.53674e-07 155.5 
v 306 9.53674e-07 85.5 
v 321 9.53674e-07 70.5 
v 182 9.53674e-07 85.5 
v 182 9.53674e-07 70.5 
v 167 9.53674e-07 70.5 
v 129 9.53674e-07 145.5 
v 129 9.53674e-07 130.5 
v 129 9.53674e-07 120.5 
v 128 9.53674e-07 145.5 
v 128 9.53674e-07 130.5 
v 100 9.53674e-07 145.5 
v 128 9.53674e-07 100.5 
v 80 9.53674e-07 100.5 
v 80 1.01328e-06 130.5 
v 100 9.53674e-07 187.5 
v 80 9.53674e-07 187.5 
v 80 1.01328e-06 145.5 
v 60 1.01328e-06 145.5 
v 60 -9.53674e-07 161.5 
v 47 -9.53674e-07 161.5 
v 47 1.01328e-06 145.5 
v 23 1.01328e-06 145.5 
v 23 -9.53674e-07 161.5 
v 10 -9.53674e-07 161.5 
v 10 1.01328e-06 145.5 
v -10 1.90735e-06 145.5 
v -10 1.90735e-06 187.5 
v -25 1.90735e-06 187.5 
v -25 1.90735e-06 145.5 
v -40 1.01328e-06 145.5 
v -40 1.01328e-06 130.5 
v 167 9.53674e-07 70.5 
v 182 1 70.5 
v 182 9.53674e-07 70.5 
v 167 1 70.5 
v 321 1 70.5 
v 321 9.53674e-07 70.5 
v 128 1 100.5 
v 80 9.53674e-07 100.5 
v 80 1 100.5 
v 128 9.53674e-07 100.5 
v 219 1 120.5 
v 219 9.53674e-07 120.5 
v 182 1 120.5 
v 182 9.53674e-07 120.5 
v 167 9.53674e-07 120.5 
v 129 9.53674e-07 120.5 
v 129 1 120.5 
v 167 1 120.5 
v 80 1 130.5 
v 80 1.01328e-06 130.5 
v -40 1.01328e-06 130.5 
v -40 1 130.5 
v 128 9.53674e-07 130.5 
v 128 1 130.5 
v 129 1 130.5 
v 129 9.53674e-07 130.5 
v 306 9.53674e-07 140.5 
v 219 9.53674e-07 140.5 
v 306 1 140.5 
v 219 1 140.5 
v 190 9.53674e-07 218 
v 130 0 218 
v 190 1 218 
v 130 1 218 
v 13 1 219.5 
v -25 9.53674e-07 219.5 
v -25 1 219.5 
v 13 9.53674e-07 219.5 
v 80 9.53674e-07 250.5 
v 13 9.53674e-07 250.5 
v 13 1 250.5 
v 80 1 250.5 
v 3 1 250.5 
v 3 9.53674e-07 250.5 
v -74 1 250.5 
v -74 9.53674e-07 250.5 
v 80 1 295.5 
v 190 9.53674e-07 295.5 
v 80 9.53674e-07 295.5 
v 190 1 295.5 
v 65 1 340.5 
v 65 9.53674e-07 340.5 
v -59 1 340.5 
v -59 9.53674e-07 340.5 

vn 1 0 0 
vn 1 0 0 
vn 1 0 0 
vn 1 0 0 
vn 1 0 0 
vn 1 0 0 
vn 1 0 0 
vn 1 0 0 
vn 1 0 0 
vn 1 0 0 
vn 1 0 0 
vn 1 0 0 
vn 1 0 0 
vn 1 0 0 
vn 1 0 0 
vn 1 0 0 
vn 1 0 0 
vn 1 0 0 
vn 1 0 0 
vn 1 0 0 
vn 0 0 -1 
vn -1 0 0 
vn -1 0 0 
vn 1 0 0 
vn 1 0 0 
vn 1 0 0 
vn 1 0 0 
vn 1 0 0 
vn 1 0 0 
vn 1 0 0 
vn 1 0 0 
vn 1 0 0 
vn 1 0 0 
vn 1 0 0 
vn 1 0 0 
vn 1 0 0 
vn 1 0 0 
vn 1 0 0 
vn 1 0 0 
vn 1 0 0 
vn 1 0 0 
vn 1 0 0 
vn 1 0 0 
vn 1 0 0 
vn 1 0 0 
vn 1 0 0 
vn 1 0 0 
vn 1 0 0 
vn 1 0 0 
vn 1 0 0 
vn 1 0 0 
vn 1 0 0 
vn 1 0 0 
vn 1 0 0 
vn 1 0 0 
vn 1 0 0 
vn 1 0 0 
vn 1 0 0 
vn 1 0 0 
vn 1 0 0 
vn 1 0 0 
vn -1 0 0 
vn -1 0 0 
vn 0 0 1 
vn 1 0 0 
vn 1 0 0 
vn 1 0 0 
vn 0 0 1 
vn 0 0 1 
vn 0 0 1 
vn -1 0 0 
vn -1 0 0 
vn -1 0 0 
vn -1 0 0 
vn -1 0 0 
vn -1 0 0 
vn -1 0 0 
vn 1 0 0 
vn 1 0 0 
vn 0 0 -1 
vn 0 0 -1 
vn -1 0 0 
vn -1 0 0 
vn 1 0 0 
vn 1 0 0 
vn -1 0 0 
vn -1 0 0 
vn -1 0 0 
vn 0 0 -1 
vn 0 0 -1 
vn 0 0 1 
vn 0 0 1 
vn 1 0 0 
vn 1 0 0 
vn 0 0 -1 
vn 0 0 -1 
vn -1 0 0 
vn -1 0 0 
vn -1 0 0 
vn 0 0 -1 
vn 0 0 -1 
vn 0 0 -1 
vn 0 0 1 
vn 0 0 1 
vn 0 0 1 
vn 0 0 -1 
vn -1 0 0 
vn -1 0 0 
vn -1 0 0 
vn -1 0 0 
vn 0 0 1 
vn 0 0 1 
vn 0 -1 0 
vn 0 -1 0 
vn 0 -1 0 
vn 0 -1 0 
vn 0 -1 0 
vn 0 -1 0 
vn 0 -1 0 
vn 0 -1 0 
vn 0 -1 0 
vn 0 -1 0 
vn 0 -1 0 
vn 0 -1 0 
vn 0 -1 0 
vn 0 1 0 
vn 0 1 0 
vn 0 1 0 
vn 0 1 0 
vn 0 1 0 
vn 0 1 0 
vn 0 1 0 
vn 0 1 0 
vn 0 1 0 
vn 0 1 0 
vn 0 1 0 
vn 0 1 0 
vn 0 1 0 
vn 0 1 0 
vn 0 1 0 
vn 0 1 0 
vn 0 1 0 
vn 0 1 0 
vn 0 1 0 
vn 0 1 0 
vn 0 1 0 
vn 0 1 0 
vn 0 1 0 
vn 0 1 0 
vn 0 1 0 
vn 0 1 0 
vn 0 1 0 
vn 0 1 0 
vn 0 1 0 
vn 0 1 0 
vn 0 1 0 
vn 0 1 0 
vn 0 1 0 
vn 0 1 0 
vn 0 1 0 
vn 0 1 0 
vn 0 1 0 
vn 0 1 0 
vn 0 1 0 
vn 0 1 0 
vn 0 1 0 
vn 0 1 0 
vn 0 1 0 
vn 0 1 0 
vn 0 1 0 
vn 0 1 0 
vn 0 1 0 
vn 0 1 0 
vn 0 1 0 
vn 0 1 0 
vn 0 1 0 
vn 0 1 0 
vn 0 1 0 
vn 0 1 0 
vn 0 1 0 
vn 0 1 0 
vn 0 1 0 
vn 0 1 0 
vn 0 1 0 
vn 0 1 0 
vn 0 1 0 
vn 0 1 0 
vn 0 1 0 
vn 0 1 0 
vn 0 1 0 
vn 0 1 0 
vn 1 0 0 
vn 0 0 1 
vn 0 0 1 
vn 0 0 1 
vn 0 0 1 
vn 1 0 0 
vn 0 0 1 
vn 0 0 1 
vn 0 0 1 
vn 0 0 1 
vn 1 0 0 
vn 0 0 1 
vn 0 0 1 
vn 0 0 1 
vn 0 0 1 
vn 0 0 1 
vn 0 0 1 
vn 0 0 1 
vn 0 0 1 
vn 0 0 1 
vn 0 0 1 
vn 0 0 1 
vn 0 0 1 
vn 0 0 1 
vn 0 0 1 
vn 0 0 1 
vn 0 0 1 
vn 0 0 1 
vn 0 0 1 
vn 0 0 1 
vn 0 0 1 
vn 0 0 1 
vn 0 0 1 
vn 0 0 1 
vn 0 0 1 
vn 0 0 1 
vn 0 0 1 
vn 0 0 1 
vn 0 0 1 
vn 0 0 1 
vn 0 0 1 
vn 0 0 1 
vn 0 0 1 
vn 0 0 1 
vn 0 0 1 
vn 0 0 1 
vn 0 0 1 
vn 0 0 1 
vn 0 0 1 
vn 0 0 1 
vn 0 0 1 
vn 0 0 1 
vn 0 0 1 
vn 0 0 1 
vn 0 0 1 
vn 0 0 1 
vn 0 0 1 
vn 0 0 1 
vn 0 0 1 
vn 0 0 1 
vn 0 0 1 
vn 0 0 1 
vn 0 0 1 
vn 0 0 1 
vn 0 0 1 
vn 0 0 1 
vn 0 0 1 
vn 0 0 1 
vn 0 0 1 
vn 0 0 1 
vn 0 0 1 
vn 0 0 1 
vn 0 0 1 
vn 0 0 1 
vn 0 0 1 
vn 0 0 1 
vn 0 0 1 
vn 0 0 1 
vn 0 0 1 
vn 0 0 1 
vn 0 0 1 
vn -1 0 0 
vn -1 0 0 
vn -1 0 0 
vn -1 0 0 
vn -1 0 0 
vn -1 0 0 
vn -1 0 0 
vn -1 0 0 
vn -1 0 0 
vn -1 0 0 
vn -1 0 0 
vn -1 0 0 
vn -1 0 0 
vn -1 0 0 
vn -1 0 0 
vn -1 0 0 
vn -1 0 0 
vn -1 0 0 
vn -1 0 0 
vn -1 0 0 
vn -1 0 0 
vn -1 0 0 
vn -1 0 0 
vn -1 0 0 
vn -1 0 0 
vn -1 0 0 
vn -1 0 0 
vn -1 0 0 
vn 0 0 -1 
vn -1 0 0 
vn -1 0 0 
vn -1 0 0 
vn -1 0 0 
vn -1 0 0 
vn -1 0 0 
vn -1 0 0 
vn -1 0 0 
vn -1 0 0 
vn -1 0 0 
vn -1 0 0 
vn -1 0 0 
vn -1 0 0 
vn -1 0 0 
vn -1 0 0 
vn -1 0 0 
vn -1 0 0 
vn -1 0 0 
vn -1 0 0 
vn -1 0 0 
vn -1 0 0 
vn -1 0 0 
vn -1 0 0 
vn -1 0 0 
vn -1 0 0 
vn -1 0 0 
vn -1 0 0 
vn -1 0 0 
vn -1 0 0 
vn -1 0 0 
vn -1 0 0 
vn -1 0 0 
vn -1 0 0 
vn -1 0 0 
vn -1 0 0 
vn -1 0 0 
vn -1 0 0 
vn -1 0 0 
vn -1 0 0 
vn -1 0 0 
vn -1 0 0 
vn -1 0 0 
vn -1 0 0 
vn -1 0 0 
vn 1 0 0 
vn 1 0 0 
vn -1 0 0 
vn -1 0 0 
vn 0 0 1 
vn 1 0 0 
vn 1 0 0 
vn 1 0 0 
vn 0 0 1 
vn 0 0 1 
vn 0 0 1 
vn -1 0 0 
vn -1 0 0 
vn -1 0 0 
vn -1 0 0 
vn -1 0 0 
vn -1 0 0 
vn -1 0 0 
vn 1 0 0 
vn 1 0 0 
vn 0 0 -1 
vn 0 0 -1 
vn -1 0 0 
vn -1 0 0 
vn 1 0 0 
vn 1 0 0 
vn -1 0 0 
vn -1 0 0 
vn -1 0 0 
vn 0 0 -1 
vn 0 0 -1 
vn 0 0 1 
vn 0 0 1 
vn 1 0 0 
vn 1 0 0 
vn 0 0 -1 
vn 0 0 -1 
vn -1 0 0 
vn -1 0 0 
vn -1 0 0 
vn 0 0 -1 
vn 0 0 -1 
vn 0 0 -1 
vn 0 0 1 
vn 0 0 1 
vn 0 0 1 
vn 0 0 -1 
vn -1 0 0 
vn -1 0 0 
vn -1 0 0 
vn -1 0 0 
vn 0 0 1 
vn 0 0 1 
vn 0 -1 0 
vn 0 -1 0 
vn 0 -1 0 
vn 0 -1 0 
vn 0 -1 0 
vn 0 -1 0 
vn 0 -1 0 
vn 0 -1 0 
vn 0 -1 0 
vn 0 -1 0 
vn 0 -1 0 
vn 0 -1 0 
vn 0 -1 0 
vn 0 -1 0 
vn 0 -1 0 
vn 0 -1 0 
vn 0 -1 0 
vn 0 -1 0 
vn 0 -1 0 
vn 0 -1 0 
vn 0 -1 0 
vn 0 -1 0 
vn 0 -1 0 
vn 0 -1 0 
vn 0 -1 0 
vn 0 -1 0 
vn 0 -1 0 
vn 0 -1 0 
vn 0 -1 0 
vn 0 -1 0 
vn 0 -1 0 
vn 0 -1 0 
vn 0 -1 0 
vn 0 -1 0 
vn 0 -1 0 
vn 0 -1 0 
vn 0 -1 0 
vn 0 -1 0 
vn 0 -1 0 
vn 0 -1 0 
vn 0 -1 0 
vn 0 -1 0 
vn 0 -1 0 
vn 0 -1 0 
vn 0 -1 0 
vn 0 -1 0 
vn 0 -1 0 
vn 0 -1 0 
vn 0 -1 0 
vn 0 -1 0 
vn 0 -1 0 
vn 0 -1 0 
vn 0 -1 0 
vn 0 -1 0 
vn 0 -1 0 
vn 0 -1 0 
vn 0 -1 0 
vn 0 -1 0 
vn 0 -1 0 
vn 0 -1 0 
vn 0 -1 0 
vn 0 -1 0 
vn 0 -1 0 
vn 0 -1 0 
vn 0 -1 0 
vn 0 -1 0 
vn 0 0 -1 
vn 0 0 -1 
vn 0 0 -1 
vn 0 0 -1 
vn 0 0 -1 
vn 0 0 -1 
vn 0 0 -1 
vn 0 0 -1 
vn 0 0 -1 
vn 0 0 -1 
vn 0 0 -1 
vn 0 0 -1 
vn 0 0 -1 
vn 0 0 -1 
vn 0 0 -1 
vn 0 0 -1 
vn 0 0 -1 
vn 0 0 -1 
vn 0 0 -1 
vn 0 0 -1 
vn 0 0 -1 
vn 0 0 -1 
vn 0 0 -1 
vn 0 0 -1 
vn 0 0 -1 
vn 0 0 -1 
vn 0 0 -1 
vn 0 0 -1 
vn 0 0 -1 
vn 0 0 -1 
vn 0 0 -1 
vn 0 0 -1 
vn 0 0 -1 
vn 0 0 -1 
vn 0 0 -1 
vn 0 0 -1 
vn 0 0 -1 
vn 0 0 -1 
vn 0 0 -1 
vn 0 0 -1 
vn 0 0 -1 
vn 0 0 -1 
vn 0 0 -1 
vn 0 0 -1 
vn 0 0 -1 
vn 0 0 -1 
vn 0 0 -1 
vn 0 0 -1 
vn 0 0 -1 
vn 0 0 -1 
vn 0 0 -1 
vn 0 0 -1 
vn 0 0 -1 
vn 0 0 -1 

vt 27.1875 1.0625 
vt 27.1875 0.9375 
vt 37.8125 1.0625 
vt 37.8125 0.9375 
vt 25.1875 1.0625 
vt 27.1875 0.9375 
vt 27.1875 1.0625 
vt 25.1875 0.9375 
vt 29.0625 1.0625 
vt 29.0625 0.9375 
vt 31.5625 1.0625 
vt 31.5625 0.9375 
vt 27.1875 0.9375 
vt 5.3125 1.0625 
vt 5.3125 0.9375 
vt 27.1875 1.0625 
vt 31.5625 0.9375 
vt 35.9375 0.9375 
vt 35.9375 1.0625 
vt 31.5625 1.0625 
vt 30.3125 0.9375 
vt 28.4375 0.9375 
vt 23.1875 1.0625 
vt 30.3125 0.9375 
vt 34.0625 1.0625 
vt 30.3125 1.0625 
vt 34.0625 0.9375 
vt 23.1875 0.9375 
vt 28.4375 0.9375 
vt 28.4375 1.0625 
vt 23.1875 1.0625 
vt 2.1875 0.9375 
vt 5.3125 0.9375 
vt 2.1875 1.0625 
vt 5.3125 1.0625 
vt 9.6875 1.0625 
vt 9.6875 0.9375 
vt 15.3125 0.9375 
vt 15.3125 1.0625 
vt 28.4375 0.9375 
vt 26.4375 1.0625 
vt 26.4375 0.9375 
vt 28.4375 1.0625 
vt 26.4375 1.0625 
vt 28.4375 0.9375 
vt 28.4375 1.0625 
vt 26.4375 0.9375 
vt 15.3125 1.0625 
vt 19.1875 0.9375 
vt 19.1875 1.0625 
vt 15.3125 0.9375 
vt 23.1875 1.0625 
vt 28.4375 0.9375 
vt 28.4375 1.0625 
vt 23.1875 0.9375 
vt 4.0625 1.0625 
vt 4.0625 0.9375 
vt 13.4375 0.9375 
vt 13.4375 1.0625 
vt -4.6875 -6.1875 
vt -4.6875 -16.8125 
vt 44.6875 18.8125 
vt 44.6875 5.6875 
vt 25.4375 18.8125 
vt 3.4375 -4.1875 
vt 3.4375 -6.1875 
vt 3.4375 -6.1875 
vt 9.8125 15.6875 
vt 25.4375 15.6875 
vt 25.4375 15.6875 
vt 40.4375 -7.4375 
vt 40.4375 -9.3125 
vt 38.5625 5.5625 
vt 38.5625 1.8125 
vt 38.5625 -7.4375 
vt 38.5625 -2.1875 
vt 38.5625 -7.4375 
vt 8.0625 -8.0625 
vt 8.0625 -10.5625 
vt 12.6875 -16.8125 
vt 14.5625 -16.8125 
vt 35.0625 5.5625 
vt 35.0625 5.6875 
vt 9.8125 -6.1875 
vt 9.8125 -6.1875 
vt 34.1875 -7.4375 
vt 34.1875 -5.4375 
vt 34.1875 -7.4375 
vt 19.4375 -13.0625 
vt 25.4375 -13.0625 
vt 42.8125 7.5625 
vt 27.3125 7.5625 
vt 12.6875 -14.9375 
vt 12.6875 -10.5625 
vt 14.5625 -10.5625 
vt 19.3125 -10.5625 
vt 29.5625 -7.4375 
vt 29.5625 -5.4375 
vt 29.5625 -7.4375 
vt 25.4375 -9.3125 
vt 19.4375 -9.3125 
vt 19.3125 -9.3125 
vt 19.1875 3.5 
vt 11.6875 3.5 
vt 11.6875 3.5 
vt -2.8125 -8.0625 
vt 27.3125 16.9375 
vt 25.4375 -7.4375 
vt 25.4375 -7.4375 
vt 25.4375 -2.1875 
vt 36.6875 -2.1875 
vt 22.9375 -2.1875 
vt 11.6875 11.3125 
vt 25.4375 5.6875 
vt 42.8125 16.9375 
vt 33.8125 5.6875 
vt 33.8125 1.8125 
vt 11.6875 1.625 
vt 19.3125 -6.1875 
vt 6.5625 -4.1875 
vt 19.4375 -7.4375 
vt 22.9375 -7.4375 
vt 27.9375 -7.4375 
vt 32.5625 -7.4375 
vt 36.6875 -7.4375 
vt 25.4375 15.6875 
vt 9.8125 15.6875 
vt 25.4375 11.3125 
vt 11.6875 11.3125 
vt 11.6875 3.5 
vt 27.3125 7.5625 
vt 25.4375 5.6875 
vt 25.4375 18.8125 
vt 11.6875 1.625 
vt 19.1875 1.625 
vt 19.1875 3.5 
vt 11.6875 -6.1875 
vt 9.8125 -6.1875 
vt 27.3125 16.9375 
vt 44.6875 18.8125 
vt 42.8125 16.9375 
vt 44.6875 5.6875 
vt 42.8125 7.5625 
vt 35.0625 5.6875 
vt 33.8125 5.6875 
vt 35.0625 5.5625 
vt 38.5625 1.8125 
vt 33.8125 1.8125 
vt 38.5625 5.5625 
vt 19.3125 -6.1875 
vt 19.3125 -7.4375 
vt 19.3125 -9.3125 
vt 19.4375 -9.3125 
vt 19.4375 -7.4375 
vt 19.3125 -10.5625 
vt 22.9375 -7.4375 
vt 19.4375 -13.0625 
vt 25.4375 -13.0625 
vt 22.9375 -2.1875 
vt 25.4375 -9.3125 
vt 25.4375 -7.4375 
vt 25.4375 -2.1875 
vt 40.4375 -9.3125 
vt 27.9375 -7.4375 
vt 29.5625 -7.4375 
vt 27.9375 -5.4375 
vt 29.5625 -5.4375 
vt 32.5625 -7.4375 
vt 34.1875 -7.4375 
vt 32.5625 -5.4375 
vt 34.1875 -5.4375 
vt 36.6875 -7.4375 
vt 38.5625 -7.4375 
vt 40.4375 -7.4375 
vt 36.6875 -2.1875 
vt 38.5625 -2.1875 
vt 8.0625 -8.0625 
vt 8.0625 -10.5625 
vt 12.6875 -10.5625 
vt 14.5625 -10.5625 
vt 14.5625 -16.8125 
vt 12.6875 -14.9375 
vt 12.6875 -16.8125 
vt -2.8125 -14.9375 
vt -4.6875 -16.8125 
vt -2.8125 -8.0625 
vt -4.6875 -6.1875 
vt 3.4375 -6.1875 
vt 6.5625 -6.1875 
vt 3.4375 -4.1875 
vt 6.5625 -4.1875 
vt 44.6875 1.0625 
vt -4.6875 1.0625 
vt 14.5625 0.9375 
vt 14.5625 1.0625 
vt -4.6875 0.9375 
vt 36.5625 1.0625 
vt 30.1875 1.0625 
vt 14.5625 1.0625 
vt 30.1875 0.9375 
vt 14.5625 0.9375 
vt 30.1875 1.0625 
vt -2.8125 0.9375 
vt 12.6875 0.9375 
vt 12.6875 1.0625 
vt -2.8125 1.0625 
vt 4.9375 1.0625 
vt 1.4375 1.0625 
vt 1.4375 0.9375 
vt 4.9375 0.9375 
vt 20.8125 0.9375 
vt 28.3125 0.9375 
vt 20.8125 1.0625 
vt 28.3125 1.0625 
vt 1.4375 0.9375 
vt 3.3125 0.9375 
vt 1.4375 1.0625 
vt 3.3125 1.0625 
vt 14.5625 0.9375 
vt 17.0625 0.9375 
vt 14.5625 1.0625 
vt 17.0625 1.0625 
vt 33.4375 1.0625 
vt 36.5625 0.9375 
vt 36.5625 1.0625 
vt 33.4375 0.9375 
vt 5.8125 0.9375 
vt 7.4375 0.9375 
vt 5.8125 1.0625 
vt 7.4375 1.0625 
vt 10.4375 0.9375 
vt 12.0625 0.9375 
vt 10.4375 1.0625 
vt 12.0625 1.0625 
vt 28.3125 1.0625 
vt 20.6875 1.0625 
vt 20.6875 0.9375 
vt 28.3125 0.9375 
vt 30.1875 0.9375 
vt 33.4375 0.9375 
vt 33.4375 1.0625 
vt 30.1875 1.0625 
vt 36.5625 0.9375 
vt 44.6875 0.9375 
vt 36.5625 1.0625 
vt 44.6875 1.0625 
vt 7.4375 1.0625 
vt 10.4375 0.9375 
vt 10.4375 1.0625 
vt 7.4375 0.9375 
vt 12.0625 0.9375 
vt 14.5625 0.9375 
vt 12.0625 1.0625 
vt 14.5625 1.0625 
vt 3.3125 0.9375 
vt 5.8125 0.9375 
vt 3.3125 1.0625 
vt 5.8125 1.0625 
vt -0.4375 0.9375 
vt 1.4375 0.9375 
vt -0.4375 1.0625 
vt 1.4375 1.0625 
vt 17.0625 1.0625 
vt 20.5625 0.9375 
vt 20.5625 1.0625 
vt 17.0625 0.9375 
vt 20.6875 0.9375 
vt 20.6875 1.0625 
vt 42.8125 0.9375 
vt 27.3125 1.0625 
vt 27.3125 0.9375 
vt 42.8125 1.0625 
vt 24.6875 0.9375 
vt 37.8125 0.9375 
vt 24.6875 1.0625 
vt 37.8125 1.0625 
vt 9.6875 0.9375 
vt 11.5625 0.9375 
vt 9.6875 1.0625 
vt 11.5625 1.0625 
vt 20.8125 0.9375 
vt 24.5625 0.9375 
vt 20.8125 1.0625 
vt 24.5625 1.0625 
vt 11.5625 1.0625 
vt 16.8125 0.9375 
vt 16.8125 1.0625 
vt 11.5625 0.9375 
vt 24.5625 0.9375 
vt 24.6875 0.9375 
vt 24.5625 1.0625 
vt 24.6875 1.0625 
vt 11.5625 1.0625 
vt 13.5625 0.9375 
vt 13.5625 1.0625 
vt 11.5625 0.9375 
vt 11.5625 0.9375 
vt 13.5625 0.9375 
vt 11.5625 1.0625 
vt 13.5625 1.0625 
vt 9.6875 0.9375 
vt 26.5625 0.9375 
vt 35.9375 0.9375 
vt 26.5625 1.0625 
vt 35.9375 1.0625 
vt 9.6875 1.0625 
vt 5.9375 1.0625 
vt 5.9375 0.9375 
vt 9.6875 0.9375 
vt 11.5625 0.9375 
vt 16.8125 1.0625 
vt 11.5625 1.0625 
vt 16.8125 0.9375 
vt 11.5625 0.9375 
vt 12.8125 1.0625 
vt 11.5625 1.0625 
vt 12.8125 0.9375 
vt 9.6875 1.0625 
vt 8.4375 1.0625 
vt 8.4375 0.9375 
vt 9.6875 0.9375 
vt 20.625 0.9375 
vt 22.5 0.9375 
vt 20.625 1.0625 
vt 22.5 1.0625 
vt 2.1875 1.0625 
vt 8.4375 0.9375 
vt 8.4375 1.0625 
vt 2.1875 0.9375 
vt 22.5 0.9375 
vt 30.3125 0.9375 
vt 22.5 1.0625 
vt 30.3125 1.0625 
vt 12.8125 0.9375 
vt 20.625 0.9375 
vt 12.8125 1.0625 
vt 20.625 1.0625 
vt 12.8125 1.0625 
vt 14.8125 0.9375 
vt 14.8125 1.0625 
vt 12.8125 0.9375 
vt 10.9375 0.9375 
vt 4.0625 1.0625 
vt 4.0625 0.9375 
vt 10.9375 1.0625 
vt 44.6875 -6.1875 
vt 44.6875 -16.8125 
vt -4.6875 18.8125 
vt -4.6875 5.6875 
vt 14.5625 18.8125 
vt 36.5625 -4.1875 
vt 36.5625 -6.1875 
vt 36.5625 -6.1875 
vt 30.1875 15.6875 
vt 14.5625 15.6875 
vt 14.5625 15.6875 
vt -0.4375 -7.4375 
vt -0.4375 -9.3125 
vt 1.4375 5.5625 
vt 1.4375 1.8125 
vt 1.4375 -7.4375 
vt 1.4375 -2.1875 
vt 1.4375 -7.4375 
vt 31.9375 -8.0625 
vt 31.9375 -10.5625 
vt 27.3125 -16.8125 
vt 25.4375 -16.8125 
vt 4.9375 5.5625 
vt 4.9375 5.6875 
vt 30.1875 -6.1875 
vt 30.1875 -6.1875 
vt 5.8125 -7.4375 
vt 5.8125 -5.4375 
vt 5.8125 -7.4375 
vt 20.5625 -13.0625 
vt 14.5625 -13.0625 
vt -2.8125 7.5625 
vt 12.6875 7.5625 
vt 27.3125 -14.9375 
vt 27.3125 -10.5625 
vt 25.4375 -10.5625 
vt 20.6875 -10.5625 
vt 10.4375 -7.4375 
vt 10.4375 -5.4375 
vt 10.4375 -7.4375 
vt 14.5625 -9.3125 
vt 20.5625 -9.3125 
vt 20.6875 -9.3125 
vt 20.8125 3.5 
vt 28.3125 3.5 
vt 28.3125 3.5 
vt 42.8125 -8.0625 
vt 12.6875 16.9375 
vt 14.5625 -7.4375 
vt 14.5625 -7.4375 
vt 14.5625 -2.1875 
vt 3.3125 -2.1875 
vt 17.0625 -2.1875 
vt 30.1875 15.6875 
vt 14.5625 15.6875 
vt 28.3125 11.3125 
vt 30.1875 -6.1875 
vt 14.5625 11.3125 
vt 28.3125 3.5 
vt 12.6875 16.9375 
vt 14.5625 18.8125 
vt 14.5625 5.6875 
vt -4.6875 18.8125 
vt 12.6875 7.5625 
vt -2.8125 16.9375 
vt -4.6875 5.6875 
vt -2.8125 7.5625 
vt 6.1875 5.6875 
vt 4.9375 5.6875 
vt 4.9375 5.5625 
vt 6.1875 1.8125 
vt 1.4375 5.5625 
vt 1.4375 1.8125 
vt 28.3125 1.625 
vt 20.8125 3.5 
vt 20.8125 1.625 
vt 28.3125 -6.1875 
vt 31.9375 -10.5625 
vt 20.6875 -6.1875 
vt 31.9375 -8.0625 
vt 33.4375 -6.1875 
vt 27.3125 -10.5625 
vt 42.8125 -8.0625 
vt 25.4375 -10.5625 
vt 36.5625 -6.1875 
vt 33.4375 -4.1875 
vt 36.5625 -4.1875 
vt 44.6875 -6.1875 
vt 42.8125 -14.9375 
vt 44.6875 -16.8125 
vt 27.3125 -14.9375 
vt 27.3125 -16.8125 
vt 25.4375 -16.8125 
vt 20.6875 -7.4375 
vt 20.6875 -9.3125 
vt 20.6875 -10.5625 
vt 20.5625 -7.4375 
vt 20.5625 -9.3125 
vt 17.0625 -7.4375 
vt 20.5625 -13.0625 
vt 14.5625 -13.0625 
vt 14.5625 -9.3125 
vt 17.0625 -2.1875 
vt 14.5625 -2.1875 
vt 14.5625 -7.4375 
vt 12.0625 -7.4375 
vt 12.0625 -5.4375 
vt 10.4375 -5.4375 
vt 10.4375 -7.4375 
vt 7.4375 -7.4375 
vt 7.4375 -5.4375 
vt 5.8125 -5.4375 
vt 5.8125 -7.4375 
vt 3.3125 -7.4375 
vt 3.3125 -2.1875 
vt 1.4375 -2.1875 
vt 1.4375 -7.4375 
vt -0.4375 -7.4375 
vt -0.4375 -9.3125 
vt 14.5625 0.9375 
vt 12.6875 1.0625 
vt 12.6875 0.9375 
vt 14.5625 1.0625 
vt -4.6875 1.0625 
vt -4.6875 0.9375 
vt 19.4375 1.0625 
vt 25.4375 0.9375 
vt 25.4375 1.0625 
vt 19.4375 0.9375 
vt 8.0625 1.0625 
vt 8.0625 0.9375 
vt 12.6875 1.0625 
vt 12.6875 0.9375 
vt 14.5625 0.9375 
vt 19.3125 0.9375 
vt 19.3125 1.0625 
vt 14.5625 1.0625 
vt 25.4375 1.0625 
vt 25.4375 0.9375 
vt 40.4375 0.9375 
vt 40.4375 1.0625 
vt 19.4375 0.9375 
vt 19.4375 1.0625 
vt 19.3125 1.0625 
vt 19.3125 0.9375 
vt -2.8125 0.9375 
vt 8.0625 0.9375 
vt -2.8125 1.0625 
vt 8.0625 1.0625 
vt 11.6875 0.9375 
vt 19.1875 0.9375 
vt 11.6875 1.0625 
vt 19.1875 1.0625 
vt 33.8125 1.0625 
vt 38.5625 0.9375 
vt 38.5625 1.0625 
vt 33.8125 0.9375 
vt 25.4375 0.9375 
vt 33.8125 0.9375 
vt 33.8125 1.0625 
vt 25.4375 1.0625 
vt 35.0625 1.0625 
vt 35.0625 0.9375 
vt 44.6875 1.0625 
vt 44.6875 0.9375 
vt 25.4375 1.0625 
vt 11.6875 0.9375 
vt 25.4375 0.9375 
vt 11.6875 1.0625 
vt 27.3125 1.0625 
vt 27.3125 0.9375 
vt 42.8125 1.0625 
vt 42.8125 0.9375 

usemtl Union161Mtl

f 3064/3064/3064 3065/3065/3065 3066/3066/3066 
f 3067/3067/3067 3066/3066/3066 3065/3065/3065 
f 3068/3068/3068 3069/3069/3069 3070/3070/3070 
f 3071/3071/3071 3069/3069/3069 3068/3068/3068 
f 3072/3072/3072 3073/3073/3073 3074/3074/3074 
f 3073/3073/3073 3075/3075/3075 3074/3074/3074 
f 3076/3076/3076 3077/3077/3077 3078/3078/3078 
f 3077/3077/3077 3076/3076/3076 3079/3079/3079 
f 3080/3080/3080 3081/3081/3081 3082/3082/3082 
f 3080/3080/3080 3082/3082/3082 3083/3083/3083 
f 3087/3087/3087 3088/3088/3088 3089/3089/3089 
f 3087/3087/3087 3090/3090/3090 3088/3088/3088 
f 3091/3091/3091 3092/3092/3092 3093/3093/3093 
f 3094/3094/3094 3091/3091/3091 3093/3093/3093 
f 3095/3095/3095 3096/3096/3096 3097/3097/3097 
f 3097/3097/3097 3096/3096/3096 3098/3098/3098 
f 3099/3099/3099 3100/3100/3100 3101/3101/3101 
f 3099/3099/3099 3101/3101/3101 3102/3102/3102 
f 3103/3103/3103 3104/3104/3104 3105/3105/3105 
f 3104/3104/3104 3103/3103/3103 3106/3106/3106 
f 3107/3107/3107 3108/3108/3108 3109/3109/3109 
f 3108/3108/3108 3107/3107/3107 3110/3110/3110 
f 3111/3111/3111 3112/3112/3112 3113/3113/3113 
f 3112/3112/3112 3111/3111/3111 3114/3114/3114 
f 3115/3115/3115 3116/3116/3116 3117/3117/3117 
f 3116/3116/3116 3115/3115/3115 3118/3118/3118 
f 3119/3119/3119 3120/3120/3120 3121/3121/3121 
f 3119/3119/3119 3121/3121/3121 3122/3122/3122 
f 3189/3189/3189 3190/3190/3190 3191/3191/3191 
f 3192/3192/3192 3191/3191/3191 3190/3190/3190 
f 3193/3193/3193 3192/3192/3192 3190/3190/3190 
f 3194/3194/3194 3189/3189/3189 3191/3191/3191 
f 3194/3194/3194 3191/3191/3191 3195/3195/3195 
f 3189/3189/3189 3194/3194/3194 3196/3196/3196 
f 3193/3193/3193 3190/3190/3190 3197/3197/3197 
f 3197/3197/3197 3198/3198/3198 3193/3193/3193 
f 3199/3199/3199 3193/3193/3193 3198/3198/3198 
f 3197/3197/3197 3190/3190/3190 3200/3200/3200 
f 3200/3200/3200 3190/3190/3190 3201/3201/3201 
f 3194/3194/3194 3202/3202/3202 3196/3196/3196 
f 3203/3203/3203 3196/3196/3196 3202/3202/3202 
f 3203/3203/3203 3202/3202/3202 3204/3204/3204 
f 3205/3205/3205 3203/3203/3203 3204/3204/3204 
f 3205/3205/3205 3204/3204/3204 3206/3206/3206 
f 3206/3206/3206 3194/3194/3194 3205/3205/3205 
f 3194/3194/3194 3207/3207/3207 3205/3205/3205 
f 3194/3194/3194 3208/3208/3208 3207/3207/3207 
f 3194/3194/3194 3195/3195/3195 3208/3208/3208 
f 3207/3207/3207 3208/3208/3208 3209/3209/3209 
f 3209/3209/3209 3208/3208/3208 3210/3210/3210 
f 3208/3208/3208 3211/3211/3211 3210/3210/3210 
f 3212/3212/3212 3209/3209/3209 3210/3210/3210 
f 3213/3213/3213 3200/3200/3200 3214/3214/3214 
f 3200/3200/3200 3215/3215/3215 3214/3214/3214 
f 3216/3216/3216 3214/3214/3214 3215/3215/3215 
f 3214/3214/3214 3216/3216/3216 3217/3217/3217 
f 3200/3200/3200 3218/3218/3218 3215/3215/3215 
f 3219/3219/3219 3217/3217/3217 3216/3216/3216 
f 3200/3200/3200 3201/3201/3201 3218/3218/3218 
f 3219/3219/3219 3216/3216/3216 3220/3220/3220 
f 3221/3221/3221 3219/3219/3219 3220/3220/3220 
f 3219/3219/3219 3221/3221/3221 3222/3222/3222 
f 3221/3221/3221 3223/3223/3223 3222/3222/3222 
f 3224/3224/3224 3222/3222/3222 3223/3223/3223 
f 3225/3225/3225 3222/3222/3222 3224/3224/3224 
f 3223/3223/3223 3226/3226/3226 3224/3224/3224 
f 3227/3227/3227 3224/3224/3224 3226/3226/3226 
f 3228/3228/3228 3227/3227/3227 3226/3226/3226 
f 3229/3229/3229 3227/3227/3227 3228/3228/3228 
f 3230/3230/3230 3229/3229/3229 3228/3228/3228 
f 3231/3231/3231 3228/3228/3228 3226/3226/3226 
f 3232/3232/3232 3231/3231/3231 3226/3226/3226 
f 3233/3233/3233 3231/3231/3231 3232/3232/3232 
f 3234/3234/3234 3233/3233/3233 3232/3232/3232 
f 3235/3235/3235 3232/3232/3232 3226/3226/3226 
f 3236/3236/3236 3235/3235/3235 3226/3226/3226 
f 3237/3237/3237 3236/3236/3236 3226/3226/3226 
f 3236/3236/3236 3238/3238/3238 3235/3235/3235 
f 3239/3239/3239 3238/3238/3238 3236/3236/3236 
f 3240/3240/3240 3241/3241/3241 3242/3242/3242 
f 3240/3240/3240 3242/3242/3242 3243/3243/3243 
f 3244/3244/3244 3243/3243/3243 3242/3242/3242 
f 3245/3245/3245 3244/3244/3244 3242/3242/3242 
f 3245/3245/3245 3246/3246/3246 3244/3244/3244 
f 3246/3246/3246 3245/3245/3245 3247/3247/3247 
f 3248/3248/3248 3246/3246/3246 3247/3247/3247 
f 3247/3247/3247 3249/3249/3249 3248/3248/3248 
f 3249/3249/3249 3250/3250/3250 3248/3248/3248 
f 3250/3250/3250 3249/3249/3249 3240/3240/3240 
f 3218/3218/3218 3240/3240/3240 3243/3243/3243 
f 3251/3251/3251 3250/3250/3250 3240/3240/3240 
f 3218/3218/3218 3252/3252/3252 3240/3240/3240 
f 3252/3252/3252 3251/3251/3251 3240/3240/3240 
f 3201/3201/3201 3252/3252/3252 3218/3218/3218 
f 3251/3251/3251 3252/3252/3252 3253/3253/3253 
f 3254/3254/3254 3253/3253/3253 3252/3252/3252 
f 3256/3256/3256 3257/3257/3257 3258/3258/3258 
f 3259/3259/3259 3257/3257/3257 3256/3256/3256 
f 3261/3261/3261 3262/3262/3262 3263/3263/3263 
f 3264/3264/3264 3263/3263/3263 3262/3262/3262 
f 3266/3266/3266 3267/3267/3267 3268/3268/3268 
f 3269/3269/3269 3266/3266/3266 3268/3268/3268 
f 3270/3270/3270 3271/3271/3271 3272/3272/3272 
f 3272/3272/3272 3273/3273/3273 3270/3270/3270 
f 3274/3274/3274 3275/3275/3275 3276/3276/3276 
f 3276/3276/3276 3275/3275/3275 3277/3277/3277 
f 3278/3278/3278 3279/3279/3279 3280/3280/3280 
f 3280/3280/3280 3279/3279/3279 3281/3281/3281 
f 3282/3282/3282 3283/3283/3283 3284/3284/3284 
f 3284/3284/3284 3283/3283/3283 3285/3285/3285 
f 3286/3286/3286 3287/3287/3287 3288/3288/3288 
f 3289/3289/3289 3287/3287/3287 3286/3286/3286 
f 3290/3290/3290 3291/3291/3291 3292/3292/3292 
f 3292/3292/3292 3291/3291/3291 3293/3293/3293 
f 3294/3294/3294 3295/3295/3295 3296/3296/3296 
f 3296/3296/3296 3295/3295/3295 3297/3297/3297 
f 3298/3298/3298 3299/3299/3299 3300/3300/3300 
f 3300/3300/3300 3301/3301/3301 3298/3298/3298 
f 3302/3302/3302 3303/3303/3303 3304/3304/3304 
f 3305/3305/3305 3302/3302/3302 3304/3304/3304 
f 3306/3306/3306 3307/3307/3307 3308/3308/3308 
f 3308/3308/3308 3307/3307/3307 3309/3309/3309 
f 3310/3310/3310 3311/3311/3311 3312/3312/3312 
f 3313/3313/3313 3311/3311/3311 3310/3310/3310 
f 3314/3314/3314 3315/3315/3315 3316/3316/3316 
f 3316/3316/3316 3315/3315/3315 3317/3317/3317 
f 3318/3318/3318 3319/3319/3319 3320/3320/3320 
f 3320/3320/3320 3319/3319/3319 3321/3321/3321 
f 3322/3322/3322 3323/3323/3323 3324/3324/3324 
f 3324/3324/3324 3323/3323/3323 3325/3325/3325 
f 3326/3326/3326 3327/3327/3327 3328/3328/3328 
f 3329/3329/3329 3327/3327/3327 3326/3326/3326 
f 3330/3330/3330 3328/3328/3328 3327/3327/3327 
f 3330/3330/3330 3331/3331/3331 3328/3328/3328 
f 3332/3332/3332 3333/3333/3333 3334/3334/3334 
f 3335/3335/3335 3333/3333/3333 3332/3332/3332 
f 3336/3336/3336 3337/3337/3337 3338/3338/3338 
f 3338/3338/3338 3337/3337/3337 3339/3339/3339 
f 3340/3340/3340 3341/3341/3341 3342/3342/3342 
f 3342/3342/3342 3341/3341/3341 3343/3343/3343 
f 3344/3344/3344 3345/3345/3345 3346/3346/3346 
f 3346/3346/3346 3345/3345/3345 3347/3347/3347 
f 3348/3348/3348 3349/3349/3349 3350/3350/3350 
f 3351/3351/3351 3349/3349/3349 3348/3348/3348 
f 3352/3352/3352 3353/3353/3353 3354/3354/3354 
f 3354/3354/3354 3353/3353/3353 3355/3355/3355 
f 3356/3356/3356 3357/3357/3357 3358/3358/3358 
f 3359/3359/3359 3357/3357/3357 3356/3356/3356 
f 3360/3360/3360 3361/3361/3361 3362/3362/3362 
f 3362/3362/3362 3361/3361/3361 3363/3363/3363 
f 3365/3365/3365 3366/3366/3366 3367/3367/3367 
f 3367/3367/3367 3366/3366/3366 3368/3368/3368 
f 3369/3369/3369 3370/3370/3370 3371/3371/3371 
f 3371/3371/3371 3372/3372/3372 3369/3369/3369 
f 3373/3373/3373 3374/3374/3374 3375/3375/3375 
f 3373/3373/3373 3376/3376/3376 3374/3374/3374 
f 3377/3377/3377 3378/3378/3378 3379/3379/3379 
f 3377/3377/3377 3380/3380/3380 3378/3378/3378 
f 3381/3381/3381 3382/3382/3382 3383/3383/3383 
f 3381/3381/3381 3383/3383/3383 3384/3384/3384 
f 3385/3385/3385 3386/3386/3386 3387/3387/3387 
f 3387/3387/3387 3386/3386/3386 3388/3388/3388 
f 3389/3389/3389 3390/3390/3390 3391/3391/3391 
f 3392/3392/3392 3390/3390/3390 3389/3389/3389 
f 3393/3393/3393 3394/3394/3394 3395/3395/3395 
f 3395/3395/3395 3394/3394/3394 3396/3396/3396 
f 3397/3397/3397 3398/3398/3398 3399/3399/3399 
f 3399/3399/3399 3398/3398/3398 3400/3400/3400 
f 3401/3401/3401 3402/3402/3402 3403/3403/3403 
f 3404/3404/3404 3402/3402/3402 3401/3401/3401 
f 3405/3405/3405 3406/3406/3406 3407/3407/3407 
f 3408/3408/3408 3406/3406/3406 3405/3405/3405 
f 3462/3462/3462 3463/3463/3463 3464/3464/3464 
f 3464/3464/3464 3465/3465/3465 3462/3462/3462 
f 3464/3464/3464 3463/3463/3463 3466/3466/3466 
f 3465/3465/3465 3464/3464/3464 3467/3467/3467 
f 3463/3463/3463 3468/3468/3468 3466/3466/3466 
f 3469/3469/3469 3468/3468/3468 3463/3463/3463 
f 3466/3466/3466 3468/3468/3468 3470/3470/3470 
f 3468/3468/3468 3469/3469/3469 3471/3471/3471 
f 3470/3470/3470 3468/3468/3468 3472/3472/3472 
f 3468/3468/3468 3471/3471/3471 3473/3473/3473 
f 3471/3471/3471 3474/3474/3474 3473/3473/3473 
f 3470/3470/3470 3472/3472/3472 3475/3475/3475 
f 3474/3474/3474 3475/3475/3475 3473/3473/3473 
f 3476/3476/3476 3470/3470/3470 3475/3475/3475 
f 3477/3477/3477 3475/3475/3475 3474/3474/3474 
f 3476/3476/3476 3475/3475/3475 3477/3477/3477 
f 3476/3476/3476 3477/3477/3477 3478/3478/3478 
f 3476/3476/3476 3478/3478/3478 3479/3479/3479 
f 3479/3479/3479 3478/3478/3478 3480/3480/3480 
f 3479/3479/3479 3480/3480/3480 3481/3481/3481 
f 3465/3465/3465 3467/3467/3467 3482/3482/3482 
f 3467/3467/3467 3483/3483/3483 3482/3482/3482 
f 3482/3482/3482 3483/3483/3483 3484/3484/3484 
f 3465/3465/3465 3482/3482/3482 3485/3485/3485 
f 3465/3465/3465 3485/3485/3485 3486/3486/3486 
f 3486/3486/3486 3485/3485/3485 3487/3487/3487 
f 3488/3488/3488 3465/3465/3465 3486/3486/3486 
f 3488/3488/3488 3489/3489/3489 3465/3465/3465 
f 3486/3486/3486 3487/3487/3487 3490/3490/3490 
f 3489/3489/3489 3488/3488/3488 3491/3491/3491 
f 3490/3490/3490 3487/3487/3487 3492/3492/3492 
f 3491/3491/3491 3493/3493/3493 3489/3489/3489 
f 3489/3489/3489 3493/3493/3493 3494/3494/3494 
f 3495/3495/3495 3494/3494/3494 3493/3493/3493 
f 3496/3496/3496 3493/3493/3493 3491/3491/3491 
f 3496/3496/3496 3491/3491/3491 3497/3497/3497 
f 3498/3498/3498 3496/3496/3496 3497/3497/3497 
f 3499/3499/3499 3498/3498/3498 3497/3497/3497 
f 3490/3490/3490 3492/3492/3492 3499/3499/3499 
f 3500/3500/3500 3498/3498/3498 3499/3499/3499 
f 3492/3492/3492 3500/3500/3500 3499/3499/3499 
f 3500/3500/3500 3492/3492/3492 3501/3501/3501 
f 3492/3492/3492 3487/3487/3487 3502/3502/3502 
f 3492/3492/3492 3502/3502/3502 3503/3503/3503 
f 3492/3492/3492 3503/3503/3503 3504/3504/3504 
f 3505/3505/3505 3503/3503/3503 3502/3502/3502 
f 3503/3503/3503 3505/3505/3505 3506/3506/3506 
f 3506/3506/3506 3505/3505/3505 3507/3507/3507 
f 3506/3506/3506 3507/3507/3507 3508/3508/3508 
f 3508/3508/3508 3507/3507/3507 3509/3509/3509 
f 3507/3507/3507 3510/3510/3510 3509/3509/3509 
f 3511/3511/3511 3512/3512/3512 3507/3507/3507 
f 3507/3507/3507 3512/3512/3512 3513/3513/3513 
f 3507/3507/3507 3513/3513/3513 3510/3510/3510 
f 3510/3510/3510 3513/3513/3513 3514/3514/3514 
f 3515/3515/3515 3516/3516/3516 3514/3514/3514 
f 3514/3514/3514 3516/3516/3516 3517/3517/3517 
f 3510/3510/3510 3514/3514/3514 3517/3517/3517 
f 3510/3510/3510 3517/3517/3517 3518/3518/3518 
f 3519/3519/3519 3520/3520/3520 3518/3518/3518 
f 3521/3521/3521 3518/3518/3518 3520/3520/3520 
f 3510/3510/3510 3518/3518/3518 3521/3521/3521 
f 3510/3510/3510 3521/3521/3521 3522/3522/3522 
f 3523/3523/3523 3524/3524/3524 3522/3522/3522 
f 3522/3522/3522 3524/3524/3524 3525/3525/3525 
f 3510/3510/3510 3522/3522/3522 3525/3525/3525 
f 3525/3525/3525 3526/3526/3526 3510/3510/3510 
f 3527/3527/3527 3510/3510/3510 3526/3526/3526 
f 3528/3528/3528 3529/3529/3529 3530/3530/3530 
f 3529/3529/3529 3528/3528/3528 3531/3531/3531 
f 3529/3529/3529 3532/3532/3532 3530/3530/3530 
f 3530/3530/3530 3532/3532/3532 3533/3533/3533 
f 3534/3534/3534 3535/3535/3535 3536/3536/3536 
f 3534/3534/3534 3537/3537/3537 3535/3535/3535 
f 3538/3538/3538 3539/3539/3539 3540/3540/3540 
f 3539/3539/3539 3541/3541/3541 3540/3540/3540 
f 3542/3542/3542 3543/3543/3543 3544/3544/3544 
f 3542/3542/3542 3544/3544/3544 3545/3545/3545 
f 3546/3546/3546 3547/3547/3547 3548/3548/3548 
f 3546/3546/3546 3548/3548/3548 3549/3549/3549 
f 3550/3550/3550 3551/3551/3551 3552/3552/3552 
f 3552/3552/3552 3553/3553/3553 3550/3550/3550 
f 3554/3554/3554 3555/3555/3555 3556/3556/3556 
f 3556/3556/3556 3555/3555/3555 3557/3557/3557 
f 3558/3558/3558 3559/3559/3559 3560/3560/3560 
f 3560/3560/3560 3559/3559/3559 3561/3561/3561 
f 3562/3562/3562 3563/3563/3563 3564/3564/3564 
f 3563/3563/3563 3562/3562/3562 3565/3565/3565 
f 3566/3566/3566 3567/3567/3567 3568/3568/3568 
f 3569/3569/3569 3566/3566/3566 3568/3568/3568 
f 3570/3570/3570 3571/3571/3571 3572/3572/3572 
f 3571/3571/3571 3573/3573/3573 3572/3572/3572 
f 3574/3574/3574 3575/3575/3575 3576/3576/3576 
f 3575/3575/3575 3574/3574/3574 3577/3577/3577 
f 3578/3578/3578 3579/3579/3579 3580/3580/3580 
f 3579/3579/3579 3581/3581/3581 3580/3580/3580 

g Union151

v 3 27 219.5 
v 3 27 234.5 
v 3 25 219.5 
v 3 25 234.5 
v -9 19 219.5 
v -3 21 219.5 
v -3 23 219.5 
v -6 23 219.5 
v -9 19 234.5 
v -3 21 234.5 
v -6 23 234.5 
v -3 23 234.5 
v 0 25 219.5 
v 0 25 234.5 
v 0 23 219.5 
v 0 23 234.5 
v -3 23 234.5 
v -3 21 219.5 
v -3 23 219.5 
v -3 21 234.5 
v -6 21 219.5 
v -6 21 234.5 
v -6 19 219.5 
v -6 19 234.5 
v -9 17 219.5 
v -9 19 219.5 
v -9 19 234.5 
v -9 17 234.5 
v -12 17 219.5 
v -12 17 234.5 
v -12 15 219.5 
v -12 15 234.5 
v -15 17 219.5 
v -15 15 234.5 
v 3 27 219.5 
v 3 27 234.5 
v -12 17 219.5 
v -9 19 219.5 
v -6 21 219.5 
v -3 23 219.5 
v -6 23 219.5 
v 0 25 219.5 
v 0 27 219.5 
v -12 17 234.5 
v -9 19 234.5 
v -6 21 234.5 
v -6 23 234.5 
v -3 23 234.5 
v 0 25 234.5 
v 0 27 234.5 
v 3 27 219.5 
v 0 27 219.5 
v 3 27 234.5 
v 0 27 234.5 
v -3 25 219.5 
v 0 25 234.5 
v 0 25 219.5 
v -3 25 234.5 
v -3 23 219.5 
v -6 23 219.5 
v -3 23 234.5 
v -6 23 234.5 
v -9 21 219.5 
v -6 21 234.5 
v -6 21 219.5 
v -9 21 234.5 
v -9 19 219.5 
v -12 19 219.5 
v -9 19 234.5 
v -12 19 234.5 
v -15 17 219.5 
v -12 17 234.5 
v -12 17 219.5 
v -15 17 234.5 
v 3 27 234.5 
v 3 25 234.5 
v -15 17 234.5 
v -15 15 234.5 
v -12 15 234.5 
v -12 17 234.5 
v -9 17 234.5 
v -12 19 234.5 
v -9 19 234.5 
v -6 19 234.5 
v -9 21 234.5 
v -6 21 234.5 
v -3 21 234.5 
v -6 23 234.5 
v -3 23 234.5 
v -3 25 234.5 
v 0 23 234.5 
v 0 25 234.5 
v 3 25 234.5 
v 0 27 234.5 
v 3 27 234.5 
v -15 17 219.5 
v -15 15 219.5 
v -15 15 234.5 
v -15 17 234.5 
v -9 19 219.5 
v -6 21 219.5 
v -3 23 219.5 
v -6 23 219.5 
v 0 27 219.5 
v -9 19 234.5 
v -6 21 234.5 
v -6 23 234.5 
v -3 23 234.5 
v 0 27 234.5 
v -12 19 219.5 
v -12 17 219.5 
v -12 17 234.5 
v -12 19 234.5 
v -9 19 219.5 
v -9 19 234.5 
v -9 21 219.5 
v -9 21 234.5 
v -6 21 234.5 
v -6 23 219.5 
v -6 21 219.5 
v -6 23 234.5 
v -3 23 219.5 
v -3 23 234.5 
v -3 25 219.5 
v -3 25 234.5 
v 0 27 219.5 
v 0 25 219.5 
v 0 25 234.5 
v 0 27 234.5 
v -15 17 219.5 
v -15 15 234.5 
v 3 25 219.5 
v 3 25 234.5 
v -12 17 219.5 
v -9 19 219.5 
v -6 21 219.5 
v -3 21 219.5 
v -3 23 219.5 
v -6 23 219.5 
v 0 25 219.5 
v -12 17 234.5 
v -9 19 234.5 
v -6 21 234.5 
v -3 21 234.5 
v -6 23 234.5 
v -3 23 234.5 
v 0 25 234.5 
v -15 15 234.5 
v -15 15 219.5 
v -12 15 219.5 
v -12 15 234.5 
v -9 17 219.5 
v -12 17 234.5 
v -12 17 219.5 
v -9 17 234.5 
v -6 19 219.5 
v -9 19 234.5 
v -9 19 219.5 
v -6 19 234.5 
v -6 21 219.5 
v -3 21 219.5 
v -6 21 234.5 
v -3 21 234.5 
v 0 23 219.5 
v -3 23 234.5 
v -3 23 219.5 
v 0 23 234.5 
v 3 25 219.5 
v 0 25 234.5 
v 0 25 219.5 
v 3 25 234.5 
v 3 27 219.5 
v 3 25 219.5 
v -15 17 219.5 
v -12 17 219.5 
v -15 15 219.5 
v -12 15 219.5 
v -9 17 219.5 
v -9 19 219.5 
v -12 19 219.5 
v -9 21 219.5 
v -6 21 219.5 
v -6 19 219.5 
v -3 21 219.5 
v -3 23 219.5 
v -6 23 219.5 
v -3 25 219.5 
v 0 25 219.5 
v 0 23 219.5 
v 3 27 219.5 
v 3 25 219.5 
v 0 27 219.5 

vn 1 0 0 
vn 1 0 0 
vn 1 0 0 
vn 1 0 0 
vn 0 0 -1 
vn 0 0 -1 
vn 0 0 -1 
vn 0 0 -1 
vn 0 0 1 
vn 0 0 1 
vn 0 0 1 
vn 0 0 1 
vn 1 0 0 
vn 1 0 0 
vn 1 0 0 
vn 1 0 0 
vn 1 0 0 
vn 1 0 0 
vn 1 0 0 
vn 1 0 0 
vn 1 0 0 
vn 1 0 0 
vn 1 0 0 
vn 1 0 0 
vn 1 0 0 
vn 1 0 0 
vn 1 0 0 
vn 1 0 0 
vn 1 0 0 
vn 1 0 0 
vn 1 0 0 
vn 1 0 0 
vn -1 0 0 
vn -1 0 0 
vn 1 0 0 
vn 1 0 0 
vn 0 0 -1 
vn 0 0 -1 
vn 0 0 -1 
vn 0 0 -1 
vn 0 0 -1 
vn 0 0 -1 
vn 0 0 -1 
vn 0 0 1 
vn 0 0 1 
vn 0 0 1 
vn 0 0 1 
vn 0 0 1 
vn 0 0 1 
vn 0 0 1 
vn 0 1 0 
vn 0 1 0 
vn 0 1 0 
vn 0 1 0 
vn 0 1 0 
vn 0 1 0 
vn 0 1 0 
vn 0 1 0 
vn 0 1 0 
vn 0 1 0 
vn 0 1 0 
vn 0 1 0 
vn 0 1 0 
vn 0 1 0 
vn 0 1 0 
vn 0 1 0 
vn 0 1 0 
vn 0 1 0 
vn 0 1 0 
vn 0 1 0 
vn 0 1 0 
vn 0 1 0 
vn 0 1 0 
vn 0 1 0 
vn 1 0 0 
vn 1 0 0 
vn 0 0 1 
vn 0 0 1 
vn 0 0 1 
vn 0 0 1 
vn 0 0 1 
vn 0 0 1 
vn 0 0 1 
vn 0 0 1 
vn 0 0 1 
vn 0 0 1 
vn 0 0 1 
vn 0 0 1 
vn 0 0 1 
vn 0 0 1 
vn 0 0 1 
vn 0 0 1 
vn 0 0 1 
vn 0 0 1 
vn 0 0 1 
vn -1 0 0 
vn -1 0 0 
vn -1 0 0 
vn -1 0 0 
vn 0 0 -1 
vn 0 0 -1 
vn 0 0 -1 
vn 0 0 -1 
vn 0 0 -1 
vn 0 0 1 
vn 0 0 1 
vn 0 0 1 
vn 0 0 1 
vn 0 0 1 
vn -1 0 0 
vn -1 0 0 
vn -1 0 0 
vn -1 0 0 
vn -1 0 0 
vn -1 0 0 
vn -1 0 0 
vn -1 0 0 
vn -1 0 0 
vn -1 0 0 
vn -1 0 0 
vn -1 0 0 
vn -1 0 0 
vn -1 0 0 
vn -1 0 0 
vn -1 0 0 
vn -1 0 0 
vn -1 0 0 
vn -1 0 0 
vn -1 0 0 
vn -1 0 0 
vn -1 0 0 
vn 1 0 0 
vn 1 0 0 
vn 0 0 -1 
vn 0 0 -1 
vn 0 0 -1 
vn 0 0 -1 
vn 0 0 -1 
vn 0 0 -1 
vn 0 0 -1 
vn 0 0 1 
vn 0 0 1 
vn 0 0 1 
vn 0 0 1 
vn 0 0 1 
vn 0 0 1 
vn 0 0 1 
vn 0 -1 0 
vn 0 -1 0 
vn 0 -1 0 
vn 0 -1 0 
vn 0 -1 0 
vn 0 -1 0 
vn 0 -1 0 
vn 0 -1 0 
vn 0 -1 0 
vn 0 -1 0 
vn 0 -1 0 
vn 0 -1 0 
vn 0 -1 0 
vn 0 -1 0 
vn 0 -1 0 
vn 0 -1 0 
vn 0 -1 0 
vn 0 -1 0 
vn 0 -1 0 
vn 0 -1 0 
vn 0 -1 0 
vn 0 -1 0 
vn 0 -1 0 
vn 0 -1 0 
vn 1 0 0 
vn 1 0 0 
vn 0 0 -1 
vn 0 0 -1 
vn 0 0 -1 
vn 0 0 -1 
vn 0 0 -1 
vn 0 0 -1 
vn 0 0 -1 
vn 0 0 -1 
vn 0 0 -1 
vn 0 0 -1 
vn 0 0 -1 
vn 0 0 -1 
vn 0 0 -1 
vn 0 0 -1 
vn 0 0 -1 
vn 0 0 -1 
vn 0 0 -1 
vn 0 0 -1 
vn 0 0 -1 

vt 50.9375 -58.25 
vt 49.0625 -58.25 
vt 50.9375 -58.5 
vt 49.0625 -58.5 
vt 50.9375 -59.25 
vt 50.9375 -59 
vt 50.9375 -58.75 
vt 50.9375 -58.75 
vt 49.0625 -59.25 
vt 49.0625 -59 
vt 49.0625 -58.75 
vt 49.0625 -58.75 
vt 50.9375 -58.5 
vt 49.0625 -58.5 
vt 50.9375 -58.75 
vt 49.0625 -58.75 
vt 49.0625 -58.75 
vt 50.9375 -59 
vt 50.9375 -58.75 
vt 49.0625 -59 
vt 50.9375 -59 
vt 49.0625 -59 
vt 50.9375 -59.25 
vt 49.0625 -59.25 
vt 50.9375 -59.5 
vt 50.9375 -59.25 
vt 49.0625 -59.25 
vt 49.0625 -59.5 
vt 50.9375 -59.5 
vt 49.0625 -59.5 
vt 50.9375 -59.75 
vt 49.0625 -59.75 
vt 51.125 -59.9375 
vt 51.125 -58.0625 
vt 48.875 -59.9375 
vt 48.875 -58.0625 
vt 50.75 -59.9375 
vt 50.375 -59.9375 
vt 50 -59.9375 
vt 49.625 -59.9375 
vt 50 -59.9375 
vt 49.25 -59.9375 
vt 49.25 -59.9375 
vt 50.75 -58.0625 
vt 50.375 -58.0625 
vt 50 -58.0625 
vt 50 -58.0625 
vt 49.625 -58.0625 
vt 49.25 -58.0625 
vt 49.25 -58.0625 
vt 48.875 -59.9375 
vt 49.25 -59.9375 
vt 48.875 -58.0625 
vt 49.25 -58.0625 
vt 49.625 -59.9375 
vt 49.25 -58.0625 
vt 49.25 -59.9375 
vt 49.625 -58.0625 
vt 49.625 -59.9375 
vt 50 -59.9375 
vt 49.625 -58.0625 
vt 50 -58.0625 
vt 50.375 -59.9375 
vt 50 -58.0625 
vt 50 -59.9375 
vt 50.375 -58.0625 
vt 50.375 -59.9375 
vt 50.75 -59.9375 
vt 50.375 -58.0625 
vt 50.75 -58.0625 
vt 51.125 -59.9375 
vt 50.75 -58.0625 
vt 50.75 -59.9375 
vt 51.125 -58.0625 
vt 51.125 -58.25 
vt 51.125 -58.5 
vt 48.875 -59.5 
vt 48.875 -59.75 
vt 49.25 -59.75 
vt 49.25 -59.5 
vt 49.625 -59.5 
vt 49.25 -59.25 
vt 49.625 -59.25 
vt 50 -59.25 
vt 49.625 -59 
vt 50 -59 
vt 50.375 -59 
vt 50 -58.75 
vt 50.375 -58.75 
vt 50.375 -58.5 
vt 50.75 -58.75 
vt 50.75 -58.5 
vt 51.125 -58.5 
vt 50.75 -58.25 
vt 51.125 -58.25 
vt 49.0625 -59.5 
vt 49.0625 -59.75 
vt 50.9375 -59.75 
vt 50.9375 -59.5 
vt 49.0625 -59.25 
vt 49.0625 -59 
vt 49.0625 -58.75 
vt 49.0625 -58.75 
vt 49.0625 -58.25 
vt 50.9375 -59.25 
vt 50.9375 -59 
vt 50.9375 -58.75 
vt 50.9375 -58.75 
vt 50.9375 -58.25 
vt 49.0625 -59.25 
vt 49.0625 -59.5 
vt 50.9375 -59.5 
vt 50.9375 -59.25 
vt 49.0625 -59.25 
vt 50.9375 -59.25 
vt 49.0625 -59 
vt 50.9375 -59 
vt 50.9375 -59 
vt 49.0625 -58.75 
vt 49.0625 -59 
vt 50.9375 -58.75 
vt 49.0625 -58.75 
vt 50.9375 -58.75 
vt 49.0625 -58.5 
vt 50.9375 -58.5 
vt 49.0625 -58.25 
vt 49.0625 -58.5 
vt 50.9375 -58.5 
vt 50.9375 -58.25 
vt 48.875 -59.9375 
vt 48.875 -58.0625 
vt 51.125 -59.9375 
vt 51.125 -58.0625 
vt 49.25 -59.9375 
vt 49.625 -59.9375 
vt 50 -59.9375 
vt 50.375 -59.9375 
vt 50.375 -59.9375 
vt 50 -59.9375 
vt 50.75 -59.9375 
vt 49.25 -58.0625 
vt 49.625 -58.0625 
vt 50 -58.0625 
vt 50.375 -58.0625 
vt 50 -58.0625 
vt 50.375 -58.0625 
vt 50.75 -58.0625 
vt 48.875 -58.0625 
vt 48.875 -59.9375 
vt 49.25 -59.9375 
vt 49.25 -58.0625 
vt 49.625 -59.9375 
vt 49.25 -58.0625 
vt 49.25 -59.9375 
vt 49.625 -58.0625 
vt 50 -59.9375 
vt 49.625 -58.0625 
vt 49.625 -59.9375 
vt 50 -58.0625 
vt 50 -59.9375 
vt 50.375 -59.9375 
vt 50 -58.0625 
vt 50.375 -58.0625 
vt 50.75 -59.9375 
vt 50.375 -58.0625 
vt 50.375 -59.9375 
vt 50.75 -58.0625 
vt 51.125 -59.9375 
vt 50.75 -58.0625 
vt 50.75 -59.9375 
vt 51.125 -58.0625 
vt 48.875 -58.25 
vt 48.875 -58.5 
vt 51.125 -59.5 
vt 50.75 -59.5 
vt 51.125 -59.75 
vt 50.75 -59.75 
vt 50.375 -59.5 
vt 50.375 -59.25 
vt 50.75 -59.25 
vt 50.375 -59 
vt 50 -59 
vt 50 -59.25 
vt 49.625 -59 
vt 49.625 -58.75 
vt 50 -58.75 
vt 49.625 -58.5 
vt 49.25 -58.5 
vt 49.25 -58.75 
vt 48.875 -58.25 
vt 48.875 -58.5 
vt 49.25 -58.25 

usemtl Union161Mtl

f 3582/3582/3582 3583/3583/3583 3584/3584/3584 
f 3585/3585/3585 3584/3584/3584 3583/3583/3583 
f 3594/3594/3594 3595/3595/3595 3596/3596/3596 
f 3597/3597/3597 3596/3596/3596 3595/3595/3595 
f 3598/3598/3598 3599/3599/3599 3600/3600/3600 
f 3599/3599/3599 3598/3598/3598 3601/3601/3601 
f 3602/3602/3602 3603/3603/3603 3604/3604/3604 
f 3605/3605/3605 3604/3604/3604 3603/3603/3603 
f 3606/3606/3606 3607/3607/3607 3608/3608/3608 
f 3606/3606/3606 3608/3608/3608 3609/3609/3609 
f 3610/3610/3610 3611/3611/3611 3612/3612/3612 
f 3613/3613/3613 3612/3612/3612 3611/3611/3611 
f 3632/3632/3632 3633/3633/3633 3634/3634/3634 
f 3634/3634/3634 3633/3633/3633 3635/3635/3635 
f 3636/3636/3636 3637/3637/3637 3638/3638/3638 
f 3637/3637/3637 3636/3636/3636 3639/3639/3639 
f 3640/3640/3640 3641/3641/3641 3642/3642/3642 
f 3642/3642/3642 3641/3641/3641 3643/3643/3643 
f 3644/3644/3644 3645/3645/3645 3646/3646/3646 
f 3644/3644/3644 3647/3647/3647 3645/3645/3645 
f 3648/3648/3648 3649/3649/3649 3650/3650/3650 
f 3650/3650/3650 3649/3649/3649 3651/3651/3651 
f 3652/3652/3652 3653/3653/3653 3654/3654/3654 
f 3653/3653/3653 3652/3652/3652 3655/3655/3655 
f 3658/3658/3658 3659/3659/3659 3660/3660/3660 
f 3661/3661/3661 3658/3658/3658 3660/3660/3660 
f 3661/3661/3661 3662/3662/3662 3663/3663/3663 
f 3664/3664/3664 3663/3663/3663 3662/3662/3662 
f 3664/3664/3664 3665/3665/3665 3666/3666/3666 
f 3667/3667/3667 3666/3666/3666 3665/3665/3665 
f 3667/3667/3667 3668/3668/3668 3669/3669/3669 
f 3670/3670/3670 3669/3669/3669 3668/3668/3668 
f 3671/3671/3671 3670/3670/3670 3672/3672/3672 
f 3673/3673/3673 3671/3671/3671 3672/3672/3672 
f 3673/3673/3673 3674/3674/3674 3675/3675/3675 
f 3676/3676/3676 3675/3675/3675 3674/3674/3674 
f 3677/3677/3677 3678/3678/3678 3679/3679/3679 
f 3677/3677/3677 3679/3679/3679 3680/3680/3680 
f 3691/3691/3691 3692/3692/3692 3693/3693/3693 
f 3691/3691/3691 3693/3693/3693 3694/3694/3694 
f 3695/3695/3695 3696/3696/3696 3697/3697/3697 
f 3697/3697/3697 3696/3696/3696 3698/3698/3698 
f 3699/3699/3699 3700/3700/3700 3701/3701/3701 
f 3700/3700/3700 3699/3699/3699 3702/3702/3702 
f 3703/3703/3703 3704/3704/3704 3705/3705/3705 
f 3705/3705/3705 3704/3704/3704 3706/3706/3706 
f 3707/3707/3707 3708/3708/3708 3709/3709/3709 
f 3707/3707/3707 3709/3709/3709 3710/3710/3710 
f 3729/3729/3729 3730/3730/3730 3731/3731/3731 
f 3729/3729/3729 3731/3731/3731 3732/3732/3732 
f 3733/3733/3733 3734/3734/3734 3735/3735/3735 
f 3734/3734/3734 3733/3733/3733 3736/3736/3736 
f 3737/3737/3737 3738/3738/3738 3739/3739/3739 
f 3740/3740/3740 3738/3738/3738 3737/3737/3737 
f 3741/3741/3741 3742/3742/3742 3743/3743/3743 
f 3743/3743/3743 3742/3742/3742 3744/3744/3744 
f 3745/3745/3745 3746/3746/3746 3747/3747/3747 
f 3746/3746/3746 3745/3745/3745 3748/3748/3748 
f 3749/3749/3749 3750/3750/3750 3751/3751/3751 
f 3750/3750/3750 3749/3749/3749 3752/3752/3752 
f 3755/3755/3755 3756/3756/3756 3757/3757/3757 
f 3757/3757/3757 3756/3756/3756 3758/3758/3758 
f 3759/3759/3759 3756/3756/3756 3760/3760/3760 
f 3761/3761/3761 3760/3760/3760 3756/3756/3756 
f 3762/3762/3762 3763/3763/3763 3760/3760/3760 
f 3764/3764/3764 3760/3760/3760 3763/3763/3763 
f 3765/3765/3765 3763/3763/3763 3766/3766/3766 
f 3767/3767/3767 3766/3766/3766 3763/3763/3763 
f 3768/3768/3768 3769/3769/3769 3766/3766/3766 
f 3766/3766/3766 3769/3769/3769 3770/3770/3770 
f 3769/3769/3769 3771/3771/3771 3772/3772/3772 
f 3773/3773/3773 3771/3771/3771 3769/3769/3769 

g Union191

v 256 6 171.5 
v 256 19 172.5 
v 256 6 172.5 
v 256 19 171.5 
v 244 13 171.5 
v 244 19 171.5 
v 244 19 172.5 
v 244 13 172.5 
v 244 12 172.5 
v 244 6 172.5 
v 244 6 171.5 
v 244 12 171.5 
v 232 13 172.5 
v 232 13 171.5 
v 232 19 172.5 
v 232 19 171.5 
v 232 6 172.5 
v 232 6 171.5 
v 232 12 172.5 
v 232 12 171.5 
v 255 19 172.5 
v 256 19 172.5 
v 255 19 171.5 
v 256 19 171.5 
v 244 19 171.5 
v 243 19 171.5 
v 244 19 172.5 
v 243 19 172.5 
v 231 19 172.5 
v 232 19 172.5 
v 231 19 171.5 
v 232 19 171.5 
v 255 13 172.5 
v 255 13 171.5 
v 244 13 171.5 
v 244 13 172.5 
v 232 13 171.5 
v 232 13 172.5 
v 243 13 172.5 
v 243 13 171.5 
v 255 6 172.5 
v 256 6 172.5 
v 255 12 172.5 
v 255 19 172.5 
v 256 19 172.5 
v 255 13 172.5 
v 244 13 172.5 
v 244 12 172.5 
v 243 19 172.5 
v 244 19 172.5 
v 244 6 172.5 
v 243 13 172.5 
v 243 12 172.5 
v 243 6 172.5 
v 232 13 172.5 
v 232 12 172.5 
v 231 19 172.5 
v 232 19 172.5 
v 232 6 172.5 
v 231 6 172.5 
v 231 19 171.5 
v 231 6 172.5 
v 231 19 172.5 
v 231 6 171.5 
v 243 12 172.5 
v 243 12 171.5 
v 243 6 172.5 
v 243 6 171.5 
v 243 13 172.5 
v 243 19 172.5 
v 243 19 171.5 
v 243 13 171.5 
v 255 12 172.5 
v 255 12 171.5 
v 255 6 172.5 
v 255 6 171.5 
v 255 13 171.5 
v 255 13 172.5 
v 255 19 171.5 
v 255 19 172.5 
v 256 6 172.5 
v 255 6 172.5 
v 256 6 171.5 
v 255 6 171.5 
v 244 6 172.5 
v 243 6 172.5 
v 244 6 171.5 
v 243 6 171.5 
v 232 6 171.5 
v 231 6 172.5 
v 231 6 171.5 
v 232 6 172.5 
v 255 12 171.5 
v 255 12 172.5 
v 244 12 172.5 
v 244 12 171.5 
v 243 12 171.5 
v 243 12 172.5 
v 232 12 172.5 
v 232 12 171.5 
v 255 6 171.5 
v 256 19 171.5 
v 256 6 171.5 
v 255 12 171.5 
v 255 13 171.5 
v 255 19 171.5 
v 244 12 171.5 
v 244 13 171.5 
v 243 6 171.5 
v 244 6 171.5 
v 244 19 171.5 
v 243 12 171.5 
v 243 13 171.5 
v 243 19 171.5 
v 232 12 171.5 
v 232 13 171.5 
v 231 6 171.5 
v 232 6 171.5 
v 232 19 171.5 
v 231 19 171.5 

vn 1 0 0 
vn 1 0 0 
vn 1 0 0 
vn 1 0 0 
vn 1 0 0 
vn 1 0 0 
vn 1 0 0 
vn 1 0 0 
vn 1 0 0 
vn 1 0 0 
vn 1 0 0 
vn 1 0 0 
vn 1 0 0 
vn 1 0 0 
vn 1 0 0 
vn 1 0 0 
vn 1 0 0 
vn 1 0 0 
vn 1 0 0 
vn 1 0 0 
vn 0 1 0 
vn 0 1 0 
vn 0 1 0 
vn 0 1 0 
vn 0 1 0 
vn 0 1 0 
vn 0 1 0 
vn 0 1 0 
vn 0 1 0 
vn 0 1 0 
vn 0 1 0 
vn 0 1 0 
vn 0 1 0 
vn 0 1 0 
vn 0 1 0 
vn 0 1 0 
vn 0 1 0 
vn 0 1 0 
vn 0 1 0 
vn 0 1 0 
vn 0 0 1 
vn 0 0 1 
vn 0 0 1 
vn 0 0 1 
vn 0 0 1 
vn 0 0 1 
vn 0 0 1 
vn 0 0 1 
vn 0 0 1 
vn 0 0 1 
vn 0 0 1 
vn 0 0 1 
vn 0 0 1 
vn 0 0 1 
vn 0 0 1 
vn 0 0 1 
vn 0 0 1 
vn 0 0 1 
vn 0 0 1 
vn 0 0 1 
vn -1 0 0 
vn -1 0 0 
vn -1 0 0 
vn -1 0 0 
vn -1 0 0 
vn -1 0 0 
vn -1 0 0 
vn -1 0 0 
vn -1 0 0 
vn -1 0 0 
vn -1 0 0 
vn -1 0 0 
vn -1 0 0 
vn -1 0 0 
vn -1 0 0 
vn -1 0 0 
vn -1 0 0 
vn -1 0 0 
vn -1 0 0 
vn -1 0 0 
vn 0 -1 0 
vn 0 -1 0 
vn 0 -1 0 
vn 0 -1 0 
vn 0 -1 0 
vn 0 -1 0 
vn 0 -1 0 
vn 0 -1 0 
vn 0 -1 0 
vn 0 -1 0 
vn 0 -1 0 
vn 0 -1 0 
vn 0 -1 0 
vn 0 -1 0 
vn 0 -1 0 
vn 0 -1 0 
vn 0 -1 0 
vn 0 -1 0 
vn 0 -1 0 
vn 0 -1 0 
vn 0 0 -1 
vn 0 0 -1 
vn 0 0 -1 
vn 0 0 -1 
vn 0 0 -1 
vn 0 0 -1 
vn 0 0 -1 
vn 0 0 -1 
vn 0 0 -1 
vn 0 0 -1 
vn 0 0 -1 
vn 0 0 -1 
vn 0 0 -1 
vn 0 0 -1 
vn 0 0 -1 
vn 0 0 -1 
vn 0 0 -1 
vn 0 0 -1 
vn 0 0 -1 
vn 0 0 -1 

vt 58.0625 -59.8125 
vt 57.9375 -58.1875 
vt 57.9375 -59.8125 
vt 58.0625 -58.1875 
vt 58.0625 -58.9375 
vt 58.0625 -58.1875 
vt 57.9375 -58.1875 
vt 57.9375 -58.9375 
vt 57.9375 -59.0625 
vt 57.9375 -59.8125 
vt 58.0625 -59.8125 
vt 58.0625 -59.0625 
vt 57.9375 -58.9375 
vt 58.0625 -58.9375 
vt 57.9375 -58.1875 
vt 58.0625 -58.1875 
vt 57.9375 -59.8125 
vt 58.0625 -59.8125 
vt 57.9375 -59.0625 
vt 58.0625 -59.0625 
vt 56.5625 -58.9375 
vt 56.4375 -58.9375 
vt 56.5625 -59.0625 
vt 56.4375 -59.0625 
vt 57.9375 -59.0625 
vt 58.0625 -59.0625 
vt 57.9375 -58.9375 
vt 58.0625 -58.9375 
vt 59.5625 -58.9375 
vt 59.4375 -58.9375 
vt 59.5625 -59.0625 
vt 59.4375 -59.0625 
vt 56.5625 -58.9375 
vt 56.5625 -59.0625 
vt 57.9375 -59.0625 
vt 57.9375 -58.9375 
vt 59.4375 -59.0625 
vt 59.4375 -58.9375 
vt 58.0625 -58.9375 
vt 58.0625 -59.0625 
vt 59.4375 -59.8125 
vt 59.5625 -59.8125 
vt 59.4375 -59.0625 
vt 59.4375 -58.1875 
vt 59.5625 -58.1875 
vt 59.4375 -58.9375 
vt 58.0625 -58.9375 
vt 58.0625 -59.0625 
vt 57.9375 -58.1875 
vt 58.0625 -58.1875 
vt 58.0625 -59.8125 
vt 57.9375 -58.9375 
vt 57.9375 -59.0625 
vt 57.9375 -59.8125 
vt 56.5625 -58.9375 
vt 56.5625 -59.0625 
vt 56.4375 -58.1875 
vt 56.5625 -58.1875 
vt 56.5625 -59.8125 
vt 56.4375 -59.8125 
vt 57.9375 -58.1875 
vt 58.0625 -59.8125 
vt 58.0625 -58.1875 
vt 57.9375 -59.8125 
vt 58.0625 -59.0625 
vt 57.9375 -59.0625 
vt 58.0625 -59.8125 
vt 57.9375 -59.8125 
vt 58.0625 -58.9375 
vt 58.0625 -58.1875 
vt 57.9375 -58.1875 
vt 57.9375 -58.9375 
vt 58.0625 -59.0625 
vt 57.9375 -59.0625 
vt 58.0625 -59.8125 
vt 57.9375 -59.8125 
vt 57.9375 -58.9375 
vt 58.0625 -58.9375 
vt 57.9375 -58.1875 
vt 58.0625 -58.1875 
vt 59.5625 -58.9375 
vt 59.4375 -58.9375 
vt 59.5625 -59.0625 
vt 59.4375 -59.0625 
vt 58.0625 -58.9375 
vt 57.9375 -58.9375 
vt 58.0625 -59.0625 
vt 57.9375 -59.0625 
vt 56.5625 -59.0625 
vt 56.4375 -58.9375 
vt 56.4375 -59.0625 
vt 56.5625 -58.9375 
vt 59.4375 -59.0625 
vt 59.4375 -58.9375 
vt 58.0625 -58.9375 
vt 58.0625 -59.0625 
vt 57.9375 -59.0625 
vt 57.9375 -58.9375 
vt 56.5625 -58.9375 
vt 56.5625 -59.0625 
vt 56.5625 -59.8125 
vt 56.4375 -58.1875 
vt 56.4375 -59.8125 
vt 56.5625 -59.0625 
vt 56.5625 -58.9375 
vt 56.5625 -58.1875 
vt 57.9375 -59.0625 
vt 57.9375 -58.9375 
vt 58.0625 -59.8125 
vt 57.9375 -59.8125 
vt 57.9375 -58.1875 
vt 58.0625 -59.0625 
vt 58.0625 -58.9375 
vt 58.0625 -58.1875 
vt 59.4375 -59.0625 
vt 59.4375 -58.9375 
vt 59.5625 -59.8125 
vt 59.4375 -59.8125 
vt 59.4375 -58.1875 
vt 59.5625 -58.1875 

usemtl Union161Mtl

f 3774/3774/3774 3775/3775/3775 3776/3776/3776 
f 3775/3775/3775 3774/3774/3774 3777/3777/3777 
f 3778/3778/3778 3779/3779/3779 3780/3780/3780 
f 3781/3781/3781 3778/3778/3778 3780/3780/3780 
f 3782/3782/3782 3783/3783/3783 3784/3784/3784 
f 3785/3785/3785 3782/3782/3782 3784/3784/3784 
f 3786/3786/3786 3787/3787/3787 3788/3788/3788 
f 3789/3789/3789 3788/3788/3788 3787/3787/3787 
f 3790/3790/3790 3791/3791/3791 3792/3792/3792 
f 3793/3793/3793 3792/3792/3792 3791/3791/3791 
f 3794/3794/3794 3795/3795/3795 3796/3796/3796 
f 3796/3796/3796 3795/3795/3795 3797/3797/3797 
f 3798/3798/3798 3799/3799/3799 3800/3800/3800 
f 3801/3801/3801 3800/3800/3800 3799/3799/3799 
f 3802/3802/3802 3803/3803/3803 3804/3804/3804 
f 3804/3804/3804 3803/3803/3803 3805/3805/3805 
f 3806/3806/3806 3807/3807/3807 3808/3808/3808 
f 3808/3808/3808 3809/3809/3809 3806/3806/3806 
f 3810/3810/3810 3811/3811/3811 3812/3812/3812 
f 3812/3812/3812 3813/3813/3813 3810/3810/3810 
f 3814/3814/3814 3815/3815/3815 3816/3816/3816 
f 3817/3817/3817 3815/3815/3815 3818/3818/3818 
f 3819/3819/3819 3815/3815/3815 3817/3817/3817 
f 3816/3816/3816 3815/3815/3815 3819/3819/3819 
f 3819/3819/3819 3820/3820/3820 3816/3816/3816 
f 3821/3821/3821 3816/3816/3816 3820/3820/3820 
f 3820/3820/3820 3822/3822/3822 3821/3821/3821 
f 3823/3823/3823 3822/3822/3822 3820/3820/3820 
f 3821/3821/3821 3822/3822/3822 3824/3824/3824 
f 3825/3825/3825 3824/3824/3824 3822/3822/3822 
f 3826/3826/3826 3824/3824/3824 3825/3825/3825 
f 3827/3827/3827 3824/3824/3824 3826/3826/3826 
f 3825/3825/3825 3828/3828/3828 3826/3826/3826 
f 3829/3829/3829 3826/3826/3826 3828/3828/3828 
f 3828/3828/3828 3830/3830/3830 3829/3829/3829 
f 3830/3830/3830 3828/3828/3828 3831/3831/3831 
f 3829/3829/3829 3830/3830/3830 3832/3832/3832 
f 3833/3833/3833 3832/3832/3832 3830/3830/3830 
f 3834/3834/3834 3835/3835/3835 3836/3836/3836 
f 3837/3837/3837 3835/3835/3835 3834/3834/3834 
f 3838/3838/3838 3839/3839/3839 3840/3840/3840 
f 3839/3839/3839 3841/3841/3841 3840/3840/3840 
f 3842/3842/3842 3843/3843/3843 3844/3844/3844 
f 3845/3845/3845 3842/3842/3842 3844/3844/3844 
f 3846/3846/3846 3847/3847/3847 3848/3848/3848 
f 3849/3849/3849 3848/3848/3848 3847/3847/3847 
f 3850/3850/3850 3851/3851/3851 3852/3852/3852 
f 3853/3853/3853 3852/3852/3852 3851/3851/3851 
f 3854/3854/3854 3855/3855/3855 3856/3856/3856 
f 3856/3856/3856 3855/3855/3855 3857/3857/3857 
f 3858/3858/3858 3859/3859/3859 3860/3860/3860 
f 3861/3861/3861 3860/3860/3860 3859/3859/3859 
f 3862/3862/3862 3863/3863/3863 3864/3864/3864 
f 3865/3865/3865 3863/3863/3863 3862/3862/3862 
f 3866/3866/3866 3867/3867/3867 3868/3868/3868 
f 3868/3868/3868 3869/3869/3869 3866/3866/3866 
f 3870/3870/3870 3871/3871/3871 3872/3872/3872 
f 3872/3872/3872 3873/3873/3873 3870/3870/3870 
f 3874/3874/3874 3875/3875/3875 3876/3876/3876 
f 3877/3877/3877 3875/3875/3875 3874/3874/3874 
f 3878/3878/3878 3875/3875/3875 3877/3877/3877 
f 3875/3875/3875 3878/3878/3878 3879/3879/3879 
f 3877/3877/3877 3880/3880/3880 3878/3878/3878 
f 3881/3881/3881 3878/3878/3878 3880/3880/3880 
f 3880/3880/3880 3882/3882/3882 3881/3881/3881 
f 3883/3883/3883 3882/3882/3882 3880/3880/3880 
f 3881/3881/3881 3882/3882/3882 3884/3884/3884 
f 3885/3885/3885 3884/3884/3884 3882/3882/3882 
f 3886/3886/3886 3884/3884/3884 3885/3885/3885 
f 3887/3887/3887 3884/3884/3884 3886/3886/3886 
f 3885/3885/3885 3888/3888/3888 3886/3886/3886 
f 3889/3889/3889 3886/3886/3886 3888/3888/3888 
f 3888/3888/3888 3890/3890/3890 3889/3889/3889 
f 3890/3890/3890 3888/3888/3888 3891/3891/3891 
f 3889/3889/3889 3890/3890/3890 3892/3892/3892 
f 3892/3892/3892 3890/3890/3890 3893/3893/3893 

g Union231

v -41 24.9997 130.5 
v 80 0.999695 129.5 
v 80 20.9997 130.5 
v 80 0.999695 130.5 
v 80 20.9997 129.5 
v 80 -0.000305176 130.5 
v 80 -0.000305176 129.5 
v -40 -0.000305176 129.5 
v 71 20.9997 130.5 
v 71 9.99969 130.5 
v 71 9.99969 129.5 
v 71 20.9997 129.5 
v 71 8.99969 129.5 
v 71 8.99969 130.5 
v 71 1.99969 129.5 
v 71 1.99969 130.5 
v -30 1.99969 130.5 
v -30 1.99969 129.5 
v -30 9.99969 129.5 
v -30 20.9997 130.5 
v 61 20.9997 130.5 
v 61 9.99969 130.5 
v 61 9.99969 129.5 
v 61 20.9997 129.5 
v 61 8.99969 129.5 
v 61 8.99969 130.5 
v 61 1.99969 129.5 
v 61 1.99969 130.5 
v -20 20.9997 130.5 
v -20 9.99969 129.5 
v 51 9.99969 130.5 
v 51 9.99969 129.5 
v 51 20.9997 130.5 
v 51 20.9997 129.5 
v 51 1.99969 129.5 
v 51 8.99969 130.5 
v 51 1.99969 130.5 
v 51 8.99969 129.5 
v -10 8.99969 130.5 
v -10 1.99969 129.5 
v -10 20.9997 129.5 
v 41 8.99969 129.5 
v 41 8.99969 130.5 
v 41 1.99969 129.5 
v 41 1.99969 130.5 
v 41 20.9997 129.5 
v 41 20.9997 130.5 
v 41 9.99969 129.5 
v 41 9.99969 130.5 
v -7.62939e-06 8.99969 130.5 
v -7.62939e-06 1.99969 130.5 
v -7.62939e-06 20.9997 129.5 
v -7.62939e-06 20.9997 130.5 
v 30 20.9997 129.5 
v 40 20.9997 130.5 
v 60 20.9997 130.5 
v -19 20.9997 129.5 
v 0.999992 20.9997 129.5 
v 9.99999 20.9997 130.5 
v 9.99999 20.9997 129.5 
v 20 20.9997 129.5 
v 21 20.9997 129.5 
v 20 20.9997 130.5 
v 31 9.99969 130.5 
v 31 9.99969 129.5 
v 31 20.9997 130.5 
v 31 20.9997 129.5 
v 31 8.99969 129.5 
v 31 8.99969 130.5 
v 31 1.99969 129.5 
v 31 1.99969 130.5 
v 9.99999 1.99969 129.5 
v 21 9.99969 130.5 
v 11 9.99969 129.5 
v 0.999992 9.99969 129.5 
v -19 9.99969 130.5 
v -40 9.99969 129.5 
v 21 8.99969 130.5 
v 21 1.99969 130.5 
v 21 1.99969 129.5 
v 21 8.99969 129.5 
v 21 9.99969 130.5 
v 21 9.99969 129.5 
v 21 20.9997 130.5 
v 21 20.9997 129.5 
v -20 0.999695 129.5 
v -7.62939e-06 0.999695 129.5 
v 20 0.999695 129.5 
v 40 0.999695 129.5 
v 70 0.999695 129.5 
v -40 1.99969 130.5 
v -30 0.999695 130.5 
v -19 0.999695 130.5 
v -19 1.99969 130.5 
v -10 0.999695 130.5 
v 0.999992 0.999695 130.5 
v 0.999992 1.99969 130.5 
v 9.99999 0.999695 130.5 
v 11 1.99969 130.5 
v 21 0.999695 130.5 
v 41 0.999695 130.5 
v 50 0.999695 130.5 
v 60 0.999695 130.5 
v 70 8.99969 130.5 
v 11 8.99969 129.5 
v 11 8.99969 130.5 
v 11 1.99969 129.5 
v 11 1.99969 130.5 
v 11 9.99969 130.5 
v 11 9.99969 129.5 
v 11 20.9997 130.5 
v 11 20.9997 129.5 
v 0.999992 8.99969 130.5 
v 0.999992 1.99969 130.5 
v 0.999992 1.99969 129.5 
v 0.999992 8.99969 129.5 
v 0.999992 9.99969 130.5 
v 0.999992 9.99969 129.5 
v 0.999992 20.9997 130.5 
v 0.999992 20.9997 129.5 
v -9.00001 8.99969 129.5 
v -9.00001 8.99969 130.5 
v -9.00001 1.99969 129.5 
v -9.00001 1.99969 130.5 
v -9.00001 20.9997 129.5 
v -9.00001 20.9997 130.5 
v -9.00001 9.99969 129.5 
v -9.00001 9.99969 130.5 
v -19 8.99969 129.5 
v -19 8.99969 130.5 
v -19 1.99969 129.5 
v -19 1.99969 130.5 
v -19 9.99969 130.5 
v -19 9.99969 129.5 
v -19 20.9997 130.5 
v -19 20.9997 129.5 
v -29 8.99969 129.5 
v -29 8.99969 130.5 
v -29 1.99969 129.5 
v -29 1.99969 130.5 
v -29 20.9997 129.5 
v -29 20.9997 130.5 
v -29 9.99969 129.5 
v -29 9.99969 130.5 
v -40 24.9997 129.5 
v -40 24.9997 130.5 
v -40 9.99969 129.5 
v -40 9.99969 130.5 
v -40 8.99969 129.5 
v -40 8.99969 130.5 
v -40 1.99969 129.5 
v -40 1.99969 130.5 
v -41 0.999695 129.5 
v 80 -0.000305176 130.5 
v -40 -0.000305176 129.5 
v 71 1.99969 130.5 
v -30 1.99969 130.5 
v -30 1.99969 129.5 
v 61 1.99969 129.5 
v -20 1.99969 130.5 
v 51 1.99969 129.5 
v 51 1.99969 130.5 
v -10 1.99969 129.5 
v 41 1.99969 130.5 
v -7.62939e-06 1.99969 130.5 
v -41 24.9997 129.5 
v -40 24.9997 130.5 
v -40 24.9997 129.5 
v -41 24.9997 130.5 
v 30 20.9997 130.5 
v 31 20.9997 130.5 
v 30 20.9997 129.5 
v 31 20.9997 129.5 
v 40 20.9997 129.5 
v 41 20.9997 130.5 
v 41 20.9997 129.5 
v 40 20.9997 130.5 
v 50 20.9997 129.5 
v 51 20.9997 130.5 
v 51 20.9997 129.5 
v 50 20.9997 130.5 
v 60 20.9997 130.5 
v 61 20.9997 130.5 
v 60 20.9997 129.5 
v 61 20.9997 129.5 
v 70 20.9997 130.5 
v 71 20.9997 130.5 
v 70 20.9997 129.5 
v 71 20.9997 129.5 
v -20 20.9997 130.5 
v -19 20.9997 130.5 
v -20 20.9997 129.5 
v -19 20.9997 129.5 
v -30 20.9997 129.5 
v -29 20.9997 130.5 
v -29 20.9997 129.5 
v -30 20.9997 130.5 
v -10 20.9997 129.5 
v -9.00001 20.9997 130.5 
v -9.00001 20.9997 129.5 
v -10 20.9997 130.5 
v -7.62939e-06 20.9997 130.5 
v 0.999992 20.9997 130.5 
v -7.62939e-06 20.9997 129.5 
v 0.999992 20.9997 129.5 
v 9.99999 20.9997 130.5 
v 11 20.9997 130.5 
v 9.99999 20.9997 129.5 
v 11 20.9997 129.5 
v 20 20.9997 129.5 
v 21 20.9997 130.5 
v 21 20.9997 129.5 
v 20 20.9997 130.5 
v 79 20.9997 129.5 
v 80 20.9997 130.5 
v 80 20.9997 129.5 
v 79 20.9997 130.5 
v 31 1.99969 130.5 
v 9.99999 1.99969 129.5 
v 30 9.99969 130.5 
v 30 9.99969 129.5 
v 21 9.99969 129.5 
v 21 9.99969 130.5 
v 20 9.99969 129.5 
v 11 9.99969 129.5 
v 20 9.99969 130.5 
v 11 9.99969 130.5 
v 9.99999 9.99969 129.5 
v 0.999992 9.99969 129.5 
v 9.99999 9.99969 130.5 
v 0.999992 9.99969 130.5 
v -7.62939e-06 9.99969 129.5 
v -9.00001 9.99969 129.5 
v -7.62939e-06 9.99969 130.5 
v -9.00001 9.99969 130.5 
v 71 9.99969 130.5 
v 79 9.99969 130.5 
v 71 9.99969 129.5 
v 79 9.99969 129.5 
v 61 9.99969 130.5 
v 70 9.99969 130.5 
v 61 9.99969 129.5 
v 70 9.99969 129.5 
v 51 9.99969 130.5 
v 60 9.99969 130.5 
v 51 9.99969 129.5 
v 60 9.99969 129.5 
v -10 9.99969 129.5 
v -19 9.99969 129.5 
v -10 9.99969 130.5 
v -19 9.99969 130.5 
v -20 9.99969 129.5 
v -29 9.99969 129.5 
v -20 9.99969 130.5 
v -29 9.99969 130.5 
v -30 9.99969 129.5 
v -40 9.99969 129.5 
v -30 9.99969 130.5 
v -40 9.99969 130.5 
v 41 9.99969 130.5 
v 50 9.99969 130.5 
v 41 9.99969 129.5 
v 50 9.99969 129.5 
v 31 9.99969 130.5 
v 40 9.99969 130.5 
v 31 9.99969 129.5 
v 40 9.99969 129.5 
v 21 1.99969 130.5 
v -20 0.999695 129.5 
v -7.62939e-06 0.999695 129.5 
v 20 1.99969 129.5 
v 20 0.999695 129.5 
v 40 0.999695 129.5 
v 70 1.99969 129.5 
v 70 0.999695 129.5 
v 79 1.99969 129.5 
v -40 1.99969 130.5 
v -30 0.999695 130.5 
v -19 0.999695 130.5 
v -19 1.99969 130.5 
v -10 0.999695 130.5 
v 0.999992 0.999695 130.5 
v 0.999992 1.99969 130.5 
v 9.99999 0.999695 130.5 
v 11 1.99969 130.5 
v 21 0.999695 130.5 
v 30 0.999695 130.5 
v 41 0.999695 130.5 
v 50 0.999695 130.5 
v 60 0.999695 130.5 
v 71 1.99969 130.5 
v 79 1.99969 130.5 
v 71 1.99969 129.5 
v 79 1.99969 129.5 
v 70 1.99969 130.5 
v 61 1.99969 129.5 
v 61 1.99969 130.5 
v 70 1.99969 129.5 
v 60 1.99969 130.5 
v 51 1.99969 129.5 
v 51 1.99969 130.5 
v 60 1.99969 129.5 
v 50 1.99969 130.5 
v 41 1.99969 129.5 
v 41 1.99969 130.5 
v 50 1.99969 129.5 
v 40 1.99969 130.5 
v 31 1.99969 129.5 
v 31 1.99969 130.5 
v 40 1.99969 129.5 
v 30 1.99969 130.5 
v 21 1.99969 129.5 
v 21 1.99969 130.5 
v 30 1.99969 129.5 
v 0.999992 1.99969 129.5 
v 9.99999 1.99969 130.5 
v 9.99999 1.99969 129.5 
v 0.999992 1.99969 130.5 
v -9.00001 1.99969 129.5 
v -7.62939e-06 1.99969 130.5 
v -7.62939e-06 1.99969 129.5 
v -9.00001 1.99969 130.5 
v -20 1.99969 130.5 
v -29 1.99969 129.5 
v -29 1.99969 130.5 
v -20 1.99969 129.5 
v -19 1.99969 129.5 
v -10 1.99969 130.5 
v -10 1.99969 129.5 
v -19 1.99969 130.5 
v -30 1.99969 129.5 
v -40 1.99969 129.5 
v -30 1.99969 130.5 
v -40 1.99969 130.5 
v 20 1.99969 130.5 
v 11 1.99969 129.5 
v 11 1.99969 130.5 
v 20 1.99969 129.5 
v -41 24.9997 130.5 
v -41 0.999695 129.5 
v 80 20.9997 129.5 
v 80 -0.000305176 130.5 
v -40 -0.000305176 129.5 
v 71 20.9997 129.5 
v 71 1.99969 129.5 
v 71 1.99969 130.5 
v -30 1.99969 130.5 
v -30 1.99969 129.5 
v 61 1.99969 129.5 
v -20 20.9997 130.5 
v -20 9.99969 130.5 
v -20 1.99969 130.5 
v -20 1.99969 129.5 
v 51 1.99969 129.5 
v 51 1.99969 130.5 
v -10 8.99969 130.5 
v -10 1.99969 130.5 
v -10 1.99969 129.5 
v 41 1.99969 130.5 
v -7.62939e-06 1.99969 129.5 
v -7.62939e-06 20.9997 130.5 
v 30 20.9997 129.5 
v 40 20.9997 130.5 
v 9.99999 20.9997 130.5 
v 9.99999 20.9997 129.5 
v 11 20.9997 129.5 
v 20 20.9997 130.5 
v 31 8.99969 129.5 
v 31 1.99969 129.5 
v 31 1.99969 130.5 
v 9.99999 8.99969 130.5 
v 9.99999 8.99969 129.5 
v 9.99999 1.99969 129.5 
v 11 9.99969 129.5 
v 79 9.99969 129.5 
v -19 9.99969 130.5 
v -40 9.99969 129.5 
v 21 8.99969 130.5 
v 21 1.99969 130.5 
v -20 0.999695 129.5 
v -7.62939e-06 0.999695 129.5 
v 20 1.99969 129.5 
v 20 0.999695 129.5 
v 40 1.99969 129.5 
v 40 0.999695 129.5 
v 70 1.99969 129.5 
v 79 1.99969 129.5 
v -41 24.9997 130.5 
v -40 9.99969 130.5 
v -40 24.9997 130.5 
v -40 8.99969 130.5 
v -30 8.99969 130.5 
v -40 1.99969 130.5 
v -30 9.99969 130.5 
v -40 0.999695 130.5 
v -41 0.999695 130.5 
v -30 0.999695 130.5 
v -40 -0.000305176 130.5 
v -30 1.99969 130.5 
v -29 0.999695 130.5 
v 80 -0.000305176 130.5 
v -30 20.9997 130.5 
v -29 1.99969 130.5 
v -29 8.99969 130.5 
v -29 9.99969 130.5 
v -29 20.9997 130.5 
v -20 8.99969 130.5 
v -20 9.99969 130.5 
v -20 0.999695 130.5 
v -20 1.99969 130.5 
v -19 0.999695 130.5 
v -20 20.9997 130.5 
v -19 1.99969 130.5 
v -19 8.99969 130.5 
v -19 9.99969 130.5 
v -19 20.9997 130.5 
v -10 8.99969 130.5 
v -10 9.99969 130.5 
v -10 0.999695 130.5 
v -10 1.99969 130.5 
v -9.00001 0.999695 130.5 
v -10 20.9997 130.5 
v -9.00001 1.99969 130.5 
v -9.00001 8.99969 130.5 
v -9.00001 9.99969 130.5 
v -9.00001 20.9997 130.5 
v -7.62939e-06 8.99969 130.5 
v -7.62939e-06 9.99969 130.5 
v -7.62939e-06 0.999695 130.5 
v -7.62939e-06 1.99969 130.5 
v 0.999992 0.999695 130.5 
v -7.62939e-06 20.9997 130.5 
v 0.999992 1.99969 130.5 
v 0.999992 8.99969 130.5 
v 0.999992 9.99969 130.5 
v 0.999992 20.9997 130.5 
v 9.99999 8.99969 130.5 
v 9.99999 9.99969 130.5 
v 9.99999 0.999695 130.5 
v 11 1.14969 130.5 
v 9.99999 1.99969 130.5 
v 9.99999 20.9997 130.5 
v 20 0.999695 130.5 
v 20 1.99969 130.5 
v 11 1.99969 130.5 
v 11 8.99969 130.5 
v 11 9.99969 130.5 
v 11 20.9997 130.5 
v 20 8.99969 130.5 
v 20 9.99969 130.5 
v 21 0.999695 130.5 
v 20 20.9997 130.5 
v 21 1.99969 130.5 
v 21 8.99969 130.5 
v 21 9.99969 130.5 
v 21 20.9997 130.5 
v 30 8.99969 130.5 
v 30 9.99969 130.5 
v 30 0.999695 130.5 
v 30 1.99969 130.5 
v 31 0.999695 130.5 
v 30 20.9997 130.5 
v 31 1.99969 130.5 
v 31 8.99969 130.5 
v 31 9.99969 130.5 
v 31 20.9997 130.5 
v 40 8.99969 130.5 
v 40 9.99969 130.5 
v 40 0.999695 130.5 
v 40 1.99969 130.5 
v 41 0.999695 130.5 
v 40 20.9997 130.5 
v 41 1.99969 130.5 
v 41 8.99969 130.5 
v 41 9.99969 130.5 
v 41 20.9997 130.5 
v 50 8.99969 130.5 
v 50 9.99969 130.5 
v 50 0.999695 130.5 
v 50 1.99969 130.5 
v 51 0.999695 130.5 
v 50 20.9997 130.5 
v 51 1.99969 130.5 
v 51 8.99969 130.5 
v 51 9.99969 130.5 
v 51 20.9997 130.5 
v 60 8.99969 130.5 
v 60 9.99969 130.5 
v 60 0.999695 130.5 
v 60 1.99969 130.5 
v 61 0.999695 130.5 
v 60 20.9997 130.5 
v 70 1.99969 130.5 
v 61 1.99969 130.5 
v 61 8.99969 130.5 
v 61 9.99969 130.5 
v 61 20.9997 130.5 
v 70 8.99969 130.5 
v 70 9.99969 130.5 
v 71 1.99969 130.5 
v 70 20.9997 130.5 
v 79 1.99969 130.5 
v 71 8.99969 130.5 
v 80 0.999695 130.5 
v 71 9.99969 130.5 
v 71 20.9997 130.5 
v 79 8.99969 130.5 
v 79 9.99969 130.5 
v 79 20.9997 130.5 
v 80 20.9997 130.5 
v 9.99999 20.9997 130.5 
v 11 1.14969 130.5 
v 11 1.99969 130.5 
v -41 24.9997 129.5 
v -41 0.999695 130.5 
v -41 24.9997 130.5 
v -41 0.999695 129.5 
v 80 -0.000305176 130.5 
v -40 0.999695 129.5 
v -40 -0.000305176 129.5 
v -40 0.999695 130.5 
v -40 -0.000305176 130.5 
v 71 20.9997 129.5 
v 71 1.99969 129.5 
v 71 1.99969 130.5 
v -30 1.99969 130.5 
v -30 8.99969 129.5 
v -30 1.99969 129.5 
v -30 8.99969 130.5 
v -30 9.99969 129.5 
v -30 9.99969 130.5 
v -30 20.9997 129.5 
v -30 20.9997 130.5 
v 61 9.99969 129.5 
v 61 1.99969 129.5 
v -20 20.9997 130.5 
v -20 20.9997 129.5 
v -20 9.99969 130.5 
v -20 9.99969 129.5 
v -20 8.99969 130.5 
v -20 8.99969 129.5 
v -20 1.99969 130.5 
v -20 1.99969 129.5 
v 51 9.99969 130.5 
v 51 20.9997 129.5 
v 51 1.99969 129.5 
v 51 1.99969 130.5 
v -10 8.99969 130.5 
v -10 8.99969 129.5 
v -10 1.99969 130.5 
v -10 1.99969 129.5 
v -10 20.9997 129.5 
v -10 9.99969 129.5 
v -10 9.99969 130.5 
v -10 20.9997 130.5 
v 41 8.99969 129.5 
v 41 1.99969 130.5 
v 41 20.9997 129.5 
v -7.62939e-06 8.99969 130.5 
v -7.62939e-06 8.99969 129.5 
v -7.62939e-06 1.99969 130.5 
v -7.62939e-06 1.99969 129.5 
v -7.62939e-06 9.99969 129.5 
v -7.62939e-06 9.99969 130.5 
v -7.62939e-06 20.9997 129.5 
v -7.62939e-06 20.9997 130.5 
v 30 20.9997 129.5 
v 40 20.9997 130.5 
v 60 20.9997 130.5 
v -19 20.9997 129.5 
v 0.999992 20.9997 129.5 
v 9.99999 20.9997 129.5 
v 11 20.9997 129.5 
v 20 20.9997 129.5 
v 21 20.9997 129.5 
v 20 20.9997 130.5 
v 31 8.99969 129.5 
v 31 1.99969 129.5 
v 31 1.99969 130.5 
v 9.99999 8.99969 130.5 
v 9.99999 8.99969 129.5 
v 9.99999 1.99969 130.5 
v 9.99999 1.99969 129.5 
v 9.99999 20.9997 130.5 
v 9.99999 20.9997 129.5 
v 9.99999 9.99969 130.5 
v 9.99999 9.99969 129.5 
v 21 9.99969 130.5 
v 20 9.99969 129.5 
v 79 9.99969 129.5 
v -40 9.99969 129.5 
v 21 1.99969 130.5 
v -20 0.999695 129.5 
v -7.62939e-06 0.999695 129.5 
v 20 1.99969 129.5 
v 20 0.999695 129.5 
v 40 8.99969 129.5 
v 40 1.99969 129.5 
v 40 0.999695 129.5 
v 70 0.999695 129.5 
v 79 1.99969 129.5 
v -40 1.99969 130.5 
v -30 0.999695 130.5 
v -19 0.999695 130.5 
v -19 1.99969 130.5 
v -10 0.999695 130.5 
v 0.999992 0.999695 130.5 
v 9.99999 0.999695 130.5 
v 21 0.999695 130.5 
v 30 0.999695 130.5 
v 41 0.999695 130.5 
v 50 0.999695 130.5 
v 60 0.999695 130.5 
v 70 8.99969 130.5 
v 20 8.99969 130.5 
v 20 8.99969 129.5 
v 20 1.99969 130.5 
v 20 1.99969 129.5 
v 20 20.9997 130.5 
v 20 20.9997 129.5 
v 20 9.99969 130.5 
v 20 9.99969 129.5 
v 30 8.99969 130.5 
v 30 8.99969 129.5 
v 30 1.99969 130.5 
v 30 1.99969 129.5 
v 30 20.9997 130.5 
v 30 20.9997 129.5 
v 30 9.99969 130.5 
v 30 9.99969 129.5 
v 40 8.99969 130.5 
v 40 8.99969 129.5 
v 40 1.99969 130.5 
v 40 1.99969 129.5 
v 40 20.9997 130.5 
v 40 20.9997 129.5 
v 40 9.99969 130.5 
v 40 9.99969 129.5 
v 50 8.99969 129.5 
v 50 1.99969 129.5 
v 50 1.99969 130.5 
v 50 8.99969 130.5 
v 50 20.9997 130.5 
v 50 20.9997 129.5 
v 50 9.99969 130.5 
v 50 9.99969 129.5 
v 60 8.99969 130.5 
v 60 8.99969 129.5 
v 60 1.99969 130.5 
v 60 1.99969 129.5 
v 60 20.9997 130.5 
v 60 20.9997 129.5 
v 60 9.99969 130.5 
v 60 9.99969 129.5 
v 70 20.9997 130.5 
v 70 20.9997 129.5 
v 70 9.99969 130.5 
v 70 9.99969 129.5 
v 70 1.99969 129.5 
v 70 1.99969 130.5 
v 70 8.99969 129.5 
v 70 8.99969 130.5 
v 79 1.99969 129.5 
v 79 1.99969 130.5 
v 79 8.99969 129.5 
v 79 8.99969 130.5 
v 79 9.99969 129.5 
v 79 9.99969 130.5 
v 79 20.9997 129.5 
v 79 20.9997 130.5 
v -41 0.999695 129.5 
v 80 -0.000305176 130.5 
v -40 -0.000305176 129.5 
v 71 1.99969 130.5 
v 61 1.99969 129.5 
v 51 1.99969 129.5 
v -10 1.99969 129.5 
v -7.62939e-06 1.99969 130.5 
v 31 1.99969 129.5 
v 9.99999 1.99969 129.5 
v 80 -0.000305176 129.5 
v 80 -0.000305176 130.5 
v -40 -0.000305176 130.5 
v -40 -0.000305176 129.5 
v -40 0.999695 129.5 
v -41 0.999695 130.5 
v -41 0.999695 129.5 
v -40 0.999695 130.5 
v 21 1.99969 130.5 
v -20 0.999695 129.5 
v -7.62939e-06 0.999695 129.5 
v 20 1.99969 129.5 
v 20 0.999695 129.5 
v 40 1.99969 129.5 
v 40 0.999695 129.5 
v -19 0.999695 130.5 
v 0.999992 0.999695 130.5 
v 9.99999 0.999695 130.5 
v 11 1.99969 130.5 
v 21 0.999695 130.5 
v 30 0.999695 130.5 
v 41 0.999695 130.5 
v 50 0.999695 130.5 
v 60 0.999695 130.5 
v 21 8.99969 130.5 
v 21 8.99969 129.5 
v 30 8.99969 129.5 
v 30 8.99969 130.5 
v 11 8.99969 130.5 
v 11 8.99969 129.5 
v 20 8.99969 129.5 
v 20 8.99969 130.5 
v 0.999992 8.99969 130.5 
v 0.999992 8.99969 129.5 
v 9.99999 8.99969 129.5 
v 9.99999 8.99969 130.5 
v -9.00001 8.99969 130.5 
v -9.00001 8.99969 129.5 
v -7.62939e-06 8.99969 129.5 
v -7.62939e-06 8.99969 130.5 
v 79 8.99969 129.5 
v 79 8.99969 130.5 
v 71 8.99969 130.5 
v 71 8.99969 129.5 
v 70 8.99969 129.5 
v 70 8.99969 130.5 
v 61 8.99969 130.5 
v 61 8.99969 129.5 
v 60 8.99969 129.5 
v 60 8.99969 130.5 
v 51 8.99969 130.5 
v 51 8.99969 129.5 
v -19 8.99969 130.5 
v -19 8.99969 129.5 
v -10 8.99969 129.5 
v -10 8.99969 130.5 
v -29 8.99969 130.5 
v -29 8.99969 129.5 
v -20 8.99969 129.5 
v -20 8.99969 130.5 
v -40 8.99969 130.5 
v -40 8.99969 129.5 
v -30 8.99969 129.5 
v -30 8.99969 130.5 
v 50 8.99969 129.5 
v 50 8.99969 130.5 
v 41 8.99969 130.5 
v 41 8.99969 129.5 
v 40 8.99969 129.5 
v 40 8.99969 130.5 
v 31 8.99969 130.5 
v 31 8.99969 129.5 
v -41 24.9997 130.5 
v -41 0.999695 129.5 
v 80 20.9997 129.5 
v 80 -0.000305176 130.5 
v -40 -0.000305176 129.5 
v 71 20.9997 129.5 
v 71 1.99969 129.5 
v 71 1.99969 130.5 
v -30 1.99969 129.5 
v 61 1.99969 129.5 
v -20 1.99969 129.5 
v 51 9.99969 130.5 
v 51 20.9997 129.5 
v 51 1.99969 129.5 
v -10 1.99969 130.5 
v -10 1.99969 129.5 
v 41 8.99969 129.5 
v 41 1.99969 130.5 
v 41 20.9997 129.5 
v -7.62939e-06 8.99969 129.5 
v -7.62939e-06 1.99969 129.5 
v 30 20.9997 129.5 
v -19 20.9997 129.5 
v 0.999992 20.9997 129.5 
v 9.99999 20.9997 130.5 
v 11 20.9997 129.5 
v 21 20.9997 129.5 
v 31 8.99969 129.5 
v 31 1.99969 129.5 
v 9.99999 8.99969 130.5 
v 9.99999 1.99969 129.5 
v 20 9.99969 129.5 
v 11 9.99969 129.5 
v 0.999992 9.99969 129.5 
v 79 9.99969 129.5 
v -40 9.99969 129.5 
v 21 1.99969 130.5 
v -40 1.99969 129.5 
v -41 0.999695 129.5 
v -40 8.99969 129.5 
v -40 0.999695 129.5 
v -30 1.99969 129.5 
v -40 9.99969 129.5 
v -40 24.9997 129.5 
v -41 24.9997 129.5 
v -30 9.99969 129.5 
v -30 8.99969 129.5 
v -29 20.9997 129.5 
v -30 20.9997 129.5 
v -29 9.99969 129.5 
v -29 8.99969 129.5 
v -20 9.99969 129.5 
v -29 1.99969 129.5 
v -20 8.99969 129.5 
v -40 -0.000305176 129.5 
v -19 20.9997 129.5 
v -20 20.9997 129.5 
v -20 1.99969 129.5 
v -20 0.999695 129.5 
v -19 9.99969 129.5 
v -19 8.99969 129.5 
v -10 9.99969 129.5 
v -19 1.99969 129.5 
v -10 8.99969 129.5 
v -19 0.999695 129.5 
v -10 1.99969 129.5 
v -9.00001 20.9997 129.5 
v -10 20.9997 129.5 
v -10 0.999695 129.5 
v -9.00001 9.99969 129.5 
v -9.00001 8.99969 129.5 
v -7.62939e-06 9.99969 129.5 
v -9.00001 1.99969 129.5 
v -7.62939e-06 8.99969 129.5 
v -9.00001 0.999695 129.5 
v -7.62939e-06 1.99969 129.5 
v 0.999992 20.9997 129.5 
v -7.62939e-06 20.9997 129.5 
v -7.62939e-06 0.999695 129.5 
v 0.999992 9.99969 129.5 
v 0.999992 8.99969 129.5 
v 9.99999 9.99969 129.5 
v 0.999992 1.99969 129.5 
v 9.99999 8.99969 129.5 
v 0.999992 0.999695 129.5 
v 9.99999 1.99969 129.5 
v 11 20.9997 129.5 
v 9.99999 20.9997 129.5 
v 9.99999 0.999695 129.5 
v 11 9.99969 129.5 
v 11 8.99969 129.5 
v 20 9.99969 129.5 
v 11 1.99969 129.5 
v 20 8.99969 129.5 
v 11 0.999695 129.5 
v 20 1.99969 129.5 
v 21 20.9997 129.5 
v 20 20.9997 129.5 
v 20 0.999695 129.5 
v 21 9.99969 129.5 
v 21 8.99969 129.5 
v 30 9.99969 129.5 
v 21 1.99969 129.5 
v 30 8.99969 129.5 
v 21 0.999695 129.5 
v 30 1.99969 129.5 
v 31 20.9997 129.5 
v 30 20.9997 129.5 
v 30 0.999695 129.5 
v 31 9.99969 129.5 
v 31 8.99969 129.5 
v 40 9.99969 129.5 
v 31 1.99969 129.5 
v 40 8.99969 129.5 
v 31 0.999695 129.5 
v 40 1.99969 129.5 
v 41 20.9997 129.5 
v 40 20.9997 129.5 
v 40 0.999695 129.5 
v 41 9.99969 129.5 
v 41 8.99969 129.5 
v 50 9.99969 129.5 
v 41 1.99969 129.5 
v 50 8.99969 129.5 
v 41 0.999695 129.5 
v 50 1.99969 129.5 
v 51 20.9997 129.5 
v 50 20.9997 129.5 
v 50 0.999695 129.5 
v 51 9.99969 129.5 
v 51 8.99969 129.5 
v 60 9.99969 129.5 
v 51 1.99969 129.5 
v 60 8.99969 129.5 
v 51 0.999695 129.5 
v 60 1.99969 129.5 
v 61 20.9997 129.5 
v 60 20.9997 129.5 
v 60 0.999695 129.5 
v 61 9.99969 129.5 
v 61 8.99969 129.5 
v 70 9.99969 129.5 
v 61 1.99969 129.5 
v 70 8.99969 129.5 
v 61 0.999695 129.5 
v 70 1.99969 129.5 
v 71 20.9997 129.5 
v 70 20.9997 129.5 
v 70 0.999695 129.5 
v 71 9.99969 129.5 
v 71 8.99969 129.5 
v 79 9.99969 129.5 
v 71 1.99969 129.5 
v 79 8.99969 129.5 
v 80 20.9997 129.5 
v 79 20.9997 129.5 
v 79 1.99969 129.5 
v 80 0.999695 129.5 
v 80 -0.000305176 129.5 
v 71 0.999695 129.5 

vn -1 0 0 
vn 1 0 0 
vn 1 0 0 
vn 1 0 0 
vn 1 0 0 
vn 1 0 0 
vn 1 0 0 
vn -1 0 0 
vn 1 0 0 
vn 1 0 0 
vn 1 0 0 
vn 1 0 0 
vn 1 0 0 
vn 1 0 0 
vn 1 0 0 
vn 1 0 0 
vn -1 0 0 
vn -1 0 0 
vn -1 0 0 
vn -1 0 0 
vn 1 0 0 
vn 1 0 0 
vn 1 0 0 
vn 1 0 0 
vn 1 0 0 
vn 1 0 0 
vn 1 0 0 
vn 1 0 0 
vn -1 0 0 
vn -1 0 0 
vn 1 0 0 
vn 1 0 0 
vn 1 0 0 
vn 1 0 0 
vn 1 0 0 
vn 1 0 0 
vn 1 0 0 
vn 1 0 0 
vn -1 0 0 
vn -1 0 0 
vn -1 0 0 
vn 1 0 0 
vn 1 0 0 
vn 1 0 0 
vn 1 0 0 
vn 1 0 0 
vn 1 0 0 
vn 1 0 0 
vn 1 0 0 
vn -1 0 0 
vn -1 0 0 
vn -1 0 0 
vn -1 0 0 
vn 0 1 0 
vn 0 1 0 
vn 0 1 0 
vn 0 1 0 
vn 0 1 0 
vn 0 1 0 
vn 0 1 0 
vn 0 1 0 
vn 0 1 0 
vn 0 1 0 
vn 1 0 0 
vn 1 0 0 
vn 1 0 0 
vn 1 0 0 
vn 1 0 0 
vn 1 0 0 
vn 1 0 0 
vn 1 0 0 
vn -1 0 0 
vn 0 1 0 
vn 0 1 0 
vn 0 1 0 
vn 0 1 0 
vn 0 1 0 
vn 1 0 0 
vn 1 0 0 
vn 1 0 0 
vn 1 0 0 
vn 1 0 0 
vn 1 0 0 
vn 1 0 0 
vn 1 0 0 
vn 0 0 -1 
vn 0 0 -1 
vn 0 0 -1 
vn 0 0 -1 
vn 0 0 -1 
vn 0 0 1 
vn 0 0 1 
vn 0 0 1 
vn 0 0 1 
vn 0 0 1 
vn 0 0 1 
vn 0 0 1 
vn 0 0 1 
vn 0 0 1 
vn 0 0 1 
vn 0 0 1 
vn 0 0 1 
vn 0 0 1 
vn 0 0 1 
vn 1 0 0 
vn 1 0 0 
vn 1 0 0 
vn 1 0 0 
vn 1 0 0 
vn 1 0 0 
vn 1 0 0 
vn 1 0 0 
vn 1 0 0 
vn 1 0 0 
vn 1 0 0 
vn 1 0 0 
vn 1 0 0 
vn 1 0 0 
vn 1 0 0 
vn 1 0 0 
vn 1 0 0 
vn 1 0 0 
vn 1 0 0 
vn 1 0 0 
vn 1 0 0 
vn 1 0 0 
vn 1 0 0 
vn 1 0 0 
vn 1 0 0 
vn 1 0 0 
vn 1 0 0 
vn 1 0 0 
vn 1 0 0 
vn 1 0 0 
vn 1 0 0 
vn 1 0 0 
vn 1 0 0 
vn 1 0 0 
vn 1 0 0 
vn 1 0 0 
vn 1 0 0 
vn 1 0 0 
vn 1 0 0 
vn 1 0 0 
vn 1 0 0 
vn 1 0 0 
vn 1 0 0 
vn 1 0 0 
vn 1 0 0 
vn 1 0 0 
vn 1 0 0 
vn 1 0 0 
vn -1 0 0 
vn 1 0 0 
vn -1 0 0 
vn 1 0 0 
vn -1 0 0 
vn -1 0 0 
vn 1 0 0 
vn -1 0 0 
vn 1 0 0 
vn 1 0 0 
vn -1 0 0 
vn 1 0 0 
vn -1 0 0 
vn 0 1 0 
vn 0 1 0 
vn 0 1 0 
vn 0 1 0 
vn 0 1 0 
vn 0 1 0 
vn 0 1 0 
vn 0 1 0 
vn 0 1 0 
vn 0 1 0 
vn 0 1 0 
vn 0 1 0 
vn 0 1 0 
vn 0 1 0 
vn 0 1 0 
vn 0 1 0 
vn 0 1 0 
vn 0 1 0 
vn 0 1 0 
vn 0 1 0 
vn 0 1 0 
vn 0 1 0 
vn 0 1 0 
vn 0 1 0 
vn 0 1 0 
vn 0 1 0 
vn 0 1 0 
vn 0 1 0 
vn 0 1 0 
vn 0 1 0 
vn 0 1 0 
vn 0 1 0 
vn 0 1 0 
vn 0 1 0 
vn 0 1 0 
vn 0 1 0 
vn 0 1 0 
vn 0 1 0 
vn 0 1 0 
vn 0 1 0 
vn 0 1 0 
vn 0 1 0 
vn 0 1 0 
vn 0 1 0 
vn 0 1 0 
vn 0 1 0 
vn 0 1 0 
vn 0 1 0 
vn 0 1 0 
vn 0 1 0 
vn 0 1 0 
vn 0 1 0 
vn 1 0 0 
vn -1 0 0 
vn 0 1 0 
vn 0 1 0 
vn 0 1 0 
vn 0 1 0 
vn 0 1 0 
vn 0 1 0 
vn 0 1 0 
vn 0 1 0 
vn 0 1 0 
vn 0 1 0 
vn 0 1 0 
vn 0 1 0 
vn 0 1 0 
vn 0 1 0 
vn 0 1 0 
vn 0 1 0 
vn 0 1 0 
vn 0 1 0 
vn 0 1 0 
vn 0 1 0 
vn 0 1 0 
vn 0 1 0 
vn 0 1 0 
vn 0 1 0 
vn 0 1 0 
vn 0 1 0 
vn 0 1 0 
vn 0 1 0 
vn 0 1 0 
vn 0 1 0 
vn 0 1 0 
vn 0 1 0 
vn 0 1 0 
vn 0 1 0 
vn 0 1 0 
vn 0 1 0 
vn 0 1 0 
vn 0 1 0 
vn 0 1 0 
vn 0 1 0 
vn 0 1 0 
vn 0 1 0 
vn 0 1 0 
vn 0 1 0 
vn 0 1 0 
vn 0 1 0 
vn 0 1 0 
vn 0 1 0 
vn 1 0 0 
vn 0 0 -1 
vn 0 0 -1 
vn 0 0 -1 
vn 0 0 -1 
vn 0 0 -1 
vn 0 0 -1 
vn 0 0 -1 
vn 0 0 -1 
vn 0 0 1 
vn 0 0 1 
vn 0 0 1 
vn 0 0 1 
vn 0 0 1 
vn 0 0 1 
vn 0 0 1 
vn 0 0 1 
vn 0 0 1 
vn 0 0 1 
vn 0 0 1 
vn 0 0 1 
vn 0 0 1 
vn 0 0 1 
vn 0 1 0 
vn 0 1 0 
vn 0 1 0 
vn 0 1 0 
vn 0 1 0 
vn 0 1 0 
vn 0 1 0 
vn 0 1 0 
vn 0 1 0 
vn 0 1 0 
vn 0 1 0 
vn 0 1 0 
vn 0 1 0 
vn 0 1 0 
vn 0 1 0 
vn 0 1 0 
vn 0 1 0 
vn 0 1 0 
vn 0 1 0 
vn 0 1 0 
vn 0 1 0 
vn 0 1 0 
vn 0 1 0 
vn 0 1 0 
vn 0 1 0 
vn 0 1 0 
vn 0 1 0 
vn 0 1 0 
vn 0 1 0 
vn 0 1 0 
vn 0 1 0 
vn 0 1 0 
vn 0 1 0 
vn 0 1 0 
vn 0 1 0 
vn 0 1 0 
vn 0 1 0 
vn 0 1 0 
vn 0 1 0 
vn 0 1 0 
vn 0 1 0 
vn 0 1 0 
vn 0 1 0 
vn 0 1 0 
vn 0 1 0 
vn 0 1 0 
vn 0 1 0 
vn 0 1 0 
vn -1 0 0 
vn -1 0 0 
vn 1 0 0 
vn 1 0 0 
vn -1 0 0 
vn 1 0 0 
vn 1 0 0 
vn 1 0 0 
vn -1 0 0 
vn -1 0 0 
vn 1 0 0 
vn -1 0 0 
vn -1 0 0 
vn -1 0 0 
vn -1 0 0 
vn 1 0 0 
vn 1 0 0 
vn -1 0 0 
vn -1 0 0 
vn -1 0 0 
vn 1 0 0 
vn -1 0 0 
vn -1 0 0 
vn 0 1 0 
vn 0 1 0 
vn 0 1 0 
vn 0 1 0 
vn 0 1 0 
vn 0 1 0 
vn 1 0 0 
vn 1 0 0 
vn 1 0 0 
vn -1 0 0 
vn -1 0 0 
vn -1 0 0 
vn 0 1 0 
vn 0 1 0 
vn 0 1 0 
vn 0 1 0 
vn 1 0 0 
vn 1 0 0 
vn 0 0 -1 
vn 0 0 -1 
vn 0 0 -1 
vn 0 0 -1 
vn 0 0 -1 
vn 0 0 -1 
vn 0 0 -1 
vn 0 0 -1 
vn 0 0 1 
vn 0 0 1 
vn 0 0 1 
vn 0 0 1 
vn 0 0 1 
vn 0 0 1 
vn 0 0 1 
vn 0 0 1 
vn 0 0 1 
vn 0 0 1 
vn 0 0 1 
vn 0 0 1 
vn 0 0 1 
vn 0 0 1 
vn 0 0 1 
vn 0 0 1 
vn 0 0 1 
vn 0 0 1 
vn 0 0 1 
vn 0 0 1 
vn 0 0 1 
vn 0 0 1 
vn 0 0 1 
vn 0 0 1 
vn 0 0 1 
vn 0 0 1 
vn 0 0 1 
vn 0 0 1 
vn 0 0 1 
vn 0 0 1 
vn 0 0 1 
vn 0 0 1 
vn 0 0 1 
vn 0 0 1 
vn 0 0 1 
vn 0 0 1 
vn 0 0 1 
vn 0 0 1 
vn 0 0 1 
vn 0 0 1 
vn 0 0 1 
vn 0 0 1 
vn 0 0 1 
vn 0 0 1 
vn 0 0 1 
vn 0 0 1 
vn 0 0 1 
vn 0 0 1 
vn 0 0 1 
vn 0 0 1 
vn 0 0 1 
vn 0 0 1 
vn 0 0 1 
vn 0 0 1 
vn 0 0 1 
vn 0 0 1 
vn 0 0 1 
vn 0 0 1 
vn 0 0 1 
vn 0 0 1 
vn 0 0 1 
vn 0 0 1 
vn 0 0 1 
vn 0 0 1 
vn 0 0 1 
vn 0 0 1 
vn 0 0 1 
vn 0 0 1 
vn 0 0 1 
vn 0 0 1 
vn 0 0 1 
vn 0 0 1 
vn 0 0 1 
vn 0 0 1 
vn 0 0 1 
vn 0 0 1 
vn 0 0 1 
vn 0 0 1 
vn 0 0 1 
vn 0 0 1 
vn 0 0 1 
vn 0 0 1 
vn 0 0 1 
vn 0 0 1 
vn 0 0 1 
vn 0 0 1 
vn 0 0 1 
vn 0 0 1 
vn 0 0 1 
vn 0 0 1 
vn 0 0 1 
vn 0 0 1 
vn 0 0 1 
vn 0 0 1 
vn 0 0 1 
vn 0 0 1 
vn 0 0 1 
vn 0 0 1 
vn 0 0 1 
vn 0 0 1 
vn 0 0 1 
vn 0 0 1 
vn 0 0 1 
vn 0 0 1 
vn 0 0 1 
vn 0 0 1 
vn 0 0 1 
vn 0 0 1 
vn 0 0 1 
vn 0 0 1 
vn 0 0 1 
vn 0 0 1 
vn 0 0 1 
vn 0 0 1 
vn 0 0 1 
vn 0 0 1 
vn 0 0 1 
vn 0 0 1 
vn 0 0 1 
vn 0 0 1 
vn 0 0 1 
vn 0 0 1 
vn 0 0 1 
vn 0 0 1 
vn 0 0 1 
vn 0 0 1 
vn -1 0 0 
vn -1 0 0 
vn -1 0 0 
vn -1 0 0 
vn 1 0 0 
vn -1 0 0 
vn -1 0 0 
vn -1 0 0 
vn -1 0 0 
vn 1 0 0 
vn 1 0 0 
vn 1 0 0 
vn -1 0 0 
vn -1 0 0 
vn -1 0 0 
vn -1 0 0 
vn -1 0 0 
vn -1 0 0 
vn -1 0 0 
vn -1 0 0 
vn 1 0 0 
vn 1 0 0 
vn -1 0 0 
vn -1 0 0 
vn -1 0 0 
vn -1 0 0 
vn -1 0 0 
vn -1 0 0 
vn -1 0 0 
vn -1 0 0 
vn 1 0 0 
vn 1 0 0 
vn 1 0 0 
vn 1 0 0 
vn -1 0 0 
vn -1 0 0 
vn -1 0 0 
vn -1 0 0 
vn -1 0 0 
vn -1 0 0 
vn -1 0 0 
vn -1 0 0 
vn 1 0 0 
vn 1 0 0 
vn 1 0 0 
vn -1 0 0 
vn -1 0 0 
vn -1 0 0 
vn -1 0 0 
vn -1 0 0 
vn -1 0 0 
vn -1 0 0 
vn -1 0 0 
vn 0 1 0 
vn 0 1 0 
vn 0 1 0 
vn 0 1 0 
vn 0 1 0 
vn 0 1 0 
vn 0 1 0 
vn 0 1 0 
vn 0 1 0 
vn 0 1 0 
vn 1 0 0 
vn 1 0 0 
vn 1 0 0 
vn -1 0 0 
vn -1 0 0 
vn -1 0 0 
vn -1 0 0 
vn -1 0 0 
vn -1 0 0 
vn -1 0 0 
vn -1 0 0 
vn 0 1 0 
vn 0 1 0 
vn 0 1 0 
vn 0 1 0 
vn 1 0 0 
vn 0 0 -1 
vn 0 0 -1 
vn 0 0 -1 
vn 0 0 -1 
vn 0 0 -1 
vn 0 0 -1 
vn 0 0 -1 
vn 0 0 -1 
vn 0 0 -1 
vn 0 0 1 
vn 0 0 1 
vn 0 0 1 
vn 0 0 1 
vn 0 0 1 
vn 0 0 1 
vn 0 0 1 
vn 0 0 1 
vn 0 0 1 
vn 0 0 1 
vn 0 0 1 
vn 0 0 1 
vn 0 0 1 
vn -1 0 0 
vn -1 0 0 
vn -1 0 0 
vn -1 0 0 
vn -1 0 0 
vn -1 0 0 
vn -1 0 0 
vn -1 0 0 
vn -1 0 0 
vn -1 0 0 
vn -1 0 0 
vn -1 0 0 
vn -1 0 0 
vn -1 0 0 
vn -1 0 0 
vn -1 0 0 
vn -1 0 0 
vn -1 0 0 
vn -1 0 0 
vn -1 0 0 
vn -1 0 0 
vn -1 0 0 
vn -1 0 0 
vn -1 0 0 
vn -1 0 0 
vn -1 0 0 
vn -1 0 0 
vn -1 0 0 
vn -1 0 0 
vn -1 0 0 
vn -1 0 0 
vn -1 0 0 
vn -1 0 0 
vn -1 0 0 
vn -1 0 0 
vn -1 0 0 
vn -1 0 0 
vn -1 0 0 
vn -1 0 0 
vn -1 0 0 
vn -1 0 0 
vn -1 0 0 
vn -1 0 0 
vn -1 0 0 
vn -1 0 0 
vn -1 0 0 
vn -1 0 0 
vn -1 0 0 
vn -1 0 0 
vn -1 0 0 
vn -1 0 0 
vn -1 0 0 
vn -1 0 0 
vn -1 0 0 
vn -1 0 0 
vn -1 0 0 
vn -1 0 0 
vn 1 0 0 
vn -1 0 0 
vn 1 0 0 
vn 1 0 0 
vn 1 0 0 
vn -1 0 0 
vn -1 0 0 
vn 1 0 0 
vn -1 0 0 
vn 0 -1 0 
vn 0 -1 0 
vn 0 -1 0 
vn 0 -1 0 
vn 0 -1 0 
vn 0 -1 0 
vn 0 -1 0 
vn 0 -1 0 
vn 1 0 0 
vn 0 0 -1 
vn 0 0 -1 
vn 0 0 -1 
vn 0 0 -1 
vn 0 0 -1 
vn 0 0 -1 
vn 0 0 1 
vn 0 0 1 
vn 0 0 1 
vn 0 0 1 
vn 0 0 1 
vn 0 0 1 
vn 0 0 1 
vn 0 0 1 
vn 0 0 1 
vn 0 -1 0 
vn 0 -1 0 
vn 0 -1 0 
vn 0 -1 0 
vn 0 -1 0 
vn 0 -1 0 
vn 0 -1 0 
vn 0 -1 0 
vn 0 -1 0 
vn 0 -1 0 
vn 0 -1 0 
vn 0 -1 0 
vn 0 -1 0 
vn 0 -1 0 
vn 0 -1 0 
vn 0 -1 0 
vn 0 -1 0 
vn 0 -1 0 
vn 0 -1 0 
vn 0 -1 0 
vn 0 -1 0 
vn 0 -1 0 
vn 0 -1 0 
vn 0 -1 0 
vn 0 -1 0 
vn 0 -1 0 
vn 0 -1 0 
vn 0 -1 0 
vn 0 -1 0 
vn 0 -1 0 
vn 0 -1 0 
vn 0 -1 0 
vn 0 -1 0 
vn 0 -1 0 
vn 0 -1 0 
vn 0 -1 0 
vn 0 -1 0 
vn 0 -1 0 
vn 0 -1 0 
vn 0 -1 0 
vn 0 -1 0 
vn 0 -1 0 
vn 0 -1 0 
vn 0 -1 0 
vn 0 -1 0 
vn 0 -1 0 
vn 0 -1 0 
vn 0 -1 0 
vn -1 0 0 
vn -1 0 0 
vn 1 0 0 
vn 1 0 0 
vn -1 0 0 
vn 1 0 0 
vn 1 0 0 
vn 1 0 0 
vn -1 0 0 
vn 1 0 0 
vn -1 0 0 
vn 1 0 0 
vn 1 0 0 
vn 1 0 0 
vn -1 0 0 
vn -1 0 0 
vn 1 0 0 
vn 1 0 0 
vn 1 0 0 
vn -1 0 0 
vn -1 0 0 
vn 0 1 0 
vn 0 1 0 
vn 0 1 0 
vn 0 1 0 
vn 0 1 0 
vn 0 1 0 
vn 1 0 0 
vn 1 0 0 
vn -1 0 0 
vn -1 0 0 
vn 0 1 0 
vn 0 1 0 
vn 0 1 0 
vn 0 1 0 
vn 0 1 0 
vn 1 0 0 
vn 0 0 -1 
vn 0 0 -1 
vn 0 0 -1 
vn 0 0 -1 
vn 0 0 -1 
vn 0 0 -1 
vn 0 0 -1 
vn 0 0 -1 
vn 0 0 -1 
vn 0 0 -1 
vn 0 0 -1 
vn 0 0 -1 
vn 0 0 -1 
vn 0 0 -1 
vn 0 0 -1 
vn 0 0 -1 
vn 0 0 -1 
vn 0 0 -1 
vn 0 0 -1 
vn 0 0 -1 
vn 0 0 -1 
vn 0 0 -1 
vn 0 0 -1 
vn 0 0 -1 
vn 0 0 -1 
vn 0 0 -1 
vn 0 0 -1 
vn 0 0 -1 
vn 0 0 -1 
vn 0 0 -1 
vn 0 0 -1 
vn 0 0 -1 
vn 0 0 -1 
vn 0 0 -1 
vn 0 0 -1 
vn 0 0 -1 
vn 0 0 -1 
vn 0 0 -1 
vn 0 0 -1 
vn 0 0 -1 
vn 0 0 -1 
vn 0 0 -1 
vn 0 0 -1 
vn 0 0 -1 
vn 0 0 -1 
vn 0 0 -1 
vn 0 0 -1 
vn 0 0 -1 
vn 0 0 -1 
vn 0 0 -1 
vn 0 0 -1 
vn 0 0 -1 
vn 0 0 -1 
vn 0 0 -1 
vn 0 0 -1 
vn 0 0 -1 
vn 0 0 -1 
vn 0 0 -1 
vn 0 0 -1 
vn 0 0 -1 
vn 0 0 -1 
vn 0 0 -1 
vn 0 0 -1 
vn 0 0 -1 
vn 0 0 -1 
vn 0 0 -1 
vn 0 0 -1 
vn 0 0 -1 
vn 0 0 -1 
vn 0 0 -1 
vn 0 0 -1 
vn 0 0 -1 
vn 0 0 -1 
vn 0 0 -1 
vn 0 0 -1 
vn 0 0 -1 
vn 0 0 -1 
vn 0 0 -1 
vn 0 0 -1 
vn 0 0 -1 
vn 0 0 -1 
vn 0 0 -1 
vn 0 0 -1 
vn 0 0 -1 
vn 0 0 -1 
vn 0 0 -1 
vn 0 0 -1 
vn 0 0 -1 
vn 0 0 -1 
vn 0 0 -1 
vn 0 0 -1 
vn 0 0 -1 
vn 0 0 -1 
vn 0 0 -1 
vn 0 0 -1 
vn 0 0 -1 
vn 0 0 -1 
vn 0 0 -1 
vn 0 0 -1 
vn 0 0 -1 
vn 0 0 -1 
vn 0 0 -1 
vn 0 0 -1 
vn 0 0 -1 
vn 0 0 -1 
vn 0 0 -1 
vn 0 0 -1 
vn 0 0 -1 
vn 0 0 -1 
vn 0 0 -1 
vn 0 0 -1 
vn 0 0 -1 
vn 0 0 -1 
vn 0 0 -1 
vn 0 0 -1 
vn 0 0 -1 
vn 0 0 -1 
vn 0 0 -1 
vn 0 0 -1 
vn 0 0 -1 
vn 0 0 -1 
vn 0 0 -1 
vn 0 0 -1 

vt -0.0625 -1.4375 
vt 0.0625 -4.4375 
vt -0.0625 -1.9375 
vt -0.0625 -4.4375 
vt 0.0625 -1.9375 
vt -0.0625 -4.5625 
vt 0.0625 -4.5625 
vt 0.0625 -4.5625 
vt -0.0625 -1.9375 
vt -0.0625 -3.3125 
vt 0.0625 -3.3125 
vt 0.0625 -1.9375 
vt 0.0625 -3.4375 
vt -0.0625 -3.4375 
vt 0.0625 -4.3125 
vt -0.0625 -4.3125 
vt -0.0625 -4.3125 
vt 0.0625 -4.3125 
vt 0.0625 -3.3125 
vt -0.0625 -1.9375 
vt -0.0625 -1.9375 
vt -0.0625 -3.3125 
vt 0.0625 -3.3125 
vt 0.0625 -1.9375 
vt 0.0625 -3.4375 
vt -0.0625 -3.4375 
vt 0.0625 -4.3125 
vt -0.0625 -4.3125 
vt -0.0625 -1.9375 
vt 0.0625 -3.3125 
vt -0.0625 -3.3125 
vt 0.0625 -3.3125 
vt -0.0625 -1.9375 
vt 0.0625 -1.9375 
vt 0.0625 -4.3125 
vt -0.0625 -3.4375 
vt -0.0625 -4.3125 
vt 0.0625 -3.4375 
vt -0.0625 -3.4375 
vt 0.0625 -4.3125 
vt 0.0625 -1.9375 
vt 0.0625 -3.4375 
vt -0.0625 -3.4375 
vt 0.0625 -4.3125 
vt -0.0625 -4.3125 
vt 0.0625 -1.9375 
vt -0.0625 -1.9375 
vt 0.0625 -3.3125 
vt -0.0625 -3.3125 
vt -0.0625 -3.4375 
vt -0.0625 -4.3125 
vt 0.0625 -1.9375 
vt -0.0625 -1.9375 
vt 0.0625 -1.9375 
vt -0.0625 -1.9375 
vt -0.0625 -1.9375 
vt 0.0625 -1.9375 
vt 0.0625 -1.9375 
vt -0.0625 -1.9375 
vt 0.0625 -1.9375 
vt 0.0625 -1.9375 
vt 0.0625 -1.9375 
vt -0.0625 -1.9375 
vt -0.0625 -3.3125 
vt 0.0625 -3.3125 
vt -0.0625 -1.9375 
vt 0.0625 -1.9375 
vt 0.0625 -3.4375 
vt -0.0625 -3.4375 
vt 0.0625 -4.3125 
vt -0.0625 -4.3125 
vt 0.0625 -4.3125 
vt -0.0625 -3.3125 
vt 0.0625 -3.3125 
vt 0.0625 -3.3125 
vt -0.0625 -3.3125 
vt 0.0625 -3.3125 
vt -0.0625 -3.4375 
vt -0.0625 -4.3125 
vt 0.0625 -4.3125 
vt 0.0625 -3.4375 
vt -0.0625 -3.3125 
vt 0.0625 -3.3125 
vt -0.0625 -1.9375 
vt 0.0625 -1.9375 
vt 0.0625 -4.4375 
vt 0.0625 -4.4375 
vt 0.0625 -4.4375 
vt 0.0625 -4.4375 
vt 0.0625 -4.4375 
vt -0.0625 -4.3125 
vt -0.0625 -4.4375 
vt -0.0625 -4.4375 
vt -0.0625 -4.3125 
vt -0.0625 -4.4375 
vt -0.0625 -4.4375 
vt -0.0625 -4.3125 
vt -0.0625 -4.4375 
vt -0.0625 -4.3125 
vt -0.0625 -4.4375 
vt -0.0625 -4.4375 
vt -0.0625 -4.4375 
vt -0.0625 -4.4375 
vt -0.0625 -3.4375 
vt 0.0625 -3.4375 
vt -0.0625 -3.4375 
vt 0.0625 -4.3125 
vt -0.0625 -4.3125 
vt -0.0625 -3.3125 
vt 0.0625 -3.3125 
vt -0.0625 -1.9375 
vt 0.0625 -1.9375 
vt -0.0625 -3.4375 
vt -0.0625 -4.3125 
vt 0.0625 -4.3125 
vt 0.0625 -3.4375 
vt -0.0625 -3.3125 
vt 0.0625 -3.3125 
vt -0.0625 -1.9375 
vt 0.0625 -1.9375 
vt 0.0625 -3.4375 
vt -0.0625 -3.4375 
vt 0.0625 -4.3125 
vt -0.0625 -4.3125 
vt 0.0625 -1.9375 
vt -0.0625 -1.9375 
vt 0.0625 -3.3125 
vt -0.0625 -3.3125 
vt 0.0625 -3.4375 
vt -0.0625 -3.4375 
vt 0.0625 -4.3125 
vt -0.0625 -4.3125 
vt -0.0625 -3.3125 
vt 0.0625 -3.3125 
vt -0.0625 -1.9375 
vt 0.0625 -1.9375 
vt 0.0625 -3.4375 
vt -0.0625 -3.4375 
vt 0.0625 -4.3125 
vt -0.0625 -4.3125 
vt 0.0625 -1.9375 
vt -0.0625 -1.9375 
vt 0.0625 -3.3125 
vt -0.0625 -3.3125 
vt 0.0625 -1.4375 
vt -0.0625 -1.4375 
vt 0.0625 -3.3125 
vt -0.0625 -3.3125 
vt 0.0625 -3.4375 
vt -0.0625 -3.4375 
vt 0.0625 -4.3125 
vt -0.0625 -4.3125 
vt 7.5625 -3.0625 
vt -7.5625 -2.9375 
vt 7.4375 -3.0625 
vt -6.4375 -2.9375 
vt 6.1875 -2.9375 
vt 6.1875 -3.0625 
vt -5.1875 -3.0625 
vt 4.9375 -2.9375 
vt -3.9375 -3.0625 
vt -3.9375 -2.9375 
vt 3.6875 -3.0625 
vt -2.6875 -2.9375 
vt 2.4375 -2.9375 
vt 7.5625 -3.0625 
vt 7.4375 -2.9375 
vt 7.4375 -3.0625 
vt 7.5625 -2.9375 
vt -1.3125 -2.9375 
vt -1.4375 -2.9375 
vt -1.3125 -3.0625 
vt -1.4375 -3.0625 
vt -2.5625 -3.0625 
vt -2.6875 -2.9375 
vt -2.6875 -3.0625 
vt -2.5625 -2.9375 
vt -3.8125 -3.0625 
vt -3.9375 -2.9375 
vt -3.9375 -3.0625 
vt -3.8125 -2.9375 
vt -5.0625 -2.9375 
vt -5.1875 -2.9375 
vt -5.0625 -3.0625 
vt -5.1875 -3.0625 
vt -6.3125 -2.9375 
vt -6.4375 -2.9375 
vt -6.3125 -3.0625 
vt -6.4375 -3.0625 
vt 4.9375 -2.9375 
vt 4.8125 -2.9375 
vt 4.9375 -3.0625 
vt 4.8125 -3.0625 
vt 6.1875 -3.0625 
vt 6.0625 -2.9375 
vt 6.0625 -3.0625 
vt 6.1875 -2.9375 
vt 3.6875 -3.0625 
vt 3.5625 -2.9375 
vt 3.5625 -3.0625 
vt 3.6875 -2.9375 
vt 2.4375 -2.9375 
vt 2.3125 -2.9375 
vt 2.4375 -3.0625 
vt 2.3125 -3.0625 
vt 1.1875 -2.9375 
vt 1.0625 -2.9375 
vt 1.1875 -3.0625 
vt 1.0625 -3.0625 
vt -0.0625 -3.0625 
vt -0.1875 -2.9375 
vt -0.1875 -3.0625 
vt -0.0625 -2.9375 
vt -7.4375 -3.0625 
vt -7.5625 -2.9375 
vt -7.5625 -3.0625 
vt -7.4375 -2.9375 
vt -1.4375 -2.9375 
vt 1.1875 -3.0625 
vt -1.3125 -2.9375 
vt -1.3125 -3.0625 
vt -0.1875 -3.0625 
vt -0.1875 -2.9375 
vt -0.0625 -3.0625 
vt 1.0625 -3.0625 
vt -0.0625 -2.9375 
vt 1.0625 -2.9375 
vt 1.1875 -3.0625 
vt 2.3125 -3.0625 
vt 1.1875 -2.9375 
vt 2.3125 -2.9375 
vt 2.4375 -3.0625 
vt 3.5625 -3.0625 
vt 2.4375 -2.9375 
vt 3.5625 -2.9375 
vt -6.4375 -2.9375 
vt -7.4375 -2.9375 
vt -6.4375 -3.0625 
vt -7.4375 -3.0625 
vt -5.1875 -2.9375 
vt -6.3125 -2.9375 
vt -5.1875 -3.0625 
vt -6.3125 -3.0625 
vt -3.9375 -2.9375 
vt -5.0625 -2.9375 
vt -3.9375 -3.0625 
vt -5.0625 -3.0625 
vt 3.6875 -3.0625 
vt 4.8125 -3.0625 
vt 3.6875 -2.9375 
vt 4.8125 -2.9375 
vt 4.9375 -3.0625 
vt 6.0625 -3.0625 
vt 4.9375 -2.9375 
vt 6.0625 -2.9375 
vt 6.1875 -3.0625 
vt 7.4375 -3.0625 
vt 6.1875 -2.9375 
vt 7.4375 -2.9375 
vt -2.6875 -2.9375 
vt -3.8125 -2.9375 
vt -2.6875 -3.0625 
vt -3.8125 -3.0625 
vt -1.4375 -2.9375 
vt -2.5625 -2.9375 
vt -1.4375 -3.0625 
vt -2.5625 -3.0625 
vt -0.1875 -2.9375 
vt 4.9375 -3.0625 
vt 2.4375 -3.0625 
vt -0.0625 -3.0625 
vt -0.0625 -3.0625 
vt -2.5625 -3.0625 
vt -6.3125 -3.0625 
vt -6.3125 -3.0625 
vt -7.4375 -3.0625 
vt 7.4375 -2.9375 
vt 6.1875 -2.9375 
vt 4.8125 -2.9375 
vt 4.8125 -2.9375 
vt 3.6875 -2.9375 
vt 2.3125 -2.9375 
vt 2.3125 -2.9375 
vt 1.1875 -2.9375 
vt 1.0625 -2.9375 
vt -0.1875 -2.9375 
vt -1.3125 -2.9375 
vt -2.6875 -2.9375 
vt -3.8125 -2.9375 
vt -5.0625 -2.9375 
vt -6.4375 -2.9375 
vt -7.4375 -2.9375 
vt -6.4375 -3.0625 
vt -7.4375 -3.0625 
vt -6.3125 -2.9375 
vt -5.1875 -3.0625 
vt -5.1875 -2.9375 
vt -6.3125 -3.0625 
vt -5.0625 -2.9375 
vt -3.9375 -3.0625 
vt -3.9375 -2.9375 
vt -5.0625 -3.0625 
vt -3.8125 -2.9375 
vt -2.6875 -3.0625 
vt -2.6875 -2.9375 
vt -3.8125 -3.0625 
vt -2.5625 -2.9375 
vt -1.4375 -3.0625 
vt -1.4375 -2.9375 
vt -2.5625 -3.0625 
vt -1.3125 -2.9375 
vt -0.1875 -3.0625 
vt -0.1875 -2.9375 
vt -1.3125 -3.0625 
vt 2.3125 -3.0625 
vt 1.1875 -2.9375 
vt 1.1875 -3.0625 
vt 2.3125 -2.9375 
vt 3.5625 -3.0625 
vt 2.4375 -2.9375 
vt 2.4375 -3.0625 
vt 3.5625 -2.9375 
vt 4.9375 -2.9375 
vt 6.0625 -3.0625 
vt 6.0625 -2.9375 
vt 4.9375 -3.0625 
vt 4.8125 -3.0625 
vt 3.6875 -2.9375 
vt 3.6875 -3.0625 
vt 4.8125 -2.9375 
vt 6.1875 -3.0625 
vt 7.4375 -3.0625 
vt 6.1875 -2.9375 
vt 7.4375 -2.9375 
vt -0.0625 -2.9375 
vt 1.0625 -3.0625 
vt 1.0625 -2.9375 
vt -0.0625 -3.0625 
vt -7.5625 -1.4375 
vt -7.5625 -4.4375 
vt 7.5625 -1.9375 
vt 7.5625 -4.5625 
vt -7.4375 -4.5625 
vt 6.4375 -1.9375 
vt 6.4375 -4.3125 
vt 6.4375 -4.3125 
vt -6.1875 -4.3125 
vt -6.1875 -4.3125 
vt 5.1875 -4.3125 
vt -4.9375 -1.9375 
vt -4.9375 -3.3125 
vt -4.9375 -4.3125 
vt -4.9375 -4.3125 
vt 3.9375 -4.3125 
vt 3.9375 -4.3125 
vt -3.6875 -3.4375 
vt -3.6875 -4.3125 
vt -3.6875 -4.3125 
vt 2.6875 -4.3125 
vt -2.4375 -4.3125 
vt -2.4375 -1.9375 
vt 1.3125 -1.9375 
vt 2.5625 -1.9375 
vt -1.1875 -1.9375 
vt -1.1875 -1.9375 
vt -1.0625 -1.9375 
vt 0.0625 -1.9375 
vt 1.4375 -3.4375 
vt 1.4375 -4.3125 
vt 1.4375 -4.3125 
vt -1.1875 -3.4375 
vt -1.1875 -3.4375 
vt -1.1875 -4.3125 
vt -1.0625 -3.3125 
vt 7.4375 -3.3125 
vt -4.8125 -3.3125 
vt -7.4375 -3.3125 
vt 0.1875 -3.4375 
vt 0.1875 -4.3125 
vt -4.9375 -4.4375 
vt -2.4375 -4.4375 
vt 0.0625 -4.3125 
vt 0.0625 -4.4375 
vt 2.5625 -4.3125 
vt 2.5625 -4.4375 
vt 6.3125 -4.3125 
vt 7.4375 -4.3125 
vt -7.5625 -1.4375 
vt -7.4375 -3.3125 
vt -7.4375 -1.4375 
vt -7.4375 -3.4375 
vt -6.1875 -3.4375 
vt -7.4375 -4.3125 
vt -6.1875 -3.3125 
vt -7.4375 -4.4375 
vt -7.5625 -4.4375 
vt -6.1875 -4.4375 
vt -7.4375 -4.5625 
vt -6.1875 -4.3125 
vt -6.0625 -4.4375 
vt 7.5625 -4.5625 
vt -6.1875 -1.9375 
vt -6.0625 -4.3125 
vt -6.0625 -3.4375 
vt -6.0625 -3.3125 
vt -6.0625 -1.9375 
vt -4.9375 -3.4375 
vt -4.9375 -3.3125 
vt -4.9375 -4.4375 
vt -4.9375 -4.3125 
vt -4.8125 -4.4375 
vt -4.9375 -1.9375 
vt -4.8125 -4.3125 
vt -4.8125 -3.4375 
vt -4.8125 -3.3125 
vt -4.8125 -1.9375 
vt -3.6875 -3.4375 
vt -3.6875 -3.3125 
vt -3.6875 -4.4375 
vt -3.6875 -4.3125 
vt -3.5625 -4.4375 
vt -3.6875 -1.9375 
vt -3.5625 -4.3125 
vt -3.5625 -3.4375 
vt -3.5625 -3.3125 
vt -3.5625 -1.9375 
vt -2.4375 -3.4375 
vt -2.4375 -3.3125 
vt -2.4375 -4.4375 
vt -2.4375 -4.3125 
vt -2.3125 -4.4375 
vt -2.4375 -1.9375 
vt -2.3125 -4.3125 
vt -2.3125 -3.4375 
vt -2.3125 -3.3125 
vt -2.3125 -1.9375 
vt -1.1875 -3.4375 
vt -1.1875 -3.3125 
vt -1.1875 -4.4375 
vt -1.0625 -4.41875 
vt -1.1875 -4.3125 
vt -1.1875 -1.9375 
vt 0.0625 -4.4375 
vt 0.0625 -4.3125 
vt -1.0625 -4.3125 
vt -1.0625 -3.4375 
vt -1.0625 -3.3125 
vt -1.0625 -1.9375 
vt 0.0625 -3.4375 
vt 0.0625 -3.3125 
vt 0.1875 -4.4375 
vt 0.0625 -1.9375 
vt 0.1875 -4.3125 
vt 0.1875 -3.4375 
vt 0.1875 -3.3125 
vt 0.1875 -1.9375 
vt 1.3125 -3.4375 
vt 1.3125 -3.3125 
vt 1.3125 -4.4375 
vt 1.3125 -4.3125 
vt 1.4375 -4.4375 
vt 1.3125 -1.9375 
vt 1.4375 -4.3125 
vt 1.4375 -3.4375 
vt 1.4375 -3.3125 
vt 1.4375 -1.9375 
vt 2.5625 -3.4375 
vt 2.5625 -3.3125 
vt 2.5625 -4.4375 
vt 2.5625 -4.3125 
vt 2.6875 -4.4375 
vt 2.5625 -1.9375 
vt 2.6875 -4.3125 
vt 2.6875 -3.4375 
vt 2.6875 -3.3125 
vt 2.6875 -1.9375 
vt 3.8125 -3.4375 
vt 3.8125 -3.3125 
vt 3.8125 -4.4375 
vt 3.8125 -4.3125 
vt 3.9375 -4.4375 
vt 3.8125 -1.9375 
vt 3.9375 -4.3125 
vt 3.9375 -3.4375 
vt 3.9375 -3.3125 
vt 3.9375 -1.9375 
vt 5.0625 -3.4375 
vt 5.0625 -3.3125 
vt 5.0625 -4.4375 
vt 5.0625 -4.3125 
vt 5.1875 -4.4375 
vt 5.0625 -1.9375 
vt 6.3125 -4.3125 
vt 5.1875 -4.3125 
vt 5.1875 -3.4375 
vt 5.1875 -3.3125 
vt 5.1875 -1.9375 
vt 6.3125 -3.4375 
vt 6.3125 -3.3125 
vt 6.4375 -4.3125 
vt 6.3125 -1.9375 
vt 7.4375 -4.3125 
vt 6.4375 -3.4375 
vt 7.5625 -4.4375 
vt 6.4375 -3.3125 
vt 6.4375 -1.9375 
vt 7.4375 -3.4375 
vt 7.4375 -3.3125 
vt 7.4375 -1.9375 
vt 7.5625 -1.9375 
vt -1.1875 -1.9375 
vt -1.0625 -4.41875 
vt -1.0625 -4.3125 
vt -0.0625 -1.4375 
vt 0.0625 -4.4375 
vt 0.0625 -1.4375 
vt -0.0625 -4.4375 
vt 0.0625 -4.5625 
vt -0.0625 -4.4375 
vt -0.0625 -4.5625 
vt 0.0625 -4.4375 
vt 0.0625 -4.5625 
vt -0.0625 -1.9375 
vt -0.0625 -4.3125 
vt 0.0625 -4.3125 
vt 0.0625 -4.3125 
vt -0.0625 -3.4375 
vt -0.0625 -4.3125 
vt 0.0625 -3.4375 
vt -0.0625 -3.3125 
vt 0.0625 -3.3125 
vt -0.0625 -1.9375 
vt 0.0625 -1.9375 
vt -0.0625 -3.3125 
vt -0.0625 -4.3125 
vt 0.0625 -1.9375 
vt -0.0625 -1.9375 
vt 0.0625 -3.3125 
vt -0.0625 -3.3125 
vt 0.0625 -3.4375 
vt -0.0625 -3.4375 
vt 0.0625 -4.3125 
vt -0.0625 -4.3125 
vt 0.0625 -3.3125 
vt -0.0625 -1.9375 
vt -0.0625 -4.3125 
vt 0.0625 -4.3125 
vt 0.0625 -3.4375 
vt -0.0625 -3.4375 
vt 0.0625 -4.3125 
vt -0.0625 -4.3125 
vt -0.0625 -1.9375 
vt -0.0625 -3.3125 
vt 0.0625 -3.3125 
vt 0.0625 -1.9375 
vt -0.0625 -3.4375 
vt 0.0625 -4.3125 
vt -0.0625 -1.9375 
vt 0.0625 -3.4375 
vt -0.0625 -3.4375 
vt 0.0625 -4.3125 
vt -0.0625 -4.3125 
vt -0.0625 -3.3125 
vt 0.0625 -3.3125 
vt -0.0625 -1.9375 
vt 0.0625 -1.9375 
vt -0.0625 -1.9375 
vt 0.0625 -1.9375 
vt 0.0625 -1.9375 
vt -0.0625 -1.9375 
vt -0.0625 -1.9375 
vt -0.0625 -1.9375 
vt -0.0625 -1.9375 
vt -0.0625 -1.9375 
vt -0.0625 -1.9375 
vt 0.0625 -1.9375 
vt -0.0625 -3.4375 
vt -0.0625 -4.3125 
vt 0.0625 -4.3125 
vt 0.0625 -3.4375 
vt -0.0625 -3.4375 
vt 0.0625 -4.3125 
vt -0.0625 -4.3125 
vt 0.0625 -1.9375 
vt -0.0625 -1.9375 
vt 0.0625 -3.3125 
vt -0.0625 -3.3125 
vt 0.0625 -3.3125 
vt -0.0625 -3.3125 
vt -0.0625 -3.3125 
vt -0.0625 -3.3125 
vt 0.0625 -4.3125 
vt -0.0625 -4.4375 
vt -0.0625 -4.4375 
vt -0.0625 -4.3125 
vt -0.0625 -4.4375 
vt -0.0625 -3.4375 
vt -0.0625 -4.3125 
vt -0.0625 -4.4375 
vt -0.0625 -4.4375 
vt -0.0625 -4.3125 
vt 0.0625 -4.3125 
vt 0.0625 -4.4375 
vt 0.0625 -4.4375 
vt 0.0625 -4.3125 
vt 0.0625 -4.4375 
vt 0.0625 -4.4375 
vt 0.0625 -4.4375 
vt 0.0625 -4.4375 
vt 0.0625 -4.4375 
vt 0.0625 -4.4375 
vt 0.0625 -4.4375 
vt 0.0625 -4.4375 
vt 0.0625 -3.4375 
vt 0.0625 -3.4375 
vt -0.0625 -3.4375 
vt 0.0625 -4.3125 
vt -0.0625 -4.3125 
vt 0.0625 -1.9375 
vt -0.0625 -1.9375 
vt 0.0625 -3.3125 
vt -0.0625 -3.3125 
vt 0.0625 -3.4375 
vt -0.0625 -3.4375 
vt 0.0625 -4.3125 
vt -0.0625 -4.3125 
vt 0.0625 -1.9375 
vt -0.0625 -1.9375 
vt 0.0625 -3.3125 
vt -0.0625 -3.3125 
vt 0.0625 -3.4375 
vt -0.0625 -3.4375 
vt 0.0625 -4.3125 
vt -0.0625 -4.3125 
vt 0.0625 -1.9375 
vt -0.0625 -1.9375 
vt 0.0625 -3.3125 
vt -0.0625 -3.3125 
vt -0.0625 -3.4375 
vt -0.0625 -4.3125 
vt 0.0625 -4.3125 
vt 0.0625 -3.4375 
vt 0.0625 -1.9375 
vt -0.0625 -1.9375 
vt 0.0625 -3.3125 
vt -0.0625 -3.3125 
vt 0.0625 -3.4375 
vt -0.0625 -3.4375 
vt 0.0625 -4.3125 
vt -0.0625 -4.3125 
vt 0.0625 -1.9375 
vt -0.0625 -1.9375 
vt 0.0625 -3.3125 
vt -0.0625 -3.3125 
vt 0.0625 -1.9375 
vt -0.0625 -1.9375 
vt 0.0625 -3.3125 
vt -0.0625 -3.3125 
vt -0.0625 -4.3125 
vt 0.0625 -4.3125 
vt -0.0625 -3.4375 
vt 0.0625 -3.4375 
vt -0.0625 -4.3125 
vt 0.0625 -4.3125 
vt -0.0625 -3.4375 
vt 0.0625 -3.4375 
vt -0.0625 -3.3125 
vt 0.0625 -3.3125 
vt -0.0625 -1.9375 
vt 0.0625 -1.9375 
vt -7.5625 -3.0625 
vt 7.5625 -2.9375 
vt -7.4375 -3.0625 
vt 6.4375 -2.9375 
vt 5.1875 -3.0625 
vt 3.9375 -3.0625 
vt -3.6875 -3.0625 
vt -2.4375 -2.9375 
vt 1.4375 -3.0625 
vt -1.1875 -3.0625 
vt 7.5625 -3.0625 
vt 7.5625 -2.9375 
vt -7.4375 -2.9375 
vt -7.4375 -3.0625 
vt -7.4375 -3.0625 
vt -7.5625 -2.9375 
vt -7.5625 -3.0625 
vt -7.4375 -2.9375 
vt 0.1875 -2.9375 
vt -4.9375 -3.0625 
vt -2.4375 -3.0625 
vt 0.0625 -3.0625 
vt 0.0625 -3.0625 
vt 2.5625 -3.0625 
vt 2.5625 -3.0625 
vt -4.8125 -2.9375 
vt -2.3125 -2.9375 
vt -1.1875 -2.9375 
vt -1.0625 -2.9375 
vt 0.1875 -2.9375 
vt 1.3125 -2.9375 
vt 2.6875 -2.9375 
vt 3.8125 -2.9375 
vt 5.0625 -2.9375 
vt 0.1875 -2.9375 
vt 0.1875 -3.0625 
vt 1.3125 -3.0625 
vt 1.3125 -2.9375 
vt -1.0625 -2.9375 
vt -1.0625 -3.0625 
vt 0.0625 -3.0625 
vt 0.0625 -2.9375 
vt -2.3125 -2.9375 
vt -2.3125 -3.0625 
vt -1.1875 -3.0625 
vt -1.1875 -2.9375 
vt -3.5625 -2.9375 
vt -3.5625 -3.0625 
vt -2.4375 -3.0625 
vt -2.4375 -2.9375 
vt 7.4375 -3.0625 
vt 7.4375 -2.9375 
vt 6.4375 -2.9375 
vt 6.4375 -3.0625 
vt 6.3125 -3.0625 
vt 6.3125 -2.9375 
vt 5.1875 -2.9375 
vt 5.1875 -3.0625 
vt 5.0625 -3.0625 
vt 5.0625 -2.9375 
vt 3.9375 -2.9375 
vt 3.9375 -3.0625 
vt -4.8125 -2.9375 
vt -4.8125 -3.0625 
vt -3.6875 -3.0625 
vt -3.6875 -2.9375 
vt -6.0625 -2.9375 
vt -6.0625 -3.0625 
vt -4.9375 -3.0625 
vt -4.9375 -2.9375 
vt -7.4375 -2.9375 
vt -7.4375 -3.0625 
vt -6.1875 -3.0625 
vt -6.1875 -2.9375 
vt 3.8125 -3.0625 
vt 3.8125 -2.9375 
vt 2.6875 -2.9375 
vt 2.6875 -3.0625 
vt 2.5625 -3.0625 
vt 2.5625 -2.9375 
vt 1.4375 -2.9375 
vt 1.4375 -3.0625 
vt 7.5625 -1.4375 
vt 7.5625 -4.4375 
vt -7.5625 -1.9375 
vt -7.5625 -4.5625 
vt 7.4375 -4.5625 
vt -6.4375 -1.9375 
vt -6.4375 -4.3125 
vt -6.4375 -4.3125 
vt 6.1875 -4.3125 
vt -5.1875 -4.3125 
vt 4.9375 -4.3125 
vt -3.9375 -3.3125 
vt -3.9375 -1.9375 
vt -3.9375 -4.3125 
vt 3.6875 -4.3125 
vt 3.6875 -4.3125 
vt -2.6875 -3.4375 
vt -2.6875 -4.3125 
vt -2.6875 -1.9375 
vt 2.4375 -3.4375 
vt 2.4375 -4.3125 
vt -1.3125 -1.9375 
vt 4.8125 -1.9375 
vt 2.3125 -1.9375 
vt 1.1875 -1.9375 
vt 1.0625 -1.9375 
vt -0.1875 -1.9375 
vt -1.4375 -3.4375 
vt -1.4375 -4.3125 
vt 1.1875 -3.4375 
vt 1.1875 -4.3125 
vt -0.0625 -3.3125 
vt 1.0625 -3.3125 
vt 2.3125 -3.3125 
vt -7.4375 -3.3125 
vt 7.4375 -3.3125 
vt -0.1875 -4.3125 
vt 7.4375 -4.3125 
vt 7.5625 -4.4375 
vt 7.4375 -3.4375 
vt 7.4375 -4.4375 
vt 6.1875 -4.3125 
vt 7.4375 -3.3125 
vt 7.4375 -1.4375 
vt 7.5625 -1.4375 
vt 6.1875 -3.3125 
vt 6.1875 -3.4375 
vt 6.0625 -1.9375 
vt 6.1875 -1.9375 
vt 6.0625 -3.3125 
vt 6.0625 -3.4375 
vt 4.9375 -3.3125 
vt 6.0625 -4.3125 
vt 4.9375 -3.4375 
vt 7.4375 -4.5625 
vt 4.8125 -1.9375 
vt 4.9375 -1.9375 
vt 4.9375 -4.3125 
vt 4.9375 -4.4375 
vt 4.8125 -3.3125 
vt 4.8125 -3.4375 
vt 3.6875 -3.3125 
vt 4.8125 -4.3125 
vt 3.6875 -3.4375 
vt 4.8125 -4.4375 
vt 3.6875 -4.3125 
vt 3.5625 -1.9375 
vt 3.6875 -1.9375 
vt 3.6875 -4.4375 
vt 3.5625 -3.3125 
vt 3.5625 -3.4375 
vt 2.4375 -3.3125 
vt 3.5625 -4.3125 
vt 2.4375 -3.4375 
vt 3.5625 -4.4375 
vt 2.4375 -4.3125 
vt 2.3125 -1.9375 
vt 2.4375 -1.9375 
vt 2.4375 -4.4375 
vt 2.3125 -3.3125 
vt 2.3125 -3.4375 
vt 1.1875 -3.3125 
vt 2.3125 -4.3125 
vt 1.1875 -3.4375 
vt 2.3125 -4.4375 
vt 1.1875 -4.3125 
vt 1.0625 -1.9375 
vt 1.1875 -1.9375 
vt 1.1875 -4.4375 
vt 1.0625 -3.3125 
vt 1.0625 -3.4375 
vt -0.0625 -3.3125 
vt 1.0625 -4.3125 
vt -0.0625 -3.4375 
vt 1.0625 -4.4375 
vt -0.0625 -4.3125 
vt -0.1875 -1.9375 
vt -0.0625 -1.9375 
vt -0.0625 -4.4375 
vt -0.1875 -3.3125 
vt -0.1875 -3.4375 
vt -1.3125 -3.3125 
vt -0.1875 -4.3125 
vt -1.3125 -3.4375 
vt -0.1875 -4.4375 
vt -1.3125 -4.3125 
vt -1.4375 -1.9375 
vt -1.3125 -1.9375 
vt -1.3125 -4.4375 
vt -1.4375 -3.3125 
vt -1.4375 -3.4375 
vt -2.5625 -3.3125 
vt -1.4375 -4.3125 
vt -2.5625 -3.4375 
vt -1.4375 -4.4375 
vt -2.5625 -4.3125 
vt -2.6875 -1.9375 
vt -2.5625 -1.9375 
vt -2.5625 -4.4375 
vt -2.6875 -3.3125 
vt -2.6875 -3.4375 
vt -3.8125 -3.3125 
vt -2.6875 -4.3125 
vt -3.8125 -3.4375 
vt -2.6875 -4.4375 
vt -3.8125 -4.3125 
vt -3.9375 -1.9375 
vt -3.8125 -1.9375 
vt -3.8125 -4.4375 
vt -3.9375 -3.3125 
vt -3.9375 -3.4375 
vt -5.0625 -3.3125 
vt -3.9375 -4.3125 
vt -5.0625 -3.4375 
vt -3.9375 -4.4375 
vt -5.0625 -4.3125 
vt -5.1875 -1.9375 
vt -5.0625 -1.9375 
vt -5.0625 -4.4375 
vt -5.1875 -3.3125 
vt -5.1875 -3.4375 
vt -6.3125 -3.3125 
vt -5.1875 -4.3125 
vt -6.3125 -3.4375 
vt -5.1875 -4.4375 
vt -6.3125 -4.3125 
vt -6.4375 -1.9375 
vt -6.3125 -1.9375 
vt -6.3125 -4.4375 
vt -6.4375 -3.3125 
vt -6.4375 -3.4375 
vt -7.4375 -3.3125 
vt -6.4375 -4.3125 
vt -7.4375 -3.4375 
vt -7.5625 -1.9375 
vt -7.4375 -1.9375 
vt -7.4375 -4.3125 
vt -7.5625 -4.4375 
vt -7.5625 -4.5625 
vt -6.4375 -4.4375 

usemtl Union161Mtl

f 3895/3895/3895 3896/3896/3896 3897/3897/3897 
f 3896/3896/3896 3895/3895/3895 3898/3898/3898 
f 3897/3897/3897 3899/3899/3899 3895/3895/3895 
f 3900/3900/3900 3895/3895/3895 3899/3899/3899 
f 3902/3902/3902 3903/3903/3903 3904/3904/3904 
f 3905/3905/3905 3902/3902/3902 3904/3904/3904 
f 3906/3906/3906 3907/3907/3907 3908/3908/3908 
f 3909/3909/3909 3908/3908/3908 3907/3907/3907 
f 3914/3914/3914 3915/3915/3915 3916/3916/3916 
f 3917/3917/3917 3914/3914/3914 3916/3916/3916 
f 3918/3918/3918 3919/3919/3919 3920/3920/3920 
f 3921/3921/3921 3920/3920/3920 3919/3919/3919 
f 3924/3924/3924 3925/3925/3925 3926/3926/3926 
f 3927/3927/3927 3926/3926/3926 3925/3925/3925 
f 3928/3928/3928 3929/3929/3929 3930/3930/3930 
f 3931/3931/3931 3929/3929/3929 3928/3928/3928 
f 3935/3935/3935 3936/3936/3936 3937/3937/3937 
f 3938/3938/3938 3937/3937/3937 3936/3936/3936 
f 3939/3939/3939 3940/3940/3940 3941/3941/3941 
f 3940/3940/3940 3942/3942/3942 3941/3941/3941 
f 3957/3957/3957 3958/3958/3958 3959/3959/3959 
f 3960/3960/3960 3959/3959/3959 3958/3958/3958 
f 3961/3961/3961 3962/3962/3962 3963/3963/3963 
f 3962/3962/3962 3964/3964/3964 3963/3963/3963 
f 3971/3971/3971 3972/3972/3972 3973/3973/3973 
f 3974/3974/3974 3971/3971/3971 3973/3973/3973 
f 3975/3975/3975 3976/3976/3976 3977/3977/3977 
f 3978/3978/3978 3977/3977/3977 3976/3976/3976 
f 3998/3998/3998 3999/3999/3999 4000/4000/4000 
f 4000/4000/4000 3999/3999/3999 4001/4001/4001 
f 4002/4002/4002 4003/4003/4003 4004/4004/4004 
f 4005/4005/4005 4004/4004/4004 4003/4003/4003 
f 4006/4006/4006 4007/4007/4007 4008/4008/4008 
f 4009/4009/4009 4006/4006/4006 4008/4008/4008 
f 4010/4010/4010 4011/4011/4011 4012/4012/4012 
f 4013/4013/4013 4012/4012/4012 4011/4011/4011 
f 4014/4014/4014 4015/4015/4015 4016/4016/4016 
f 4015/4015/4015 4017/4017/4017 4016/4016/4016 
f 4018/4018/4018 4019/4019/4019 4020/4020/4020 
f 4021/4021/4021 4020/4020/4020 4019/4019/4019 
f 4022/4022/4022 4023/4023/4023 4024/4024/4024 
f 4025/4025/4025 4024/4024/4024 4023/4023/4023 
f 4026/4026/4026 4027/4027/4027 4028/4028/4028 
f 4029/4029/4029 4028/4028/4028 4027/4027/4027 
f 4030/4030/4030 4031/4031/4031 4032/4032/4032 
f 4033/4033/4033 4032/4032/4032 4031/4031/4031 
f 4034/4034/4034 4035/4035/4035 4036/4036/4036 
f 4037/4037/4037 4036/4036/4036 4035/4035/4035 
f 4038/4038/4038 4039/4039/4039 4040/4040/4040 
f 4041/4041/4041 4040/4040/4040 4039/4039/4039 
f 4042/4042/4042 4043/4043/4043 4044/4044/4044 
f 4045/4045/4045 4044/4044/4044 4043/4043/4043 
f 4059/4059/4059 4060/4060/4060 4061/4061/4061 
f 4062/4062/4062 4060/4060/4060 4059/4059/4059 
f 4063/4063/4063 4064/4064/4064 4065/4065/4065 
f 4065/4065/4065 4064/4064/4064 4066/4066/4066 
f 4067/4067/4067 4068/4068/4068 4069/4069/4069 
f 4070/4070/4070 4068/4068/4068 4067/4067/4067 
f 4071/4071/4071 4072/4072/4072 4073/4073/4073 
f 4074/4074/4074 4072/4072/4072 4071/4071/4071 
f 4075/4075/4075 4076/4076/4076 4077/4077/4077 
f 4077/4077/4077 4076/4076/4076 4078/4078/4078 
f 4079/4079/4079 4080/4080/4080 4081/4081/4081 
f 4081/4081/4081 4080/4080/4080 4082/4082/4082 
f 4083/4083/4083 4084/4084/4084 4085/4085/4085 
f 4085/4085/4085 4084/4084/4084 4086/4086/4086 
f 4087/4087/4087 4088/4088/4088 4089/4089/4089 
f 4090/4090/4090 4088/4088/4088 4087/4087/4087 
f 4091/4091/4091 4092/4092/4092 4093/4093/4093 
f 4094/4094/4094 4092/4092/4092 4091/4091/4091 
f 4095/4095/4095 4096/4096/4096 4097/4097/4097 
f 4097/4097/4097 4096/4096/4096 4098/4098/4098 
f 4099/4099/4099 4100/4100/4100 4101/4101/4101 
f 4101/4101/4101 4100/4100/4100 4102/4102/4102 
f 4103/4103/4103 4104/4104/4104 4105/4105/4105 
f 4106/4106/4106 4104/4104/4104 4103/4103/4103 
f 4107/4107/4107 4108/4108/4108 4109/4109/4109 
f 4110/4110/4110 4108/4108/4108 4107/4107/4107 
f 4113/4113/4113 4114/4114/4114 4115/4115/4115 
f 4116/4116/4116 4113/4113/4113 4115/4115/4115 
f 4117/4117/4117 4118/4118/4118 4119/4119/4119 
f 4118/4118/4118 4120/4120/4120 4119/4119/4119 
f 4121/4121/4121 4122/4122/4122 4123/4123/4123 
f 4124/4124/4124 4123/4123/4123 4122/4122/4122 
f 4125/4125/4125 4126/4126/4126 4127/4127/4127 
f 4128/4128/4128 4127/4127/4127 4126/4126/4126 
f 4129/4129/4129 4130/4130/4130 4131/4131/4131 
f 4132/4132/4132 4131/4131/4131 4130/4130/4130 
f 4133/4133/4133 4134/4134/4134 4135/4135/4135 
f 4136/4136/4136 4135/4135/4135 4134/4134/4134 
f 4137/4137/4137 4138/4138/4138 4139/4139/4139 
f 4140/4140/4140 4139/4139/4139 4138/4138/4138 
f 4141/4141/4141 4142/4142/4142 4143/4143/4143 
f 4144/4144/4144 4143/4143/4143 4142/4142/4142 
f 4145/4145/4145 4146/4146/4146 4147/4147/4147 
f 4148/4148/4148 4147/4147/4147 4146/4146/4146 
f 4149/4149/4149 4150/4150/4150 4151/4151/4151 
f 4152/4152/4152 4151/4151/4151 4150/4150/4150 
f 4153/4153/4153 4154/4154/4154 4155/4155/4155 
f 4156/4156/4156 4155/4155/4155 4154/4154/4154 
f 4157/4157/4157 4158/4158/4158 4159/4159/4159 
f 4160/4160/4160 4159/4159/4159 4158/4158/4158 
f 4184/4184/4184 4185/4185/4185 4186/4186/4186 
f 4185/4185/4185 4187/4187/4187 4186/4186/4186 
f 4188/4188/4188 4189/4189/4189 4190/4190/4190 
f 4189/4189/4189 4188/4188/4188 4191/4191/4191 
f 4192/4192/4192 4193/4193/4193 4194/4194/4194 
f 4193/4193/4193 4192/4192/4192 4195/4195/4195 
f 4196/4196/4196 4197/4197/4197 4198/4198/4198 
f 4197/4197/4197 4196/4196/4196 4199/4199/4199 
f 4200/4200/4200 4201/4201/4201 4202/4202/4202 
f 4201/4201/4201 4200/4200/4200 4203/4203/4203 
f 4204/4204/4204 4205/4205/4205 4206/4206/4206 
f 4205/4205/4205 4204/4204/4204 4207/4207/4207 
f 4208/4208/4208 4209/4209/4209 4210/4210/4210 
f 4209/4209/4209 4208/4208/4208 4211/4211/4211 
f 4212/4212/4212 4213/4213/4213 4214/4214/4214 
f 4213/4213/4213 4212/4212/4212 4215/4215/4215 
f 4216/4216/4216 4217/4217/4217 4218/4218/4218 
f 4217/4217/4217 4216/4216/4216 4219/4219/4219 
f 4220/4220/4220 4221/4221/4221 4222/4222/4222 
f 4221/4221/4221 4220/4220/4220 4223/4223/4223 
f 4224/4224/4224 4225/4225/4225 4226/4226/4226 
f 4225/4225/4225 4227/4227/4227 4226/4226/4226 
f 4228/4228/4228 4229/4229/4229 4230/4230/4230 
f 4229/4229/4229 4228/4228/4228 4231/4231/4231 
f 4281/4281/4281 4282/4282/4282 4283/4283/4283 
f 4282/4282/4282 4281/4281/4281 4284/4284/4284 
f 4284/4284/4284 4285/4285/4285 4282/4282/4282 
f 4284/4284/4284 4281/4281/4281 4286/4286/4286 
f 4287/4287/4287 4282/4282/4282 4285/4285/4285 
f 4281/4281/4281 4288/4288/4288 4286/4286/4286 
f 4289/4289/4289 4288/4288/4288 4281/4281/4281 
f 4290/4290/4290 4286/4286/4286 4288/4288/4288 
f 4290/4290/4290 4288/4288/4288 4291/4291/4291 
f 4292/4292/4292 4286/4286/4286 4290/4290/4290 
f 4293/4293/4293 4287/4287/4287 4285/4285/4285 
f 4292/4292/4292 4293/4293/4293 4285/4285/4285 
f 4290/4290/4290 4293/4293/4293 4292/4292/4292 
f 4290/4290/4290 4291/4291/4291 4294/4294/4294 
f 4293/4293/4293 4290/4290/4290 4294/4294/4294 
f 4293/4293/4293 4295/4295/4295 4287/4287/4287 
f 4295/4295/4295 4293/4293/4293 4296/4296/4296 
f 4297/4297/4297 4295/4295/4295 4296/4296/4296 
f 4298/4298/4298 4295/4295/4295 4297/4297/4297 
f 4295/4295/4295 4298/4298/4298 4299/4299/4299 
f 4297/4297/4297 4300/4300/4300 4298/4298/4298 
f 4301/4301/4301 4298/4298/4298 4300/4300/4300 
f 4302/4302/4302 4296/4296/4296 4293/4293/4293 
f 4302/4302/4302 4293/4293/4293 4294/4294/4294 
f 4296/4296/4296 4302/4302/4302 4303/4303/4303 
f 4303/4303/4303 4304/4304/4304 4300/4300/4300 
f 4304/4304/4304 4301/4301/4301 4300/4300/4300 
f 4302/4302/4302 4304/4304/4304 4303/4303/4303 
f 4304/4304/4304 4302/4302/4302 4294/4294/4294 
f 4304/4304/4304 4305/4305/4305 4301/4301/4301 
f 4305/4305/4305 4304/4304/4304 4306/4306/4306 
f 4307/4307/4307 4305/4305/4305 4306/4306/4306 
f 4308/4308/4308 4305/4305/4305 4307/4307/4307 
f 4305/4305/4305 4308/4308/4308 4309/4309/4309 
f 4307/4307/4307 4310/4310/4310 4308/4308/4308 
f 4311/4311/4311 4308/4308/4308 4310/4310/4310 
f 4312/4312/4312 4306/4306/4306 4304/4304/4304 
f 4312/4312/4312 4304/4304/4304 4294/4294/4294 
f 4313/4313/4313 4306/4306/4306 4312/4312/4312 
f 4313/4313/4313 4314/4314/4314 4310/4310/4310 
f 4314/4314/4314 4311/4311/4311 4310/4310/4310 
f 4312/4312/4312 4314/4314/4314 4313/4313/4313 
f 4314/4314/4314 4312/4312/4312 4294/4294/4294 
f 4314/4314/4314 4315/4315/4315 4311/4311/4311 
f 4315/4315/4315 4314/4314/4314 4316/4316/4316 
f 4317/4317/4317 4315/4315/4315 4316/4316/4316 
f 4318/4318/4318 4315/4315/4315 4317/4317/4317 
f 4315/4315/4315 4318/4318/4318 4319/4319/4319 
f 4317/4317/4317 4320/4320/4320 4318/4318/4318 
f 4321/4321/4321 4318/4318/4318 4320/4320/4320 
f 4322/4322/4322 4316/4316/4316 4314/4314/4314 
f 4322/4322/4322 4314/4314/4314 4294/4294/4294 
f 4323/4323/4323 4316/4316/4316 4322/4322/4322 
f 4323/4323/4323 4324/4324/4324 4320/4320/4320 
f 4324/4324/4324 4321/4321/4321 4320/4320/4320 
f 4322/4322/4322 4324/4324/4324 4323/4323/4323 
f 4324/4324/4324 4322/4322/4322 4294/4294/4294 
f 4324/4324/4324 4325/4325/4325 4321/4321/4321 
f 4325/4325/4325 4324/4324/4324 4326/4326/4326 
f 4327/4327/4327 4325/4325/4325 4326/4326/4326 
f 4328/4328/4328 4325/4325/4325 4327/4327/4327 
f 4325/4325/4325 4328/4328/4328 4329/4329/4329 
f 4327/4327/4327 4330/4330/4330 4328/4328/4328 
f 4331/4331/4331 4328/4328/4328 4330/4330/4330 
f 4332/4332/4332 4326/4326/4326 4324/4324/4324 
f 4330/4330/4330 4333/4333/4333 4331/4331/4331 
f 4332/4332/4332 4324/4324/4324 4294/4294/4294 
f 4326/4326/4326 4332/4332/4332 4334/4334/4334 
f 4334/4334/4334 4333/4333/4333 4330/4330/4330 
f 4332/4332/4332 4333/4333/4333 4334/4334/4334 
f 4331/4331/4331 4333/4333/4333 4335/4335/4335 
f 4332/4332/4332 4336/4336/4336 4333/4333/4333 
f 4336/4336/4336 4332/4332/4332 4294/4294/4294 
f 4336/4336/4336 4337/4337/4337 4333/4333/4333 
f 4337/4337/4337 4338/4338/4338 4333/4333/4333 
f 4339/4339/4339 4335/4335/4335 4338/4338/4338 
f 4340/4340/4340 4335/4335/4335 4339/4339/4339 
f 4335/4335/4335 4340/4340/4340 4341/4341/4341 
f 4339/4339/4339 4342/4342/4342 4340/4340/4340 
f 4343/4343/4343 4340/4340/4340 4342/4342/4342 
f 4336/4336/4336 4344/4344/4344 4337/4337/4337 
f 4337/4337/4337 4344/4344/4344 4342/4342/4342 
f 4342/4342/4342 4344/4344/4344 4343/4343/4343 
f 4344/4344/4344 4336/4336/4336 4294/4294/4294 
f 4343/4343/4343 4344/4344/4344 4345/4345/4345 
f 4345/4345/4345 4344/4344/4344 4346/4346/4346 
f 4347/4347/4347 4345/4345/4345 4346/4346/4346 
f 4348/4348/4348 4345/4345/4345 4347/4347/4347 
f 4345/4345/4345 4348/4348/4348 4349/4349/4349 
f 4347/4347/4347 4350/4350/4350 4348/4348/4348 
f 4351/4351/4351 4348/4348/4348 4350/4350/4350 
f 4352/4352/4352 4346/4346/4346 4344/4344/4344 
f 4352/4352/4352 4344/4344/4344 4294/4294/4294 
f 4352/4352/4352 4353/4353/4353 4346/4346/4346 
f 4353/4353/4353 4354/4354/4354 4350/4350/4350 
f 4352/4352/4352 4354/4354/4354 4353/4353/4353 
f 4350/4350/4350 4354/4354/4354 4351/4351/4351 
f 4354/4354/4354 4352/4352/4352 4294/4294/4294 
f 4351/4351/4351 4354/4354/4354 4355/4355/4355 
f 4355/4355/4355 4354/4354/4354 4356/4356/4356 
f 4357/4357/4357 4355/4355/4355 4356/4356/4356 
f 4358/4358/4358 4355/4355/4355 4357/4357/4357 
f 4355/4355/4355 4358/4358/4358 4359/4359/4359 
f 4357/4357/4357 4360/4360/4360 4358/4358/4358 
f 4361/4361/4361 4358/4358/4358 4360/4360/4360 
f 4362/4362/4362 4356/4356/4356 4354/4354/4354 
f 4362/4362/4362 4354/4354/4354 4294/4294/4294 
f 4362/4362/4362 4363/4363/4363 4356/4356/4356 
f 4363/4363/4363 4364/4364/4364 4360/4360/4360 
f 4362/4362/4362 4364/4364/4364 4363/4363/4363 
f 4360/4360/4360 4364/4364/4364 4361/4361/4361 
f 4364/4364/4364 4362/4362/4362 4294/4294/4294 
f 4361/4361/4361 4364/4364/4364 4365/4365/4365 
f 4365/4365/4365 4364/4364/4364 4366/4366/4366 
f 4365/4365/4365 4366/4366/4366 4367/4367/4367 
f 4365/4365/4365 4367/4367/4367 4368/4368/4368 
f 4365/4365/4365 4368/4368/4368 4369/4369/4369 
f 4367/4367/4367 4370/4370/4370 4368/4368/4368 
f 4371/4371/4371 4368/4368/4368 4370/4370/4370 
f 4372/4372/4372 4366/4366/4366 4364/4364/4364 
f 4364/4364/4364 4294/4294/4294 4372/4372/4372 
f 4372/4372/4372 4373/4373/4373 4366/4366/4366 
f 4373/4373/4373 4374/4374/4374 4370/4370/4370 
f 4372/4372/4372 4374/4374/4374 4373/4373/4373 
f 4370/4370/4370 4374/4374/4374 4371/4371/4371 
f 4294/4294/4294 4374/4374/4374 4372/4372/4372 
f 4371/4371/4371 4374/4374/4374 4375/4375/4375 
f 4375/4375/4375 4374/4374/4374 4376/4376/4376 
f 4377/4377/4377 4375/4375/4375 4376/4376/4376 
f 4378/4378/4378 4375/4375/4375 4377/4377/4377 
f 4375/4375/4375 4378/4378/4378 4379/4379/4379 
f 4377/4377/4377 4380/4380/4380 4378/4378/4378 
f 4381/4381/4381 4378/4378/4378 4380/4380/4380 
f 4382/4382/4382 4376/4376/4376 4374/4374/4374 
f 4294/4294/4294 4382/4382/4382 4374/4374/4374 
f 4382/4382/4382 4383/4383/4383 4376/4376/4376 
f 4383/4383/4383 4384/4384/4384 4380/4380/4380 
f 4382/4382/4382 4384/4384/4384 4383/4383/4383 
f 4380/4380/4380 4384/4384/4384 4381/4381/4381 
f 4294/4294/4294 4384/4384/4384 4382/4382/4382 
f 4381/4381/4381 4384/4384/4384 4385/4385/4385 
f 4294/4294/4294 4386/4386/4386 4384/4384/4384 
f 4385/4385/4385 4384/4384/4384 4387/4387/4387 
f 4386/4386/4386 4387/4387/4387 4384/4384/4384 
f 4385/4385/4385 4387/4387/4387 4388/4388/4388 
f 4385/4385/4385 4388/4388/4388 4389/4389/4389 
f 4385/4385/4385 4389/4389/4389 4390/4390/4390 
f 4388/4388/4388 4391/4391/4391 4389/4389/4389 
f 4392/4392/4392 4389/4389/4389 4391/4391/4391 
f 4386/4386/4386 4393/4393/4393 4391/4391/4391 
f 4391/4391/4391 4393/4393/4393 4392/4392/4392 
f 4294/4294/4294 4393/4393/4393 4386/4386/4386 
f 4392/4392/4392 4393/4393/4393 4394/4394/4394 
f 4294/4294/4294 4395/4395/4395 4393/4393/4393 
f 4394/4394/4394 4393/4393/4393 4396/4396/4396 
f 4294/4294/4294 4397/4397/4397 4395/4395/4395 
f 4394/4394/4394 4396/4396/4396 4398/4398/4398 
f 4394/4394/4394 4398/4398/4398 4399/4399/4399 
f 4396/4396/4396 4400/4400/4400 4398/4398/4398 
f 4395/4395/4395 4397/4397/4397 4400/4400/4400 
f 4401/4401/4401 4398/4398/4398 4400/4400/4400 
f 4397/4397/4397 4401/4401/4401 4400/4400/4400 
f 4397/4397/4397 4402/4402/4402 4401/4401/4401 
f 4402/4402/4402 4397/4397/4397 4403/4403/4403 
f 4404/4404/4404 4405/4405/4405 4406/4406/4406 
f 4407/4407/4407 4408/4408/4408 4409/4409/4409 
f 4410/4410/4410 4408/4408/4408 4407/4407/4407 
f 4412/4412/4412 4413/4413/4413 4414/4414/4414 
f 4415/4415/4415 4414/4414/4414 4413/4413/4413 
f 4419/4419/4419 4420/4420/4420 4421/4421/4421 
f 4422/4422/4422 4420/4420/4420 4419/4419/4419 
f 4423/4423/4423 4424/4424/4424 4425/4425/4425 
f 4426/4426/4426 4425/4425/4425 4424/4424/4424 
f 4429/4429/4429 4430/4430/4430 4431/4431/4431 
f 4432/4432/4432 4431/4431/4431 4430/4430/4430 
f 4433/4433/4433 4434/4434/4434 4435/4435/4435 
f 4434/4434/4434 4436/4436/4436 4435/4435/4435 
f 4441/4441/4441 4442/4442/4442 4443/4443/4443 
f 4444/4444/4444 4443/4443/4443 4442/4442/4442 
f 4445/4445/4445 4446/4446/4446 4447/4447/4447 
f 4448/4448/4448 4445/4445/4445 4447/4447/4447 
f 4452/4452/4452 4453/4453/4453 4454/4454/4454 
f 4454/4454/4454 4453/4453/4453 4455/4455/4455 
f 4456/4456/4456 4457/4457/4457 4458/4458/4458 
f 4459/4459/4459 4458/4458/4458 4457/4457/4457 
f 4473/4473/4473 4474/4474/4474 4475/4475/4475 
f 4474/4474/4474 4476/4476/4476 4475/4475/4475 
f 4477/4477/4477 4478/4478/4478 4479/4479/4479 
f 4480/4480/4480 4479/4479/4479 4478/4478/4478 
f 4508/4508/4508 4509/4509/4509 4510/4510/4510 
f 4510/4510/4510 4509/4509/4509 4511/4511/4511 
f 4512/4512/4512 4513/4513/4513 4514/4514/4514 
f 4515/4515/4515 4514/4514/4514 4513/4513/4513 
f 4516/4516/4516 4517/4517/4517 4518/4518/4518 
f 4518/4518/4518 4517/4517/4517 4519/4519/4519 
f 4520/4520/4520 4521/4521/4521 4522/4522/4522 
f 4523/4523/4523 4522/4522/4522 4521/4521/4521 
f 4524/4524/4524 4525/4525/4525 4526/4526/4526 
f 4525/4525/4525 4527/4527/4527 4526/4526/4526 
f 4528/4528/4528 4529/4529/4529 4530/4530/4530 
f 4531/4531/4531 4530/4530/4530 4529/4529/4529 
f 4532/4532/4532 4533/4533/4533 4534/4534/4534 
f 4535/4535/4535 4532/4532/4532 4534/4534/4534 
f 4536/4536/4536 4537/4537/4537 4538/4538/4538 
f 4539/4539/4539 4538/4538/4538 4537/4537/4537 
f 4540/4540/4540 4541/4541/4541 4542/4542/4542 
f 4543/4543/4543 4542/4542/4542 4541/4541/4541 
f 4544/4544/4544 4545/4545/4545 4546/4546/4546 
f 4547/4547/4547 4546/4546/4546 4545/4545/4545 
f 4548/4548/4548 4549/4549/4549 4550/4550/4550 
f 4551/4551/4551 4550/4550/4550 4549/4549/4549 
f 4552/4552/4552 4553/4553/4553 4554/4554/4554 
f 4555/4555/4555 4554/4554/4554 4553/4553/4553 
f 4556/4556/4556 4557/4557/4557 4558/4558/4558 
f 4559/4559/4559 4558/4558/4558 4557/4557/4557 
f 4560/4560/4560 4561/4561/4561 4562/4562/4562 
f 4563/4563/4563 4562/4562/4562 4561/4561/4561 
f 4574/4574/4574 4575/4575/4575 4576/4576/4576 
f 4577/4577/4577 4574/4574/4574 4576/4576/4576 
f 4578/4578/4578 4579/4579/4579 4580/4580/4580 
f 4581/4581/4581 4579/4579/4579 4578/4578/4578 
f 4598/4598/4598 4599/4599/4599 4600/4600/4600 
f 4600/4600/4600 4601/4601/4601 4598/4598/4598 
f 4602/4602/4602 4603/4603/4603 4604/4604/4604 
f 4604/4604/4604 4605/4605/4605 4602/4602/4602 
f 4606/4606/4606 4607/4607/4607 4608/4608/4608 
f 4609/4609/4609 4606/4606/4606 4608/4608/4608 
f 4610/4610/4610 4611/4611/4611 4612/4612/4612 
f 4613/4613/4613 4610/4610/4610 4612/4612/4612 
f 4614/4614/4614 4615/4615/4615 4616/4616/4616 
f 4617/4617/4617 4614/4614/4614 4616/4616/4616 
f 4618/4618/4618 4619/4619/4619 4620/4620/4620 
f 4621/4621/4621 4618/4618/4618 4620/4620/4620 
f 4622/4622/4622 4623/4623/4623 4624/4624/4624 
f 4625/4625/4625 4622/4622/4622 4624/4624/4624 
f 4626/4626/4626 4627/4627/4627 4628/4628/4628 
f 4629/4629/4629 4626/4626/4626 4628/4628/4628 
f 4630/4630/4630 4631/4631/4631 4632/4632/4632 
f 4633/4633/4633 4630/4630/4630 4632/4632/4632 
f 4634/4634/4634 4635/4635/4635 4636/4636/4636 
f 4637/4637/4637 4634/4634/4634 4636/4636/4636 
f 4638/4638/4638 4639/4639/4639 4640/4640/4640 
f 4641/4641/4641 4638/4638/4638 4640/4640/4640 
f 4642/4642/4642 4643/4643/4643 4644/4644/4644 
f 4645/4645/4645 4642/4642/4642 4644/4644/4644 
f 4683/4683/4683 4684/4684/4684 4685/4685/4685 
f 4684/4684/4684 4683/4683/4683 4686/4686/4686 
f 4686/4686/4686 4683/4683/4683 4687/4687/4687 
f 4685/4685/4685 4684/4684/4684 4688/4688/4688 
f 4688/4688/4688 4684/4684/4684 4689/4689/4689 
f 4689/4689/4689 4684/4684/4684 4690/4690/4690 
f 4688/4688/4688 4691/4691/4691 4685/4685/4685 
f 4692/4692/4692 4685/4685/4685 4691/4691/4691 
f 4691/4691/4691 4693/4693/4693 4692/4692/4692 
f 4693/4693/4693 4691/4691/4691 4694/4694/4694 
f 4692/4692/4692 4693/4693/4693 4687/4687/4687 
f 4695/4695/4695 4687/4687/4687 4693/4693/4693 
f 4696/4696/4696 4687/4687/4687 4695/4695/4695 
f 4695/4695/4695 4697/4697/4697 4696/4696/4696 
f 4687/4687/4687 4696/4696/4696 4698/4698/4698 
f 4699/4699/4699 4696/4696/4696 4697/4697/4697 
f 4700/4700/4700 4686/4686/4686 4687/4687/4687 
f 4700/4700/4700 4687/4687/4687 4698/4698/4698 
f 4697/4697/4697 4701/4701/4701 4699/4699/4699 
f 4701/4701/4701 4697/4697/4697 4702/4702/4702 
f 4699/4699/4699 4701/4701/4701 4703/4703/4703 
f 4698/4698/4698 4703/4703/4703 4704/4704/4704 
f 4701/4701/4701 4704/4704/4704 4703/4703/4703 
f 4700/4700/4700 4698/4698/4698 4704/4704/4704 
f 4705/4705/4705 4704/4704/4704 4701/4701/4701 
f 4706/4706/4706 4704/4704/4704 4705/4705/4705 
f 4705/4705/4705 4707/4707/4707 4706/4706/4706 
f 4708/4708/4708 4704/4704/4704 4706/4706/4706 
f 4709/4709/4709 4706/4706/4706 4707/4707/4707 
f 4704/4704/4704 4708/4708/4708 4710/4710/4710 
f 4700/4700/4700 4704/4704/4704 4710/4710/4710 
f 4710/4710/4710 4708/4708/4708 4711/4711/4711 
f 4712/4712/4712 4709/4709/4709 4707/4707/4707 
f 4712/4712/4712 4711/4711/4711 4709/4709/4709 
f 4712/4712/4712 4707/4707/4707 4713/4713/4713 
f 4710/4710/4710 4711/4711/4711 4714/4714/4714 
f 4712/4712/4712 4714/4714/4714 4711/4711/4711 
f 4714/4714/4714 4700/4700/4700 4710/4710/4710 
f 4715/4715/4715 4714/4714/4714 4712/4712/4712 
f 4716/4716/4716 4714/4714/4714 4715/4715/4715 
f 4715/4715/4715 4717/4717/4717 4716/4716/4716 
f 4718/4718/4718 4714/4714/4714 4716/4716/4716 
f 4719/4719/4719 4716/4716/4716 4717/4717/4717 
f 4714/4714/4714 4718/4718/4718 4720/4720/4720 
f 4714/4714/4714 4720/4720/4720 4700/4700/4700 
f 4720/4720/4720 4718/4718/4718 4721/4721/4721 
f 4717/4717/4717 4722/4722/4722 4719/4719/4719 
f 4719/4719/4719 4722/4722/4722 4721/4721/4721 
f 4722/4722/4722 4717/4717/4717 4723/4723/4723 
f 4720/4720/4720 4721/4721/4721 4724/4724/4724 
f 4722/4722/4722 4724/4724/4724 4721/4721/4721 
f 4720/4720/4720 4724/4724/4724 4700/4700/4700 
f 4725/4725/4725 4724/4724/4724 4722/4722/4722 
f 4726/4726/4726 4724/4724/4724 4725/4725/4725 
f 4725/4725/4725 4727/4727/4727 4726/4726/4726 
f 4728/4728/4728 4724/4724/4724 4726/4726/4726 
f 4729/4729/4729 4726/4726/4726 4727/4727/4727 
f 4724/4724/4724 4728/4728/4728 4730/4730/4730 
f 4724/4724/4724 4730/4730/4730 4700/4700/4700 
f 4730/4730/4730 4728/4728/4728 4731/4731/4731 
f 4727/4727/4727 4732/4732/4732 4729/4729/4729 
f 4729/4729/4729 4732/4732/4732 4731/4731/4731 
f 4732/4732/4732 4727/4727/4727 4733/4733/4733 
f 4730/4730/4730 4731/4731/4731 4734/4734/4734 
f 4732/4732/4732 4734/4734/4734 4731/4731/4731 
f 4730/4730/4730 4734/4734/4734 4700/4700/4700 
f 4735/4735/4735 4734/4734/4734 4732/4732/4732 
f 4736/4736/4736 4734/4734/4734 4735/4735/4735 
f 4735/4735/4735 4737/4737/4737 4736/4736/4736 
f 4738/4738/4738 4734/4734/4734 4736/4736/4736 
f 4739/4739/4739 4736/4736/4736 4737/4737/4737 
f 4734/4734/4734 4738/4738/4738 4740/4740/4740 
f 4734/4734/4734 4740/4740/4740 4700/4700/4700 
f 4740/4740/4740 4738/4738/4738 4741/4741/4741 
f 4737/4737/4737 4742/4742/4742 4739/4739/4739 
f 4739/4739/4739 4742/4742/4742 4741/4741/4741 
f 4742/4742/4742 4737/4737/4737 4743/4743/4743 
f 4740/4740/4740 4741/4741/4741 4744/4744/4744 
f 4742/4742/4742 4744/4744/4744 4741/4741/4741 
f 4740/4740/4740 4744/4744/4744 4700/4700/4700 
f 4745/4745/4745 4744/4744/4744 4742/4742/4742 
f 4746/4746/4746 4744/4744/4744 4745/4745/4745 
f 4745/4745/4745 4747/4747/4747 4746/4746/4746 
f 4748/4748/4748 4744/4744/4744 4746/4746/4746 
f 4749/4749/4749 4746/4746/4746 4747/4747/4747 
f 4744/4744/4744 4748/4748/4748 4750/4750/4750 
f 4750/4750/4750 4700/4700/4700 4744/4744/4744 
f 4748/4748/4748 4751/4751/4751 4750/4750/4750 
f 4747/4747/4747 4752/4752/4752 4749/4749/4749 
f 4749/4749/4749 4752/4752/4752 4751/4751/4751 
f 4752/4752/4752 4747/4747/4747 4753/4753/4753 
f 4750/4750/4750 4751/4751/4751 4754/4754/4754 
f 4752/4752/4752 4754/4754/4754 4751/4751/4751 
f 4750/4750/4750 4754/4754/4754 4700/4700/4700 
f 4755/4755/4755 4754/4754/4754 4752/4752/4752 
f 4756/4756/4756 4754/4754/4754 4755/4755/4755 
f 4755/4755/4755 4757/4757/4757 4756/4756/4756 
f 4758/4758/4758 4754/4754/4754 4756/4756/4756 
f 4759/4759/4759 4756/4756/4756 4757/4757/4757 
f 4754/4754/4754 4758/4758/4758 4760/4760/4760 
f 4754/4754/4754 4760/4760/4760 4700/4700/4700 
f 4758/4758/4758 4761/4761/4761 4760/4760/4760 
f 4757/4757/4757 4762/4762/4762 4759/4759/4759 
f 4759/4759/4759 4762/4762/4762 4761/4761/4761 
f 4762/4762/4762 4757/4757/4757 4763/4763/4763 
f 4760/4760/4760 4761/4761/4761 4764/4764/4764 
f 4762/4762/4762 4764/4764/4764 4761/4761/4761 
f 4760/4760/4760 4764/4764/4764 4700/4700/4700 
f 4764/4764/4764 4762/4762/4762 4765/4765/4765 
f 4764/4764/4764 4765/4765/4765 4766/4766/4766 
f 4765/4765/4765 4767/4767/4767 4766/4766/4766 
f 4768/4768/4768 4764/4764/4764 4766/4766/4766 
f 4769/4769/4769 4766/4766/4766 4767/4767/4767 
f 4764/4764/4764 4768/4768/4768 4770/4770/4770 
f 4764/4764/4764 4770/4770/4770 4700/4700/4700 
f 4768/4768/4768 4771/4771/4771 4770/4770/4770 
f 4767/4767/4767 4772/4772/4772 4769/4769/4769 
f 4769/4769/4769 4772/4772/4772 4771/4771/4771 
f 4772/4772/4772 4767/4767/4767 4773/4773/4773 
f 4770/4770/4770 4771/4771/4771 4774/4774/4774 
f 4772/4772/4772 4774/4774/4774 4771/4771/4771 
f 4770/4770/4770 4774/4774/4774 4700/4700/4700 
f 4774/4774/4774 4772/4772/4772 4775/4775/4775 
f 4774/4774/4774 4775/4775/4775 4776/4776/4776 
f 4775/4775/4775 4777/4777/4777 4776/4776/4776 
f 4778/4778/4778 4774/4774/4774 4776/4776/4776 
f 4779/4779/4779 4776/4776/4776 4777/4777/4777 
f 4774/4774/4774 4778/4778/4778 4780/4780/4780 
f 4774/4774/4774 4780/4780/4780 4700/4700/4700 
f 4778/4778/4778 4781/4781/4781 4780/4780/4780 
f 4777/4777/4777 4782/4782/4782 4779/4779/4779 
f 4779/4779/4779 4782/4782/4782 4781/4781/4781 
f 4782/4782/4782 4777/4777/4777 4783/4783/4783 
f 4780/4780/4780 4781/4781/4781 4784/4784/4784 
f 4782/4782/4782 4784/4784/4784 4781/4781/4781 
f 4780/4780/4780 4784/4784/4784 4700/4700/4700 
f 4784/4784/4784 4782/4782/4782 4785/4785/4785 
f 4784/4784/4784 4785/4785/4785 4786/4786/4786 
f 4785/4785/4785 4787/4787/4787 4786/4786/4786 
f 4788/4788/4788 4784/4784/4784 4786/4786/4786 
f 4789/4789/4789 4786/4786/4786 4787/4787/4787 
f 4784/4784/4784 4788/4788/4788 4790/4790/4790 
f 4784/4784/4784 4790/4790/4790 4700/4700/4700 
f 4788/4788/4788 4791/4791/4791 4790/4790/4790 
f 4787/4787/4787 4792/4792/4792 4789/4789/4789 
f 4789/4789/4789 4792/4792/4792 4791/4791/4791 
f 4792/4792/4792 4787/4787/4787 4793/4793/4793 
f 4790/4790/4790 4791/4791/4791 4794/4794/4794 
f 4792/4792/4792 4794/4794/4794 4791/4791/4791 
f 4790/4790/4790 4794/4794/4794 4700/4700/4700 
f 4794/4794/4794 4792/4792/4792 4795/4795/4795 
f 4794/4794/4794 4795/4795/4795 4796/4796/4796 
f 4795/4795/4795 4797/4797/4797 4796/4796/4796 
f 4798/4798/4798 4794/4794/4794 4796/4796/4796 
f 4799/4799/4799 4796/4796/4796 4797/4797/4797 
f 4797/4797/4797 4800/4800/4800 4799/4799/4799 
f 4800/4800/4800 4797/4797/4797 4801/4801/4801 
f 4799/4799/4799 4800/4800/4800 4802/4802/4802 
f 4802/4802/4802 4800/4800/4800 4803/4803/4803 
f 4802/4802/4802 4803/4803/4803 4804/4804/4804 
f 4794/4794/4794 4798/4798/4798 4805/4805/4805 
f 4798/4798/4798 4802/4802/4802 4805/4805/4805 
f 4805/4805/4805 4802/4802/4802 4804/4804/4804 
f 4794/4794/4794 4805/4805/4805 4700/4700/4700 
f 4805/4805/4805 4804/4804/4804 4700/4700/4700 

g Union221

v 217 20.9995 156.5 
v 218 20.9995 155.5 
v 230 8.99949 156.5 
v 230 8.99949 155.5 
v 230 9.99949 156.5 
v 230 9.99949 155.5 
v 230 -0.000512123 156.5 
v 230 -0.000512123 155.5 
v 230 1.99949 156.5 
v 230 1.99949 155.5 
v 218 9.99949 155.5 
v 218 9.99949 156.5 
v 217 9.99949 155.5 
v 217 8.99949 156.5 
v 217 1.99949 155.5 
v 218 8.99949 155.5 
v 218 1.99949 156.5 
v 218 20.9995 156.5 
v 218 9.99949 155.5 
v 218 20.9995 155.5 
v 218 9.99949 156.5 
v 218 8.99949 155.5 
v 218 8.99949 156.5 
v 218 1.99949 155.5 
v 218 1.99949 156.5 
v 217 20.9995 156.5 
v 218 20.9995 155.5 
v 217 20.9995 155.5 
v 218 20.9995 156.5 
v 230 8.99949 156.5 
v 230 9.99949 155.5 
v 206 9.99949 156.5 
v 206 8.99949 155.5 
v 218 9.99949 155.5 
v 230 9.99949 156.5 
v 230 9.99949 155.5 
v 218 9.99949 156.5 
v 217 9.99949 156.5 
v 206 9.99949 155.5 
v 206 9.99949 156.5 
v 217 9.99949 155.5 
v 217 8.99949 156.5 
v 218 8.99949 155.5 
v 218 1.99949 155.5 
v 230 1.99949 156.5 
v 230 1.99949 155.5 
v 218 1.99949 156.5 
v 217 1.99949 155.5 
v 206 1.99949 155.5 
v 217 1.99949 156.5 
v 206 1.99949 156.5 
v 217 20.9995 156.5 
v 230 -0.000512123 156.5 
v 230 1.99949 156.5 
v 206 -0.000512123 155.5 
v 206 1.99949 155.5 
v 217 9.99949 156.5 
v 217 1.99949 155.5 
v 218 8.99949 156.5 
v 217 20.9995 156.5 
v 218 1.99949 156.5 
v 218 9.99949 156.5 
v 218 20.9995 156.5 
v 230 8.99949 156.5 
v 230 9.99949 156.5 
v 217 9.99949 156.5 
v 217 8.99949 156.5 
v 206 9.99949 156.5 
v 206 8.99949 156.5 
v 217 1.99949 156.5 
v 230 -0.000512123 156.5 
v 230 1.99949 156.5 
v 206 -0.000512123 156.5 
v 206 1.99949 156.5 
v 217 20.9995 156.5 
v 218 20.9995 155.5 
v 206 9.99949 156.5 
v 206 9.99949 155.5 
v 206 8.99949 156.5 
v 206 8.99949 155.5 
v 206 -0.000512123 155.5 
v 206 -0.000512123 156.5 
v 206 1.99949 155.5 
v 206 1.99949 156.5 
v 218 9.99949 156.5 
v 217 9.99949 156.5 
v 217 9.99949 155.5 
v 217 20.9995 155.5 
v 217 9.99949 156.5 
v 217 20.9995 156.5 
v 217 9.99949 155.5 
v 217 8.99949 156.5 
v 217 8.99949 155.5 
v 217 1.99949 156.5 
v 217 1.99949 155.5 
v 230 8.99949 156.5 
v 230 9.99949 155.5 
v 230 -0.000512123 156.5 
v 206 9.99949 156.5 
v 206 8.99949 155.5 
v 206 -0.000512123 155.5 
v 230 -0.000512123 155.5 
v 230 -0.000512123 156.5 
v 206 -0.000512123 156.5 
v 206 -0.000512123 155.5 
v 218 9.99949 156.5 
v 217 9.99949 155.5 
v 217 8.99949 156.5 
v 217 1.99949 155.5 
v 218 8.99949 155.5 
v 218 1.99949 156.5 
v 230 8.99949 156.5 
v 218 8.99949 156.5 
v 230 8.99949 155.5 
v 218 8.99949 155.5 
v 217 8.99949 155.5 
v 206 8.99949 156.5 
v 206 8.99949 155.5 
v 217 8.99949 156.5 
v 218 20.9995 155.5 
v 230 -0.000512123 156.5 
v 230 1.99949 156.5 
v 206 -0.000512123 155.5 
v 206 1.99949 155.5 
v 218 9.99949 155.5 
v 217 1.99949 155.5 
v 218 9.99949 155.5 
v 217 1.99949 155.5 
v 218 20.9995 155.5 
v 218 8.99949 155.5 
v 230 9.99949 155.5 
v 230 8.99949 155.5 
v 218 1.99949 155.5 
v 217 8.99949 155.5 
v 217 9.99949 155.5 
v 217 20.9995 155.5 
v 206 8.99949 155.5 
v 206 9.99949 155.5 
v 206 -0.000512123 155.5 
v 206 1.99949 155.5 
v 230 -0.000512123 155.5 
v 230 1.99949 155.5 

vn 0 1 0 
vn 0 1 0 
vn 1 0 0 
vn 1 0 0 
vn 1 0 0 
vn 1 0 0 
vn 1 0 0 
vn 1 0 0 
vn 1 0 0 
vn 1 0 0 
vn 0 1 0 
vn 0 1 0 
vn 0 1 0 
vn -1 0 0 
vn -1 0 0 
vn 0 0 -1 
vn 0 0 1 
vn 1 0 0 
vn 1 0 0 
vn 1 0 0 
vn 1 0 0 
vn 1 0 0 
vn 1 0 0 
vn 1 0 0 
vn 1 0 0 
vn 0 1 0 
vn 0 1 0 
vn 0 1 0 
vn 0 1 0 
vn 1 0 0 
vn 1 0 0 
vn -1 0 0 
vn -1 0 0 
vn 0 1 0 
vn 0 1 0 
vn 0 1 0 
vn 0 1 0 
vn 0 1 0 
vn 0 1 0 
vn 0 1 0 
vn 0 1 0 
vn -1 0 0 
vn 0 0 -1 
vn 0 1 0 
vn 0 1 0 
vn 0 1 0 
vn 0 1 0 
vn 0 1 0 
vn 0 1 0 
vn 0 1 0 
vn 0 1 0 
vn 0 1 0 
vn 1 0 0 
vn 1 0 0 
vn -1 0 0 
vn -1 0 0 
vn 0 1 0 
vn -1 0 0 
vn 0 0 1 
vn 0 0 1 
vn 0 0 1 
vn 0 0 1 
vn 0 0 1 
vn 0 0 1 
vn 0 0 1 
vn 0 0 1 
vn 0 0 1 
vn 0 0 1 
vn 0 0 1 
vn 0 0 1 
vn 0 0 1 
vn 0 0 1 
vn 0 0 1 
vn 0 0 1 
vn 0 1 0 
vn 0 1 0 
vn -1 0 0 
vn -1 0 0 
vn -1 0 0 
vn -1 0 0 
vn -1 0 0 
vn -1 0 0 
vn -1 0 0 
vn -1 0 0 
vn 0 1 0 
vn 0 1 0 
vn 0 1 0 
vn -1 0 0 
vn -1 0 0 
vn -1 0 0 
vn -1 0 0 
vn -1 0 0 
vn -1 0 0 
vn -1 0 0 
vn -1 0 0 
vn 1 0 0 
vn 1 0 0 
vn 1 0 0 
vn -1 0 0 
vn -1 0 0 
vn -1 0 0 
vn 0 -1 0 
vn 0 -1 0 
vn 0 -1 0 
vn 0 -1 0 
vn 0 1 0 
vn 0 1 0 
vn -1 0 0 
vn -1 0 0 
vn 0 0 -1 
vn 0 0 1 
vn 0 -1 0 
vn 0 -1 0 
vn 0 -1 0 
vn 0 -1 0 
vn 0 -1 0 
vn 0 -1 0 
vn 0 -1 0 
vn 0 -1 0 
vn 0 1 0 
vn 1 0 0 
vn 1 0 0 
vn -1 0 0 
vn -1 0 0 
vn 0 1 0 
vn -1 0 0 
vn 0 0 -1 
vn 0 0 -1 
vn 0 0 -1 
vn 0 0 -1 
vn 0 0 -1 
vn 0 0 -1 
vn 0 0 -1 
vn 0 0 -1 
vn 0 0 -1 
vn 0 0 -1 
vn 0 0 -1 
vn 0 0 -1 
vn 0 0 -1 
vn 0 0 -1 
vn 0 0 -1 
vn 0 0 -1 

vt 53.9375 -23.6875 
vt 54.0625 -23.6875 
vt 53.9375 -25.1875 
vt 54.0625 -25.1875 
vt 53.9375 -25.0625 
vt 54.0625 -25.0625 
vt 53.9375 -26.3125 
vt 54.0625 -26.3125 
vt 53.9375 -26.0625 
vt 54.0625 -26.0625 
vt 54.0625 -25.0625 
vt 53.9375 -25.0625 
vt 54.0625 -25.0625 
vt 53.9375 -25.1875 
vt 54.0625 -26.0625 
vt 54.0625 -25.1875 
vt 53.9375 -26.0625 
vt 53.9375 -23.6875 
vt 54.0625 -25.0625 
vt 54.0625 -23.6875 
vt 53.9375 -25.0625 
vt 54.0625 -25.1875 
vt 53.9375 -25.1875 
vt 54.0625 -26.0625 
vt 53.9375 -26.0625 
vt 54.125 -24.9375 
vt 54 -25.0625 
vt 54.125 -25.0625 
vt 54 -24.9375 
vt 52.5 -24.9375 
vt 52.5 -25.0625 
vt 55.5 -24.9375 
vt 55.5 -25.0625 
vt 54 -25.0625 
vt 52.5 -24.9375 
vt 52.5 -25.0625 
vt 54 -24.9375 
vt 54.125 -24.9375 
vt 55.5 -25.0625 
vt 55.5 -24.9375 
vt 54.125 -25.0625 
vt 54.125 -24.9375 
vt 54 -25.0625 
vt 54 -25.0625 
vt 52.5 -24.9375 
vt 52.5 -25.0625 
vt 54 -24.9375 
vt 54.125 -25.0625 
vt 55.5 -25.0625 
vt 54.125 -24.9375 
vt 55.5 -24.9375 
vt 53.875 -23.6875 
vt 55.5 -26.3125 
vt 55.5 -26.0625 
vt 52.5 -26.3125 
vt 52.5 -26.0625 
vt 53.875 -25.0625 
vt 53.875 -26.0625 
vt 54 -25.1875 
vt 53.875 -23.6875 
vt 54 -26.0625 
vt 54 -25.0625 
vt 54 -23.6875 
vt 55.5 -25.1875 
vt 55.5 -25.0625 
vt 53.875 -25.0625 
vt 53.875 -25.1875 
vt 52.5 -25.0625 
vt 52.5 -25.1875 
vt 53.875 -26.0625 
vt 55.5 -26.3125 
vt 55.5 -26.0625 
vt 52.5 -26.3125 
vt 52.5 -26.0625 
vt 54.0625 -23.6875 
vt 53.9375 -23.6875 
vt 54.0625 -25.0625 
vt 53.9375 -25.0625 
vt 54.0625 -25.1875 
vt 53.9375 -25.1875 
vt 53.9375 -26.3125 
vt 54.0625 -26.3125 
vt 53.9375 -26.0625 
vt 54.0625 -26.0625 
vt 54.0625 -25.0625 
vt 54.0625 -25.0625 
vt 53.9375 -25.0625 
vt 53.9375 -23.6875 
vt 54.0625 -25.0625 
vt 54.0625 -23.6875 
vt 53.9375 -25.0625 
vt 54.0625 -25.1875 
vt 53.9375 -25.1875 
vt 54.0625 -26.0625 
vt 53.9375 -26.0625 
vt 55.5 -24.9375 
vt 55.5 -25.0625 
vt 55.5 -24.9375 
vt 52.5 -24.9375 
vt 52.5 -25.0625 
vt 52.5 -25.0625 
vt 55.5 -25.0625 
vt 55.5 -24.9375 
vt 52.5 -24.9375 
vt 52.5 -25.0625 
vt 54 -24.9375 
vt 53.875 -25.0625 
vt 53.875 -24.9375 
vt 53.875 -25.0625 
vt 54 -25.0625 
vt 54 -24.9375 
vt 55.5 -24.9375 
vt 54 -24.9375 
vt 55.5 -25.0625 
vt 54 -25.0625 
vt 53.875 -25.0625 
vt 52.5 -24.9375 
vt 52.5 -25.0625 
vt 53.875 -24.9375 
vt 54 -23.6875 
vt 52.5 -26.3125 
vt 52.5 -26.0625 
vt 55.5 -26.3125 
vt 55.5 -26.0625 
vt 54 -25.0625 
vt 54.125 -26.0625 
vt 54 -25.0625 
vt 54.125 -26.0625 
vt 54 -23.6875 
vt 54 -25.1875 
vt 52.5 -25.0625 
vt 52.5 -25.1875 
vt 54 -26.0625 
vt 54.125 -25.1875 
vt 54.125 -25.0625 
vt 54.125 -23.6875 
vt 55.5 -25.1875 
vt 55.5 -25.0625 
vt 55.5 -26.3125 
vt 55.5 -26.0625 
vt 52.5 -26.3125 
vt 52.5 -26.0625 

usemtl Union161Mtl

f 4808/4808/4808 4809/4809/4809 4810/4810/4810 
f 4810/4810/4810 4809/4809/4809 4811/4811/4811 
f 4812/4812/4812 4813/4813/4813 4814/4814/4814 
f 4814/4814/4814 4813/4813/4813 4815/4815/4815 
f 4823/4823/4823 4824/4824/4824 4825/4825/4825 
f 4826/4826/4826 4824/4824/4824 4823/4823/4823 
f 4827/4827/4827 4828/4828/4828 4829/4829/4829 
f 4829/4829/4829 4828/4828/4828 4830/4830/4830 
f 4831/4831/4831 4832/4832/4832 4833/4833/4833 
f 4831/4831/4831 4834/4834/4834 4832/4832/4832 
f 4839/4839/4839 4840/4840/4840 4841/4841/4841 
f 4842/4842/4842 4840/4840/4840 4839/4839/4839 
f 4843/4843/4843 4844/4844/4844 4845/4845/4845 
f 4846/4846/4846 4844/4844/4844 4843/4843/4843 
f 4849/4849/4849 4850/4850/4850 4851/4851/4851 
f 4852/4852/4852 4850/4850/4850 4849/4849/4849 
f 4853/4853/4853 4854/4854/4854 4855/4855/4855 
f 4855/4855/4855 4854/4854/4854 4856/4856/4856 
f 4864/4864/4864 4865/4865/4865 4866/4866/4866 
f 4867/4867/4867 4865/4865/4865 4864/4864/4864 
f 4868/4868/4868 4865/4865/4865 4867/4867/4867 
f 4864/4864/4864 4869/4869/4869 4867/4867/4867 
f 4867/4867/4867 4869/4869/4869 4870/4870/4870 
f 4871/4871/4871 4866/4866/4866 4865/4865/4865 
f 4872/4872/4872 4866/4866/4866 4871/4871/4871 
f 4871/4871/4871 4873/4873/4873 4872/4872/4872 
f 4874/4874/4874 4872/4872/4872 4873/4873/4873 
f 4875/4875/4875 4866/4866/4866 4872/4872/4872 
f 4875/4875/4875 4876/4876/4876 4866/4866/4866 
f 4866/4866/4866 4876/4876/4876 4877/4877/4877 
f 4875/4875/4875 4878/4878/4878 4876/4876/4876 
f 4875/4875/4875 4879/4879/4879 4878/4878/4878 
f 4882/4882/4882 4883/4883/4883 4884/4884/4884 
f 4885/4885/4885 4884/4884/4884 4883/4883/4883 
f 4886/4886/4886 4887/4887/4887 4888/4888/4888 
f 4889/4889/4889 4888/4888/4888 4887/4887/4887 
f 4893/4893/4893 4894/4894/4894 4895/4895/4895 
f 4896/4896/4896 4894/4894/4894 4893/4893/4893 
f 4897/4897/4897 4898/4898/4898 4899/4899/4899 
f 4898/4898/4898 4900/4900/4900 4899/4899/4899 
f 4907/4907/4907 4908/4908/4908 4909/4909/4909 
f 4910/4910/4910 4907/4907/4907 4909/4909/4909 
f 4917/4917/4917 4918/4918/4918 4919/4919/4919 
f 4920/4920/4920 4919/4919/4919 4918/4918/4918 
f 4921/4921/4921 4922/4922/4922 4923/4923/4923 
f 4924/4924/4924 4922/4922/4922 4921/4921/4921 
f 4932/4932/4932 4933/4933/4933 4934/4934/4934 
f 4935/4935/4935 4933/4933/4933 4932/4932/4932 
f 4932/4932/4932 4936/4936/4936 4935/4935/4935 
f 4937/4937/4937 4935/4935/4935 4936/4936/4936 
f 4938/4938/4938 4933/4933/4933 4935/4935/4935 
f 4939/4939/4939 4934/4934/4934 4933/4933/4933 
f 4940/4940/4940 4934/4934/4934 4939/4939/4939 
f 4934/4934/4934 4940/4940/4940 4941/4941/4941 
f 4939/4939/4939 4942/4942/4942 4940/4940/4940 
f 4940/4940/4940 4942/4942/4942 4943/4943/4943 
f 4933/4933/4933 4938/4938/4938 4944/4944/4944 
f 4945/4945/4945 4933/4933/4933 4944/4944/4944 
f 4938/4938/4938 4946/4946/4946 4944/4944/4944 
f 4938/4938/4938 4947/4947/4947 4946/4946/4946 

g Part91

v 128 15 100.5 
v 128 15 130.5 
v 128 13 100.5 
v 128 13 130.5 
v 128 15 100.5 
v 118 15 100.5 
v 128 15 130.5 
v 118 15 130.5 
v 128 15 130.5 
v 118 15 130.5 
v 128 13 130.5 
v 118 13 130.5 
v 118 15 130.5 
v 118 15 100.5 
v 118 13 130.5 
v 118 13 100.5 
v 128 13 130.5 
v 118 13 130.5 
v 128 13 100.5 
v 118 13 100.5 
v 118 15 100.5 
v 128 15 100.5 
v 118 13 100.5 
v 128 13 100.5 

vn 1 0 0 
vn 1 0 0 
vn 1 0 0 
vn 1 0 0 
vn 0 1 0 
vn 0 1 0 
vn 0 1 0 
vn 0 1 0 
vn 0 0 1 
vn 0 0 1 
vn 0 0 1 
vn 0 0 1 
vn -1 0 0 
vn -1 0 0 
vn -1 0 0 
vn -1 0 0 
vn 0 -1 0 
vn 0 -1 0 
vn 0 -1 0 
vn 0 -1 0 
vn 0 0 -1 
vn 0 0 -1 
vn 0 0 -1 
vn 0 0 -1 

vt 39.875 -58.875 
vt 36.125 -58.875 
vt 39.875 -59.125 
vt 36.125 -59.125 
vt 37.375 -60.875 
vt 38.625 -60.875 
vt 37.375 -57.125 
vt 38.625 -57.125 
vt 38.625 -58.875 
vt 37.375 -58.875 
vt 38.625 -59.125 
vt 37.375 -59.125 
vt 39.875 -58.875 
vt 36.125 -58.875 
vt 39.875 -59.125 
vt 36.125 -59.125 
vt 38.625 -57.125 
vt 37.375 -57.125 
vt 38.625 -60.875 
vt 37.375 -60.875 
vt 38.625 -58.875 
vt 37.375 -58.875 
vt 38.625 -59.125 
vt 37.375 -59.125 

usemtl Union161Mtl

f 4948/4948/4948 4949/4949/4949 4950/4950/4950 
f 4950/4950/4950 4949/4949/4949 4951/4951/4951 
f 4952/4952/4952 4953/4953/4953 4954/4954/4954 
f 4954/4954/4954 4953/4953/4953 4955/4955/4955 
f 4956/4956/4956 4957/4957/4957 4958/4958/4958 
f 4958/4958/4958 4957/4957/4957 4959/4959/4959 
f 4960/4960/4960 4961/4961/4961 4962/4962/4962 
f 4962/4962/4962 4961/4961/4961 4963/4963/4963 
f 4964/4964/4964 4965/4965/4965 4966/4966/4966 
f 4966/4966/4966 4965/4965/4965 4967/4967/4967 
f 4968/4968/4968 4969/4969/4969 4970/4970/4970 
f 4970/4970/4970 4969/4969/4969 4971/4971/4971 

g Union241

v 118 17 130.5 
v 118 15 130.5 
v 118 15 115.5 
v 118 17 115.5 
v 112 19 130.5 
v 109 21 130.5 
v 106 23 130.5 
v 109 23 130.5 
v 103 27 130.5 
v 112 19 115.5 
v 109 21 115.5 
v 109 23 115.5 
v 106 23 115.5 
v 103 27 115.5 
v 115 19 130.5 
v 115 17 130.5 
v 115 17 115.5 
v 115 19 115.5 
v 112 19 130.5 
v 112 19 115.5 
v 112 21 130.5 
v 112 21 115.5 
v 109 21 115.5 
v 109 23 130.5 
v 109 21 130.5 
v 109 23 115.5 
v 106 23 130.5 
v 106 23 115.5 
v 106 25 130.5 
v 106 25 115.5 
v 103 27 130.5 
v 103 25 130.5 
v 103 25 115.5 
v 103 27 115.5 
v 118 17 130.5 
v 118 15 115.5 
v 100 27 130.5 
v 100 27 115.5 
v 115 17 130.5 
v 112 19 130.5 
v 109 21 130.5 
v 106 23 130.5 
v 109 23 130.5 
v 103 25 130.5 
v 103 27 130.5 
v 115 17 115.5 
v 112 19 115.5 
v 109 21 115.5 
v 109 23 115.5 
v 106 23 115.5 
v 103 25 115.5 
v 103 27 115.5 
v 100 27 130.5 
v 103 27 130.5 
v 100 27 115.5 
v 103 27 115.5 
v 106 25 130.5 
v 103 25 115.5 
v 103 25 130.5 
v 106 25 115.5 
v 106 23 130.5 
v 109 23 130.5 
v 106 23 115.5 
v 109 23 115.5 
v 112 21 130.5 
v 109 21 115.5 
v 109 21 130.5 
v 112 21 115.5 
v 112 19 130.5 
v 115 19 130.5 
v 112 19 115.5 
v 115 19 115.5 
v 118 17 130.5 
v 115 17 115.5 
v 115 17 130.5 
v 118 17 115.5 
v 100 27 130.5 
v 100 25 130.5 
v 118 17 130.5 
v 115 17 130.5 
v 118 15 130.5 
v 115 15 130.5 
v 112 17 130.5 
v 112 19 130.5 
v 115 19 130.5 
v 112 21 130.5 
v 109 21 130.5 
v 109 19 130.5 
v 106 21 130.5 
v 106 23 130.5 
v 109 23 130.5 
v 106 25 130.5 
v 103 25 130.5 
v 103 23 130.5 
v 100 27 130.5 
v 100 25 130.5 
v 103 27 130.5 
v 100 27 130.5 
v 100 27 115.5 
v 100 25 130.5 
v 100 25 115.5 
v 112 19 130.5 
v 106 21 130.5 
v 106 23 130.5 
v 109 23 130.5 
v 112 19 115.5 
v 106 21 115.5 
v 109 23 115.5 
v 106 23 115.5 
v 103 25 130.5 
v 103 25 115.5 
v 103 23 130.5 
v 103 23 115.5 
v 106 23 115.5 
v 106 21 130.5 
v 106 23 130.5 
v 106 21 115.5 
v 109 21 130.5 
v 109 21 115.5 
v 109 19 130.5 
v 109 19 115.5 
v 112 17 130.5 
v 112 19 130.5 
v 112 19 115.5 
v 112 17 115.5 
v 115 17 130.5 
v 115 17 115.5 
v 115 15 130.5 
v 115 15 115.5 
v 118 17 130.5 
v 118 15 115.5 
v 100 25 130.5 
v 100 25 115.5 
v 115 17 130.5 
v 112 19 130.5 
v 109 21 130.5 
v 106 21 130.5 
v 106 23 130.5 
v 109 23 130.5 
v 103 25 130.5 
v 115 17 115.5 
v 112 19 115.5 
v 109 21 115.5 
v 106 21 115.5 
v 109 23 115.5 
v 106 23 115.5 
v 103 25 115.5 
v 118 15 115.5 
v 118 15 130.5 
v 115 15 130.5 
v 115 15 115.5 
v 112 17 130.5 
v 115 17 115.5 
v 115 17 130.5 
v 112 17 115.5 
v 109 19 130.5 
v 112 19 115.5 
v 112 19 130.5 
v 109 19 115.5 
v 109 21 130.5 
v 106 21 130.5 
v 109 21 115.5 
v 106 21 115.5 
v 103 23 130.5 
v 106 23 115.5 
v 106 23 130.5 
v 103 23 115.5 
v 100 25 130.5 
v 103 25 115.5 
v 103 25 130.5 
v 100 25 115.5 
v 100 27 115.5 
v 100 25 115.5 
v 118 17 115.5 
v 118 15 115.5 
v 115 15 115.5 
v 115 17 115.5 
v 112 17 115.5 
v 115 19 115.5 
v 112 19 115.5 
v 109 19 115.5 
v 112 21 115.5 
v 109 21 115.5 
v 106 21 115.5 
v 109 23 115.5 
v 106 23 115.5 
v 106 25 115.5 
v 103 23 115.5 
v 103 25 115.5 
v 100 25 115.5 
v 103 27 115.5 
v 100 27 115.5 

vn 1 0 0 
vn 1 0 0 
vn 1 0 0 
vn 1 0 0 
vn 0 0 1 
vn 0 0 1 
vn 0 0 1 
vn 0 0 1 
vn 0 0 1 
vn 0 0 -1 
vn 0 0 -1 
vn 0 0 -1 
vn 0 0 -1 
vn 0 0 -1 
vn 1 0 0 
vn 1 0 0 
vn 1 0 0 
vn 1 0 0 
vn 1 0 0 
vn 1 0 0 
vn 1 0 0 
vn 1 0 0 
vn 1 0 0 
vn 1 0 0 
vn 1 0 0 
vn 1 0 0 
vn 1 0 0 
vn 1 0 0 
vn 1 0 0 
vn 1 0 0 
vn 1 0 0 
vn 1 0 0 
vn 1 0 0 
vn 1 0 0 
vn 1 0 0 
vn 1 0 0 
vn -1 0 0 
vn -1 0 0 
vn 0 0 1 
vn 0 0 1 
vn 0 0 1 
vn 0 0 1 
vn 0 0 1 
vn 0 0 1 
vn 0 0 1 
vn 0 0 -1 
vn 0 0 -1 
vn 0 0 -1 
vn 0 0 -1 
vn 0 0 -1 
vn 0 0 -1 
vn 0 0 -1 
vn 0 1 0 
vn 0 1 0 
vn 0 1 0 
vn 0 1 0 
vn 0 1 0 
vn 0 1 0 
vn 0 1 0 
vn 0 1 0 
vn 0 1 0 
vn 0 1 0 
vn 0 1 0 
vn 0 1 0 
vn 0 1 0 
vn 0 1 0 
vn 0 1 0 
vn 0 1 0 
vn 0 1 0 
vn 0 1 0 
vn 0 1 0 
vn 0 1 0 
vn 0 1 0 
vn 0 1 0 
vn 0 1 0 
vn 0 1 0 
vn -1 0 0 
vn -1 0 0 
vn 0 0 1 
vn 0 0 1 
vn 0 0 1 
vn 0 0 1 
vn 0 0 1 
vn 0 0 1 
vn 0 0 1 
vn 0 0 1 
vn 0 0 1 
vn 0 0 1 
vn 0 0 1 
vn 0 0 1 
vn 0 0 1 
vn 0 0 1 
vn 0 0 1 
vn 0 0 1 
vn 0 0 1 
vn 0 0 1 
vn 0 0 1 
vn -1 0 0 
vn -1 0 0 
vn -1 0 0 
vn -1 0 0 
vn 0 0 1 
vn 0 0 1 
vn 0 0 1 
vn 0 0 1 
vn 0 0 -1 
vn 0 0 -1 
vn 0 0 -1 
vn 0 0 -1 
vn -1 0 0 
vn -1 0 0 
vn -1 0 0 
vn -1 0 0 
vn -1 0 0 
vn -1 0 0 
vn -1 0 0 
vn -1 0 0 
vn -1 0 0 
vn -1 0 0 
vn -1 0 0 
vn -1 0 0 
vn -1 0 0 
vn -1 0 0 
vn -1 0 0 
vn -1 0 0 
vn -1 0 0 
vn -1 0 0 
vn -1 0 0 
vn -1 0 0 
vn 1 0 0 
vn 1 0 0 
vn -1 0 0 
vn -1 0 0 
vn 0 0 1 
vn 0 0 1 
vn 0 0 1 
vn 0 0 1 
vn 0 0 1 
vn 0 0 1 
vn 0 0 1 
vn 0 0 -1 
vn 0 0 -1 
vn 0 0 -1 
vn 0 0 -1 
vn 0 0 -1 
vn 0 0 -1 
vn 0 0 -1 
vn 0 -1 0 
vn 0 -1 0 
vn 0 -1 0 
vn 0 -1 0 
vn 0 -1 0 
vn 0 -1 0 
vn 0 -1 0 
vn 0 -1 0 
vn 0 -1 0 
vn 0 -1 0 
vn 0 -1 0 
vn 0 -1 0 
vn 0 -1 0 
vn 0 -1 0 
vn 0 -1 0 
vn 0 -1 0 
vn 0 -1 0 
vn 0 -1 0 
vn 0 -1 0 
vn 0 -1 0 
vn 0 -1 0 
vn 0 -1 0 
vn 0 -1 0 
vn 0 -1 0 
vn -1 0 0 
vn -1 0 0 
vn 0 0 -1 
vn 0 0 -1 
vn 0 0 -1 
vn 0 0 -1 
vn 0 0 -1 
vn 0 0 -1 
vn 0 0 -1 
vn 0 0 -1 
vn 0 0 -1 
vn 0 0 -1 
vn 0 0 -1 
vn 0 0 -1 
vn 0 0 -1 
vn 0 0 -1 
vn 0 0 -1 
vn 0 0 -1 
vn 0 0 -1 
vn 0 0 -1 
vn 0 0 -1 

vt 5.0625 -43.5 
vt 5.0625 -43.75 
vt 6.9375 -43.75 
vt 6.9375 -43.5 
vt 5.0625 -43.25 
vt 5.0625 -43 
vt 5.0625 -42.75 
vt 5.0625 -42.75 
vt 5.0625 -42.25 
vt 6.9375 -43.25 
vt 6.9375 -43 
vt 6.9375 -42.75 
vt 6.9375 -42.75 
vt 6.9375 -42.25 
vt 5.0625 -43.25 
vt 5.0625 -43.5 
vt 6.9375 -43.5 
vt 6.9375 -43.25 
vt 5.0625 -43.25 
vt 6.9375 -43.25 
vt 5.0625 -43 
vt 6.9375 -43 
vt 6.9375 -43 
vt 5.0625 -42.75 
vt 5.0625 -43 
vt 6.9375 -42.75 
vt 5.0625 -42.75 
vt 6.9375 -42.75 
vt 5.0625 -42.5 
vt 6.9375 -42.5 
vt 5.0625 -42.25 
vt 5.0625 -42.5 
vt 6.9375 -42.5 
vt 6.9375 -42.25 
vt 4.875 -42.0625 
vt 4.875 -43.9375 
vt 7.125 -42.0625 
vt 7.125 -43.9375 
vt 5.25 -42.0625 
vt 5.625 -42.0625 
vt 6 -42.0625 
vt 6.375 -42.0625 
vt 6 -42.0625 
vt 6.75 -42.0625 
vt 6.75 -42.0625 
vt 5.25 -43.9375 
vt 5.625 -43.9375 
vt 6 -43.9375 
vt 6 -43.9375 
vt 6.375 -43.9375 
vt 6.75 -43.9375 
vt 6.75 -43.9375 
vt 7.125 -42.0625 
vt 6.75 -42.0625 
vt 7.125 -43.9375 
vt 6.75 -43.9375 
vt 6.375 -42.0625 
vt 6.75 -43.9375 
vt 6.75 -42.0625 
vt 6.375 -43.9375 
vt 6.375 -42.0625 
vt 6 -42.0625 
vt 6.375 -43.9375 
vt 6 -43.9375 
vt 5.625 -42.0625 
vt 6 -43.9375 
vt 6 -42.0625 
vt 5.625 -43.9375 
vt 5.625 -42.0625 
vt 5.25 -42.0625 
vt 5.625 -43.9375 
vt 5.25 -43.9375 
vt 4.875 -42.0625 
vt 5.25 -43.9375 
vt 5.25 -42.0625 
vt 4.875 -43.9375 
vt 4.875 -42.25 
vt 4.875 -42.5 
vt 7.125 -43.5 
vt 6.75 -43.5 
vt 7.125 -43.75 
vt 6.75 -43.75 
vt 6.375 -43.5 
vt 6.375 -43.25 
vt 6.75 -43.25 
vt 6.375 -43 
vt 6 -43 
vt 6 -43.25 
vt 5.625 -43 
vt 5.625 -42.75 
vt 6 -42.75 
vt 5.625 -42.5 
vt 5.25 -42.5 
vt 5.25 -42.75 
vt 4.875 -42.25 
vt 4.875 -42.5 
vt 5.25 -42.25 
vt 6.9375 -42.25 
vt 5.0625 -42.25 
vt 6.9375 -42.5 
vt 5.0625 -42.5 
vt 6.9375 -43.25 
vt 6.9375 -43 
vt 6.9375 -42.75 
vt 6.9375 -42.75 
vt 5.0625 -43.25 
vt 5.0625 -43 
vt 5.0625 -42.75 
vt 5.0625 -42.75 
vt 6.9375 -42.5 
vt 5.0625 -42.5 
vt 6.9375 -42.75 
vt 5.0625 -42.75 
vt 5.0625 -42.75 
vt 6.9375 -43 
vt 6.9375 -42.75 
vt 5.0625 -43 
vt 6.9375 -43 
vt 5.0625 -43 
vt 6.9375 -43.25 
vt 5.0625 -43.25 
vt 6.9375 -43.5 
vt 6.9375 -43.25 
vt 5.0625 -43.25 
vt 5.0625 -43.5 
vt 6.9375 -43.5 
vt 5.0625 -43.5 
vt 6.9375 -43.75 
vt 5.0625 -43.75 
vt 7.125 -42.0625 
vt 7.125 -43.9375 
vt 4.875 -42.0625 
vt 4.875 -43.9375 
vt 6.75 -42.0625 
vt 6.375 -42.0625 
vt 6 -42.0625 
vt 5.625 -42.0625 
vt 5.625 -42.0625 
vt 6 -42.0625 
vt 5.25 -42.0625 
vt 6.75 -43.9375 
vt 6.375 -43.9375 
vt 6 -43.9375 
vt 5.625 -43.9375 
vt 6 -43.9375 
vt 5.625 -43.9375 
vt 5.25 -43.9375 
vt 7.125 -43.9375 
vt 7.125 -42.0625 
vt 6.75 -42.0625 
vt 6.75 -43.9375 
vt 6.375 -42.0625 
vt 6.75 -43.9375 
vt 6.75 -42.0625 
vt 6.375 -43.9375 
vt 6 -42.0625 
vt 6.375 -43.9375 
vt 6.375 -42.0625 
vt 6 -43.9375 
vt 6 -42.0625 
vt 5.625 -42.0625 
vt 6 -43.9375 
vt 5.625 -43.9375 
vt 5.25 -42.0625 
vt 5.625 -43.9375 
vt 5.625 -42.0625 
vt 5.25 -43.9375 
vt 4.875 -42.0625 
vt 5.25 -43.9375 
vt 5.25 -42.0625 
vt 4.875 -43.9375 
vt 7.125 -42.25 
vt 7.125 -42.5 
vt 4.875 -43.5 
vt 4.875 -43.75 
vt 5.25 -43.75 
vt 5.25 -43.5 
vt 5.625 -43.5 
vt 5.25 -43.25 
vt 5.625 -43.25 
vt 6 -43.25 
vt 5.625 -43 
vt 6 -43 
vt 6.375 -43 
vt 6 -42.75 
vt 6.375 -42.75 
vt 6.375 -42.5 
vt 6.75 -42.75 
vt 6.75 -42.5 
vt 7.125 -42.5 
vt 6.75 -42.25 
vt 7.125 -42.25 

usemtl Union161Mtl

f 4972/4972/4972 4973/4973/4973 4974/4974/4974 
f 4972/4972/4972 4974/4974/4974 4975/4975/4975 
f 4986/4986/4986 4987/4987/4987 4988/4988/4988 
f 4986/4986/4986 4988/4988/4988 4989/4989/4989 
f 4990/4990/4990 4991/4991/4991 4992/4992/4992 
f 4992/4992/4992 4991/4991/4991 4993/4993/4993 
f 4994/4994/4994 4995/4995/4995 4996/4996/4996 
f 4995/4995/4995 4994/4994/4994 4997/4997/4997 
f 4998/4998/4998 4999/4999/4999 5000/5000/5000 
f 5000/5000/5000 4999/4999/4999 5001/5001/5001 
f 5002/5002/5002 5003/5003/5003 5004/5004/5004 
f 5002/5002/5002 5004/5004/5004 5005/5005/5005 
f 5024/5024/5024 5025/5025/5025 5026/5026/5026 
f 5026/5026/5026 5025/5025/5025 5027/5027/5027 
f 5028/5028/5028 5029/5029/5029 5030/5030/5030 
f 5029/5029/5029 5028/5028/5028 5031/5031/5031 
f 5032/5032/5032 5033/5033/5033 5034/5034/5034 
f 5034/5034/5034 5033/5033/5033 5035/5035/5035 
f 5036/5036/5036 5037/5037/5037 5038/5038/5038 
f 5036/5036/5036 5039/5039/5039 5037/5037/5037 
f 5040/5040/5040 5041/5041/5041 5042/5042/5042 
f 5042/5042/5042 5041/5041/5041 5043/5043/5043 
f 5044/5044/5044 5045/5045/5045 5046/5046/5046 
f 5045/5045/5045 5044/5044/5044 5047/5047/5047 
f 5050/5050/5050 5051/5051/5051 5052/5052/5052 
f 5052/5052/5052 5051/5051/5051 5053/5053/5053 
f 5054/5054/5054 5051/5051/5051 5055/5055/5055 
f 5056/5056/5056 5055/5055/5055 5051/5051/5051 
f 5057/5057/5057 5058/5058/5058 5055/5055/5055 
f 5059/5059/5059 5055/5055/5055 5058/5058/5058 
f 5060/5060/5060 5058/5058/5058 5061/5061/5061 
f 5062/5062/5062 5061/5061/5061 5058/5058/5058 
f 5063/5063/5063 5064/5064/5064 5061/5061/5061 
f 5061/5061/5061 5064/5064/5064 5065/5065/5065 
f 5064/5064/5064 5066/5066/5066 5067/5067/5067 
f 5068/5068/5068 5066/5066/5066 5064/5064/5064 
f 5069/5069/5069 5070/5070/5070 5071/5071/5071 
f 5072/5072/5072 5071/5071/5071 5070/5070/5070 
f 5081/5081/5081 5082/5082/5082 5083/5083/5083 
f 5084/5084/5084 5083/5083/5083 5082/5082/5082 
f 5085/5085/5085 5086/5086/5086 5087/5087/5087 
f 5086/5086/5086 5085/5085/5085 5088/5088/5088 
f 5089/5089/5089 5090/5090/5090 5091/5091/5091 
f 5092/5092/5092 5091/5091/5091 5090/5090/5090 
f 5093/5093/5093 5094/5094/5094 5095/5095/5095 
f 5093/5093/5093 5095/5095/5095 5096/5096/5096 
f 5097/5097/5097 5098/5098/5098 5099/5099/5099 
f 5100/5100/5100 5099/5099/5099 5098/5098/5098 
f 5119/5119/5119 5120/5120/5120 5121/5121/5121 
f 5119/5119/5119 5121/5121/5121 5122/5122/5122 
f 5123/5123/5123 5124/5124/5124 5125/5125/5125 
f 5124/5124/5124 5123/5123/5123 5126/5126/5126 
f 5127/5127/5127 5128/5128/5128 5129/5129/5129 
f 5130/5130/5130 5128/5128/5128 5127/5127/5127 
f 5131/5131/5131 5132/5132/5132 5133/5133/5133 
f 5133/5133/5133 5132/5132/5132 5134/5134/5134 
f 5135/5135/5135 5136/5136/5136 5137/5137/5137 
f 5136/5136/5136 5135/5135/5135 5138/5138/5138 
f 5139/5139/5139 5140/5140/5140 5141/5141/5141 
f 5140/5140/5140 5139/5139/5139 5142/5142/5142 
f 5145/5145/5145 5146/5146/5146 5147/5147/5147 
f 5148/5148/5148 5145/5145/5145 5147/5147/5147 
f 5148/5148/5148 5149/5149/5149 5150/5150/5150 
f 5151/5151/5151 5150/5150/5150 5149/5149/5149 
f 5151/5151/5151 5152/5152/5152 5153/5153/5153 
f 5154/5154/5154 5153/5153/5153 5152/5152/5152 
f 5154/5154/5154 5155/5155/5155 5156/5156/5156 
f 5157/5157/5157 5156/5156/5156 5155/5155/5155 
f 5158/5158/5158 5157/5157/5157 5159/5159/5159 
f 5160/5160/5160 5158/5158/5158 5159/5159/5159 
f 5160/5160/5160 5161/5161/5161 5162/5162/5162 
f 5163/5163/5163 5162/5162/5162 5161/5161/5161 

g Union261

v 118 13 115.5 
v 118 11 115.5 
v 118 11 100.5 
v 118 13 100.5 
v 115 11 115.5 
v 109 9 115.5 
v 112 7 115.5 
v 106 5 115.5 
v 115 11 100.5 
v 112 7 100.5 
v 109 9 100.5 
v 106 5 100.5 
v 115 9 100.5 
v 115 11 115.5 
v 115 9 115.5 
v 115 11 100.5 
v 112 9 100.5 
v 112 9 115.5 
v 112 7 100.5 
v 112 7 115.5 
v 109 5 100.5 
v 109 7 115.5 
v 109 5 115.5 
v 109 7 100.5 
v 106 5 100.5 
v 106 5 115.5 
v 106 3 100.5 
v 106 3 115.5 
v 103 1 100.5 
v 103 3 115.5 
v 103 1 115.5 
v 103 3 100.5 
v 118 13 115.5 
v 118 13 100.5 
v 100 1 115.5 
v 100 3 100.5 
v 115 13 115.5 
v 115 11 115.5 
v 109 9 115.5 
v 109 7 115.5 
v 106 5 115.5 
v 103 3 115.5 
v 115 13 100.5 
v 115 11 100.5 
v 109 7 100.5 
v 109 9 100.5 
v 106 5 100.5 
v 103 3 100.5 
v 115 13 100.5 
v 118 13 115.5 
v 118 13 100.5 
v 115 13 115.5 
v 115 11 115.5 
v 112 11 100.5 
v 112 11 115.5 
v 115 11 100.5 
v 109 9 115.5 
v 112 9 115.5 
v 109 9 100.5 
v 112 9 100.5 
v 109 7 100.5 
v 106 7 100.5 
v 109 7 115.5 
v 106 7 115.5 
v 103 5 115.5 
v 106 5 115.5 
v 103 5 100.5 
v 106 5 100.5 
v 103 3 115.5 
v 100 3 100.5 
v 100 3 115.5 
v 103 3 100.5 
v 118 13 115.5 
v 118 11 115.5 
v 118 13 115.5 
v 115 13 115.5 
v 118 11 115.5 
v 115 11 115.5 
v 112 11 115.5 
v 115 9 115.5 
v 112 9 115.5 
v 109 9 115.5 
v 112 7 115.5 
v 109 7 115.5 
v 106 7 115.5 
v 109 5 115.5 
v 106 5 115.5 
v 103 5 115.5 
v 106 3 115.5 
v 103 3 115.5 
v 100 3 115.5 
v 103 1 115.5 
v 100 1 115.5 
v 100 1 100.5 
v 100 1 115.5 
v 100 3 100.5 
v 100 3 115.5 
v 115 13 115.5 
v 115 11 115.5 
v 109 9 115.5 
v 109 7 115.5 
v 106 5 115.5 
v 115 13 100.5 
v 115 11 100.5 
v 109 7 100.5 
v 109 9 100.5 
v 106 5 100.5 
v 103 5 115.5 
v 103 5 100.5 
v 103 3 115.5 
v 103 3 100.5 
v 106 7 100.5 
v 106 5 115.5 
v 106 7 115.5 
v 106 5 100.5 
v 109 7 100.5 
v 109 7 115.5 
v 109 9 100.5 
v 109 9 115.5 
v 112 11 100.5 
v 112 9 115.5 
v 112 11 115.5 
v 112 9 100.5 
v 115 11 100.5 
v 115 11 115.5 
v 115 13 100.5 
v 115 13 115.5 
v 118 11 115.5 
v 118 11 100.5 
v 100 1 115.5 
v 100 3 100.5 
v 115 11 115.5 
v 109 9 115.5 
v 112 7 115.5 
v 109 7 115.5 
v 106 5 115.5 
v 103 3 115.5 
v 115 11 100.5 
v 112 7 100.5 
v 109 7 100.5 
v 109 9 100.5 
v 106 5 100.5 
v 103 3 100.5 
v 103 1 100.5 
v 103 1 115.5 
v 100 1 115.5 
v 100 1 100.5 
v 106 3 100.5 
v 103 3 115.5 
v 103 3 100.5 
v 106 3 115.5 
v 106 5 115.5 
v 109 5 100.5 
v 109 5 115.5 
v 106 5 100.5 
v 112 7 100.5 
v 112 7 115.5 
v 109 7 115.5 
v 109 7 100.5 
v 112 9 115.5 
v 115 9 100.5 
v 115 9 115.5 
v 112 9 100.5 
v 118 11 100.5 
v 115 11 115.5 
v 115 11 100.5 
v 118 11 115.5 
v 118 11 100.5 
v 118 13 100.5 
v 115 13 100.5 
v 118 13 100.5 
v 115 11 100.5 
v 118 11 100.5 
v 112 11 100.5 
v 112 9 100.5 
v 115 9 100.5 
v 112 7 100.5 
v 109 7 100.5 
v 109 9 100.5 
v 106 7 100.5 
v 106 5 100.5 
v 109 5 100.5 
v 106 3 100.5 
v 103 3 100.5 
v 103 5 100.5 
v 100 1 100.5 
v 100 3 100.5 
v 103 1 100.5 

vn 1 0 0 
vn 1 0 0 
vn 1 0 0 
vn 1 0 0 
vn 0 0 1 
vn 0 0 1 
vn 0 0 1 
vn 0 0 1 
vn 0 0 -1 
vn 0 0 -1 
vn 0 0 -1 
vn 0 0 -1 
vn 1 0 0 
vn 1 0 0 
vn 1 0 0 
vn 1 0 0 
vn 1 0 0 
vn 1 0 0 
vn 1 0 0 
vn 1 0 0 
vn 1 0 0 
vn 1 0 0 
vn 1 0 0 
vn 1 0 0 
vn 1 0 0 
vn 1 0 0 
vn 1 0 0 
vn 1 0 0 
vn 1 0 0 
vn 1 0 0 
vn 1 0 0 
vn 1 0 0 
vn 1 0 0 
vn 1 0 0 
vn -1 0 0 
vn -1 0 0 
vn 0 0 1 
vn 0 0 1 
vn 0 0 1 
vn 0 0 1 
vn 0 0 1 
vn 0 0 1 
vn 0 0 -1 
vn 0 0 -1 
vn 0 0 -1 
vn 0 0 -1 
vn 0 0 -1 
vn 0 0 -1 
vn 0 1 0 
vn 0 1 0 
vn 0 1 0 
vn 0 1 0 
vn 0 1 0 
vn 0 1 0 
vn 0 1 0 
vn 0 1 0 
vn 0 1 0 
vn 0 1 0 
vn 0 1 0 
vn 0 1 0 
vn 0 1 0 
vn 0 1 0 
vn 0 1 0 
vn 0 1 0 
vn 0 1 0 
vn 0 1 0 
vn 0 1 0 
vn 0 1 0 
vn 0 1 0 
vn 0 1 0 
vn 0 1 0 
vn 0 1 0 
vn 1 0 0 
vn 1 0 0 
vn 0 0 1 
vn 0 0 1 
vn 0 0 1 
vn 0 0 1 
vn 0 0 1 
vn 0 0 1 
vn 0 0 1 
vn 0 0 1 
vn 0 0 1 
vn 0 0 1 
vn 0 0 1 
vn 0 0 1 
vn 0 0 1 
vn 0 0 1 
vn 0 0 1 
vn 0 0 1 
vn 0 0 1 
vn 0 0 1 
vn 0 0 1 
vn -1 0 0 
vn -1 0 0 
vn -1 0 0 
vn -1 0 0 
vn 0 0 1 
vn 0 0 1 
vn 0 0 1 
vn 0 0 1 
vn 0 0 1 
vn 0 0 -1 
vn 0 0 -1 
vn 0 0 -1 
vn 0 0 -1 
vn 0 0 -1 
vn -1 0 0 
vn -1 0 0 
vn -1 0 0 
vn -1 0 0 
vn -1 0 0 
vn -1 0 0 
vn -1 0 0 
vn -1 0 0 
vn -1 0 0 
vn -1 0 0 
vn -1 0 0 
vn -1 0 0 
vn -1 0 0 
vn -1 0 0 
vn -1 0 0 
vn -1 0 0 
vn -1 0 0 
vn -1 0 0 
vn -1 0 0 
vn -1 0 0 
vn 1 0 0 
vn 1 0 0 
vn -1 0 0 
vn -1 0 0 
vn 0 0 1 
vn 0 0 1 
vn 0 0 1 
vn 0 0 1 
vn 0 0 1 
vn 0 0 1 
vn 0 0 -1 
vn 0 0 -1 
vn 0 0 -1 
vn 0 0 -1 
vn 0 0 -1 
vn 0 0 -1 
vn 0 -1 0 
vn 0 -1 0 
vn 0 -1 0 
vn 0 -1 0 
vn 0 -1 0 
vn 0 -1 0 
vn 0 -1 0 
vn 0 -1 0 
vn 0 -1 0 
vn 0 -1 0 
vn 0 -1 0 
vn 0 -1 0 
vn 0 -1 0 
vn 0 -1 0 
vn 0 -1 0 
vn 0 -1 0 
vn 0 -1 0 
vn 0 -1 0 
vn 0 -1 0 
vn 0 -1 0 
vn 0 -1 0 
vn 0 -1 0 
vn 0 -1 0 
vn 0 -1 0 
vn 1 0 0 
vn 1 0 0 
vn 0 0 -1 
vn 0 0 -1 
vn 0 0 -1 
vn 0 0 -1 
vn 0 0 -1 
vn 0 0 -1 
vn 0 0 -1 
vn 0 0 -1 
vn 0 0 -1 
vn 0 0 -1 
vn 0 0 -1 
vn 0 0 -1 
vn 0 0 -1 
vn 0 0 -1 
vn 0 0 -1 
vn 0 0 -1 
vn 0 0 -1 
vn 0 0 -1 
vn 0 0 -1 

vt 41.0625 -12.25 
vt 41.0625 -12.5 
vt 42.9375 -12.5 
vt 42.9375 -12.25 
vt 41.0625 -12.5 
vt 41.0625 -12.75 
vt 41.0625 -13 
vt 41.0625 -13.25 
vt 42.9375 -12.5 
vt 42.9375 -13 
vt 42.9375 -12.75 
vt 42.9375 -13.25 
vt 42.9375 -12.75 
vt 41.0625 -12.5 
vt 41.0625 -12.75 
vt 42.9375 -12.5 
vt 42.9375 -12.75 
vt 41.0625 -12.75 
vt 42.9375 -13 
vt 41.0625 -13 
vt 42.9375 -13.25 
vt 41.0625 -13 
vt 41.0625 -13.25 
vt 42.9375 -13 
vt 42.9375 -13.25 
vt 41.0625 -13.25 
vt 42.9375 -13.5 
vt 41.0625 -13.5 
vt 42.9375 -13.75 
vt 41.0625 -13.5 
vt 41.0625 -13.75 
vt 42.9375 -13.5 
vt 40.875 -12.0625 
vt 40.875 -13.9375 
vt 43.125 -12.0625 
vt 43.125 -13.9375 
vt 41.25 -12.0625 
vt 41.25 -12.0625 
vt 42 -12.0625 
vt 42 -12.0625 
vt 42.375 -12.0625 
vt 42.75 -12.0625 
vt 41.25 -13.9375 
vt 41.25 -13.9375 
vt 42 -13.9375 
vt 42 -13.9375 
vt 42.375 -13.9375 
vt 42.75 -13.9375 
vt 41.25 -13.9375 
vt 40.875 -12.0625 
vt 40.875 -13.9375 
vt 41.25 -12.0625 
vt 41.25 -12.0625 
vt 41.625 -13.9375 
vt 41.625 -12.0625 
vt 41.25 -13.9375 
vt 42 -12.0625 
vt 41.625 -12.0625 
vt 42 -13.9375 
vt 41.625 -13.9375 
vt 42 -13.9375 
vt 42.375 -13.9375 
vt 42 -12.0625 
vt 42.375 -12.0625 
vt 42.75 -12.0625 
vt 42.375 -12.0625 
vt 42.75 -13.9375 
vt 42.375 -13.9375 
vt 42.75 -12.0625 
vt 43.125 -13.9375 
vt 43.125 -12.0625 
vt 42.75 -13.9375 
vt 43.125 -12.25 
vt 43.125 -12.5 
vt 43.125 -12.25 
vt 42.75 -12.25 
vt 43.125 -12.5 
vt 42.75 -12.5 
vt 42.375 -12.5 
vt 42.75 -12.75 
vt 42.375 -12.75 
vt 42 -12.75 
vt 42.375 -13 
vt 42 -13 
vt 41.625 -13 
vt 42 -13.25 
vt 41.625 -13.25 
vt 41.25 -13.25 
vt 41.625 -13.5 
vt 41.25 -13.5 
vt 40.875 -13.5 
vt 41.25 -13.75 
vt 40.875 -13.75 
vt 41.0625 -13.75 
vt 42.9375 -13.75 
vt 41.0625 -13.5 
vt 42.9375 -13.5 
vt 42.9375 -12.25 
vt 42.9375 -12.5 
vt 42.9375 -12.75 
vt 42.9375 -13 
vt 42.9375 -13.25 
vt 41.0625 -12.25 
vt 41.0625 -12.5 
vt 41.0625 -13 
vt 41.0625 -12.75 
vt 41.0625 -13.25 
vt 42.9375 -13.25 
vt 41.0625 -13.25 
vt 42.9375 -13.5 
vt 41.0625 -13.5 
vt 41.0625 -13 
vt 42.9375 -13.25 
vt 42.9375 -13 
vt 41.0625 -13.25 
vt 41.0625 -13 
vt 42.9375 -13 
vt 41.0625 -12.75 
vt 42.9375 -12.75 
vt 41.0625 -12.5 
vt 42.9375 -12.75 
vt 42.9375 -12.5 
vt 41.0625 -12.75 
vt 41.0625 -12.5 
vt 42.9375 -12.5 
vt 41.0625 -12.25 
vt 42.9375 -12.25 
vt 43.125 -12.0625 
vt 43.125 -13.9375 
vt 40.875 -12.0625 
vt 40.875 -13.9375 
vt 42.75 -12.0625 
vt 42 -12.0625 
vt 42.375 -12.0625 
vt 42 -12.0625 
vt 41.625 -12.0625 
vt 41.25 -12.0625 
vt 42.75 -13.9375 
vt 42.375 -13.9375 
vt 42 -13.9375 
vt 42 -13.9375 
vt 41.625 -13.9375 
vt 41.25 -13.9375 
vt 41.25 -13.9375 
vt 41.25 -12.0625 
vt 40.875 -12.0625 
vt 40.875 -13.9375 
vt 41.625 -13.9375 
vt 41.25 -12.0625 
vt 41.25 -13.9375 
vt 41.625 -12.0625 
vt 41.625 -12.0625 
vt 42 -13.9375 
vt 42 -12.0625 
vt 41.625 -13.9375 
vt 42.375 -13.9375 
vt 42.375 -12.0625 
vt 42 -12.0625 
vt 42 -13.9375 
vt 42.375 -12.0625 
vt 42.75 -13.9375 
vt 42.75 -12.0625 
vt 42.375 -13.9375 
vt 43.125 -13.9375 
vt 42.75 -12.0625 
vt 42.75 -13.9375 
vt 43.125 -12.0625 
vt 40.875 -12.5 
vt 40.875 -12.25 
vt 41.25 -12.25 
vt 40.875 -12.25 
vt 41.25 -12.5 
vt 40.875 -12.5 
vt 41.625 -12.5 
vt 41.625 -12.75 
vt 41.25 -12.75 
vt 41.625 -13 
vt 42 -13 
vt 42 -12.75 
vt 42.375 -13 
vt 42.375 -13.25 
vt 42 -13.25 
vt 42.375 -13.5 
vt 42.75 -13.5 
vt 42.75 -13.25 
vt 43.125 -13.75 
vt 43.125 -13.5 
vt 42.75 -13.75 

usemtl Union161Mtl

f 5164/5164/5164 5165/5165/5165 5166/5166/5166 
f 5164/5164/5164 5166/5166/5166 5167/5167/5167 
f 5176/5176/5176 5177/5177/5177 5178/5178/5178 
f 5177/5177/5177 5176/5176/5176 5179/5179/5179 
f 5180/5180/5180 5181/5181/5181 5182/5182/5182 
f 5182/5182/5182 5181/5181/5181 5183/5183/5183 
f 5184/5184/5184 5185/5185/5185 5186/5186/5186 
f 5185/5185/5185 5184/5184/5184 5187/5187/5187 
f 5188/5188/5188 5189/5189/5189 5190/5190/5190 
f 5189/5189/5189 5191/5191/5191 5190/5190/5190 
f 5192/5192/5192 5193/5193/5193 5194/5194/5194 
f 5193/5193/5193 5192/5192/5192 5195/5195/5195 
f 5212/5212/5212 5213/5213/5213 5214/5214/5214 
f 5215/5215/5215 5213/5213/5213 5212/5212/5212 
f 5216/5216/5216 5217/5217/5217 5218/5218/5218 
f 5217/5217/5217 5216/5216/5216 5219/5219/5219 
f 5220/5220/5220 5221/5221/5221 5222/5222/5222 
f 5222/5222/5222 5221/5221/5221 5223/5223/5223 
f 5224/5224/5224 5225/5225/5225 5226/5226/5226 
f 5226/5226/5226 5225/5225/5225 5227/5227/5227 
f 5228/5228/5228 5229/5229/5229 5230/5230/5230 
f 5230/5230/5230 5229/5229/5229 5231/5231/5231 
f 5232/5232/5232 5233/5233/5233 5234/5234/5234 
f 5233/5233/5233 5232/5232/5232 5235/5235/5235 
f 5238/5238/5238 5239/5239/5239 5240/5240/5240 
f 5240/5240/5240 5239/5239/5239 5241/5241/5241 
f 5241/5241/5241 5242/5242/5242 5243/5243/5243 
f 5244/5244/5244 5243/5243/5243 5242/5242/5242 
f 5244/5244/5244 5245/5245/5245 5246/5246/5246 
f 5247/5247/5247 5246/5246/5246 5245/5245/5245 
f 5247/5247/5247 5248/5248/5248 5249/5249/5249 
f 5250/5250/5250 5249/5249/5249 5248/5248/5248 
f 5250/5250/5250 5251/5251/5251 5252/5252/5252 
f 5252/5252/5252 5251/5251/5251 5253/5253/5253 
f 5253/5253/5253 5254/5254/5254 5255/5255/5255 
f 5255/5255/5255 5254/5254/5254 5256/5256/5256 
f 5257/5257/5257 5258/5258/5258 5259/5259/5259 
f 5260/5260/5260 5259/5259/5259 5258/5258/5258 
f 5271/5271/5271 5272/5272/5272 5273/5273/5273 
f 5274/5274/5274 5273/5273/5273 5272/5272/5272 
f 5275/5275/5275 5276/5276/5276 5277/5277/5277 
f 5276/5276/5276 5275/5275/5275 5278/5278/5278 
f 5279/5279/5279 5280/5280/5280 5281/5281/5281 
f 5281/5281/5281 5280/5280/5280 5282/5282/5282 
f 5283/5283/5283 5284/5284/5284 5285/5285/5285 
f 5284/5284/5284 5283/5283/5283 5286/5286/5286 
f 5287/5287/5287 5288/5288/5288 5289/5289/5289 
f 5290/5290/5290 5289/5289/5289 5288/5288/5288 
f 5307/5307/5307 5308/5308/5308 5309/5309/5309 
f 5307/5307/5307 5309/5309/5309 5310/5310/5310 
f 5311/5311/5311 5312/5312/5312 5313/5313/5313 
f 5311/5311/5311 5314/5314/5314 5312/5312/5312 
f 5315/5315/5315 5316/5316/5316 5317/5317/5317 
f 5318/5318/5318 5316/5316/5316 5315/5315/5315 
f 5319/5319/5319 5320/5320/5320 5321/5321/5321 
f 5319/5319/5319 5321/5321/5321 5322/5322/5322 
f 5323/5323/5323 5324/5324/5324 5325/5325/5325 
f 5324/5324/5324 5323/5323/5323 5326/5326/5326 
f 5327/5327/5327 5328/5328/5328 5329/5329/5329 
f 5327/5327/5327 5330/5330/5330 5328/5328/5328 
f 5333/5333/5333 5334/5334/5334 5335/5335/5335 
f 5334/5334/5334 5336/5336/5336 5335/5335/5335 
f 5337/5337/5337 5335/5335/5335 5338/5338/5338 
f 5339/5339/5339 5338/5338/5338 5335/5335/5335 
f 5340/5340/5340 5341/5341/5341 5338/5338/5338 
f 5342/5342/5342 5338/5338/5338 5341/5341/5341 
f 5343/5343/5343 5341/5341/5341 5344/5344/5344 
f 5345/5345/5345 5344/5344/5344 5341/5341/5341 
f 5344/5344/5344 5346/5346/5346 5347/5347/5347 
f 5348/5348/5348 5344/5344/5344 5347/5347/5347 
f 5347/5347/5347 5349/5349/5349 5350/5350/5350 
f 5351/5351/5351 5349/5349/5349 5347/5347/5347 

